[2025-05-23 15:03:54.064] [PSS] [info] ***********  Log Begin **********
[2025-05-23 15:03:54.064] [PSS] [info] process id= 3128
[2025-05-23 15:03:54.064] [PSS] [debug] [3128|19824]streaming_driver_interface_impl.cpp:19 StreamingDriverInterfaceImpl: callback= 0x2046af3e650, this= 0x203ae45b020
[2025-05-23 15:03:54.064] [PSS] [error] [3128|19824]streaming_driver_interface_impl.cpp:115 SetTrackingOrigin: streaming not started, this= 0x203ae45b020
[2025-05-23 15:03:54.064] [PSS] [info] [3128|19824]streaming_driver_interface_impl.cpp:24 ConnectToService: connect to service, client_id= cmsefUPuOGXl2DSX, this= 0x203ae45b020
[2025-05-23 15:03:54.064] [PSS] [info] [3128|19824]streaming_client_impl.cpp:25 ConnectToService: client_id= cmsefUPuOGXl2DSX, name= 3D Engine, desp= StreamingSceneRender, this= 0x2046a2aa330
[2025-05-23 15:03:54.064] [PSS] [debug] [3128|6036]streaming_client_impl.cpp:137 InvokeConnectToService: connect to service through the network, port= 54000, this= 0x2046a2aa330
[2025-05-23 15:03:54.064] [PSS] [debug] [3128|6036]transport_client_tcp3.cpp:34 Start: buffer size(send\recv): 2097152\2097152, this= 0x20477b694d0
[2025-05-23 15:03:54.064] [PSS] [info] [3128|6036]transport_client_tcp3.cpp:59 Start: server= 127.0.0.1:54000, local=0.0.0.0:0, this= 0x20477b694d0
[2025-05-23 15:03:54.065] [PSS] [info] [3128|28148]streaming_client_impl.cpp:62 NotifyConnectResult: network connect to service result= 0, this= 0x2046a2aa330
[2025-05-23 15:03:54.065] [PSS] [debug] [3128|28148]transport_client_tcp3.cpp:136 HandleConnect: local= 127.0.0.1:54817, this= 0x20477b694d0
[2025-05-23 15:03:54.065] [PSS] [debug] [3128|6036]streaming_client_impl.cpp:150 InvokeConnectToServiceByRpc: begin to connect to service by rpc, this= 0x2046a2aa330
[2025-05-23 15:03:54.065] [PSS] [info] [3128|6036]rpc.cpp:81 Start: start, request id begin from 7803, this= 0x203ad652030
[2025-05-23 15:03:54.065] [PSS] [debug] [3128|6036]streaming_client_impl.cpp:171 InvokeConnectToServiceByRpc: connecting to service success, client_id= cmsefUPuOGXl2DSX, this= 0x2046a2aa330
[2025-05-23 15:03:54.066] [PSS] [info] [3128|6036]streaming_client_impl.cpp:238 HandleConnectToServiceResp: connect response {result { description: "Success" } client_id: "cmsefUPuOGXl2DSX" service_id: "xre_ftIMnMuP" service_version: "2.2.1.9"}, this= 0x2046a2aa330
[2025-05-23 15:03:54.066] [PSS] [info] [3128|6036]streaming_driver_interface_impl.cpp:326 NotifyClientConnectResult: client connected, client_id= cmsefUPuOGXl2DSX, service_version= 2.2.1.9, this= 0x203ae45b020
[2025-05-23 15:03:54.066] [PSS] [info] [3128|6036]streaming_driver_interface_impl.cpp:382 HandleUpdateHMDStateEvent: update hmd state {state_type: kHMDDeviceStateConnected device_id: "PA9410MGJ9100941G" device_name: "PICO 4 Ultra Enterprise" connection_type: kConnectionUsb description: "Add Device"}, this= 0x203ae45b020
[2025-05-23 15:03:54.066] [PSS] [info] [3128|19824]streaming_driver_interface_impl.cpp:50 StartStreaming: start streaming, {width: 1920 height: 1920 frame_rate: 72}, this= 0x203ae45b020
[2025-05-23 15:03:54.066] [PSS] [info] [3128|6036]streaming_driver_interface_impl.cpp:50 StartStreaming: start streaming, {width: 1920 height: 1920 frame_rate: 72}, this= 0x203ae45b020
[2025-05-23 15:03:55.042] [PSS] [info] [3128|6036]streaming_driver_interface_impl.cpp:418 HandleUpdateStreamingStateEvent: update streaming state {session_id: "NaqCtqvu"}, this= 0x203ae45b020
[2025-05-23 15:03:55.042] [PSS] [error] [3128|6036]streaming_driver_interface_impl.cpp:429 HandleUpdateStreamingStateEvent: streaming has not been started, session_id= , this= 0x203ae45b020
[2025-05-23 15:03:55.903] [PSS] [info] [3128|6036]streaming_driver_interface_impl.cpp:418 HandleUpdateStreamingStateEvent: update streaming state {started_flag: true session_id: "O917JbLi"}, this= 0x203ae45b020
[2025-05-23 15:03:55.903] [PSS] [info] [3128|6036]streaming_driver_interface_impl.cpp:213 StartHandTracking: start hand tracking, this= 0x203ae45b020
[2025-05-23 15:03:55.927] [PSS] [info] [3128|24280]streaming_driver_interface_impl.cpp:87 SubmitViewFrames: submit view frames {view_texture_handles: 3221231170 view_texture_handles: 2147485058 pose { orientation { } position { } }}, this= 0x203ae45b020
[2025-05-23 15:03:55.941] [PSS] [info] [3128|24280]streaming_driver_interface_impl.cpp:87 SubmitViewFrames: submit view frames {view_texture_handles: 3221231170 view_texture_handles: 2147485058 pose { orientation { } position { } }}, this= 0x203ae45b020
[2025-05-23 15:03:55.955] [PSS] [info] [3128|24280]streaming_driver_interface_impl.cpp:87 SubmitViewFrames: submit view frames {view_texture_handles: 3221231170 view_texture_handles: 2147485058 pose { orientation { } position { } }}, this= 0x203ae45b020
[2025-05-23 15:03:55.967] [PSS] [info] [3128|24280]streaming_driver_interface_impl.cpp:87 SubmitViewFrames: submit view frames {view_texture_handles: 3221231170 view_texture_handles: 2147485058 pose { orientation { } position { } }}, this= 0x203ae45b020
[2025-05-23 15:03:55.978] [PSS] [info] [3128|24280]streaming_driver_interface_impl.cpp:87 SubmitViewFrames: submit view frames {view_texture_handles: 3221231170 view_texture_handles: 2147485058 pose { orientation { } position { } }}, this= 0x203ae45b020
[2025-05-23 15:03:55.998] [PSS] [info] [3128|24280]streaming_driver_interface_impl.cpp:87 SubmitViewFrames: submit view frames {view_texture_handles: 3221231170 view_texture_handles: 2147485058 pose { orientation { } position { } }}, this= 0x203ae45b020
[2025-05-23 15:03:56.009] [PSS] [info] [3128|24280]streaming_driver_interface_impl.cpp:87 SubmitViewFrames: submit view frames {view_texture_handles: 3221231170 view_texture_handles: 2147485058 pose { orientation { } position { } }}, this= 0x203ae45b020
[2025-05-23 15:03:56.019] [PSS] [info] [3128|24280]streaming_driver_interface_impl.cpp:87 SubmitViewFrames: submit view frames {view_texture_handles: 3221231170 view_texture_handles: 2147485058 pose { orientation { } position { } }}, this= 0x203ae45b020
[2025-05-23 15:03:56.035] [PSS] [info] [3128|24280]streaming_driver_interface_impl.cpp:87 SubmitViewFrames: submit view frames {view_texture_handles: 3221231170 view_texture_handles: 2147485058 pose { orientation { } position { } }}, this= 0x203ae45b020
[2025-05-23 15:03:56.049] [PSS] [info] [3128|24280]streaming_driver_interface_impl.cpp:87 SubmitViewFrames: submit view frames {view_texture_handles: 3221231170 view_texture_handles: 2147485058 pose { orientation { } position { } }}, this= 0x203ae45b020
[2025-05-23 15:03:56.077] [PSS] [info] [3128|24280]streaming_driver_interface_impl.cpp:87 SubmitViewFrames: submit view frames {view_texture_handles: 3221231170 view_texture_handles: 2147485058 pose { orientation { } position { } }}, this= 0x203ae45b020
[2025-05-23 15:03:56.083] [PSS] [info] [3128|24280]streaming_driver_interface_impl.cpp:87 SubmitViewFrames: submit view frames {view_texture_handles: 3221231170 view_texture_handles: 2147485058 pose { orientation { } position { } }}, this= 0x203ae45b020
[2025-05-23 15:03:56.100] [PSS] [info] [3128|24280]streaming_driver_interface_impl.cpp:87 SubmitViewFrames: submit view frames {view_texture_handles: 3221231170 view_texture_handles: 2147485058 pose { orientation { } position { } }}, this= 0x203ae45b020
[2025-05-23 15:03:56.113] [PSS] [info] [3128|24280]streaming_driver_interface_impl.cpp:87 SubmitViewFrames: submit view frames {view_texture_handles: 3221231170 view_texture_handles: 2147485058 pose { orientation { } position { } }}, this= 0x203ae45b020
[2025-05-23 15:03:56.126] [PSS] [info] [3128|24280]streaming_driver_interface_impl.cpp:87 SubmitViewFrames: submit view frames {view_texture_handles: 3221231170 view_texture_handles: 2147485058 pose { orientation { } position { } }}, this= 0x203ae45b020
[2025-05-23 15:03:56.140] [PSS] [info] [3128|24280]streaming_driver_interface_impl.cpp:87 SubmitViewFrames: submit view frames {view_texture_handles: 3221231170 view_texture_handles: 2147485058 pose { orientation { } position { } }}, this= 0x203ae45b020
[2025-05-23 15:03:56.155] [PSS] [info] [3128|24280]streaming_driver_interface_impl.cpp:87 SubmitViewFrames: submit view frames {view_texture_handles: 3221231170 view_texture_handles: 2147485058 pose { orientation { } position { } }}, this= 0x203ae45b020
[2025-05-23 15:03:56.167] [PSS] [info] [3128|24280]streaming_driver_interface_impl.cpp:87 SubmitViewFrames: submit view frames {view_texture_handles: 3221231170 view_texture_handles: 2147485058 pose { orientation { } position { } }}, this= 0x203ae45b020
[2025-05-23 15:03:56.179] [PSS] [info] [3128|24280]streaming_driver_interface_impl.cpp:87 SubmitViewFrames: submit view frames {view_texture_handles: 3221231170 view_texture_handles: 2147485058 pose { orientation { } position { } }}, this= 0x203ae45b020
[2025-05-23 15:03:56.193] [PSS] [info] [3128|24280]streaming_driver_interface_impl.cpp:87 SubmitViewFrames: submit view frames {view_texture_handles: 3221231170 view_texture_handles: 2147485058 pose { orientation { } position { } }}, this= 0x203ae45b020
[2025-05-23 15:03:56.225] [PSS] [info] [3128|24280]streaming_driver_interface_impl.cpp:87 SubmitViewFrames: submit view frames {view_texture_handles: 3221231170 view_texture_handles: 2147485058 pose { orientation { } position { } }}, this= 0x203ae45b020
[2025-05-23 15:03:56.229] [PSS] [info] [3128|24280]streaming_driver_interface_impl.cpp:87 SubmitViewFrames: submit view frames {view_texture_handles: 3221231170 view_texture_handles: 2147485058 pose { orientation { } position { } }}, this= 0x203ae45b020
[2025-05-23 15:03:56.242] [PSS] [info] [3128|24280]streaming_driver_interface_impl.cpp:87 SubmitViewFrames: submit view frames {view_texture_handles: 3221231170 view_texture_handles: 2147485058 pose { orientation { } position { } }}, this= 0x203ae45b020
[2025-05-23 15:03:56.254] [PSS] [info] [3128|24280]streaming_driver_interface_impl.cpp:87 SubmitViewFrames: submit view frames {view_texture_handles: 3221231170 view_texture_handles: 2147485058 pose { orientation { } position { } }}, this= 0x203ae45b020
[2025-05-23 15:03:56.269] [PSS] [info] [3128|24280]streaming_driver_interface_impl.cpp:87 SubmitViewFrames: submit view frames {view_texture_handles: 3221231170 view_texture_handles: 2147485058 pose { orientation { } position { } }}, this= 0x203ae45b020
[2025-05-23 15:03:56.282] [PSS] [info] [3128|24280]streaming_driver_interface_impl.cpp:87 SubmitViewFrames: submit view frames {view_texture_handles: 3221231170 view_texture_handles: 2147485058 pose { orientation { } position { } }}, this= 0x203ae45b020
[2025-05-23 15:03:56.298] [PSS] [info] [3128|24280]streaming_driver_interface_impl.cpp:87 SubmitViewFrames: submit view frames {view_texture_handles: 3221231170 view_texture_handles: 2147485058 pose { orientation { } position { } }}, this= 0x203ae45b020
[2025-05-23 15:03:56.310] [PSS] [info] [3128|24280]streaming_driver_interface_impl.cpp:87 SubmitViewFrames: submit view frames {view_texture_handles: 3221231170 view_texture_handles: 2147485058 pose { orientation { } position { } }}, this= 0x203ae45b020
[2025-05-23 15:03:56.325] [PSS] [info] [3128|24280]streaming_driver_interface_impl.cpp:87 SubmitViewFrames: submit view frames {view_texture_handles: 3221231170 view_texture_handles: 2147485058 pose { orientation { } position { } }}, this= 0x203ae45b020
[2025-05-23 15:03:56.338] [PSS] [info] [3128|24280]streaming_driver_interface_impl.cpp:87 SubmitViewFrames: submit view frames {view_texture_handles: 3221231170 view_texture_handles: 2147485058 pose { orientation { } position { } }}, this= 0x203ae45b020
[2025-05-23 15:03:56.358] [PSS] [info] [3128|24280]streaming_driver_interface_impl.cpp:87 SubmitViewFrames: submit view frames {view_texture_handles: 3221231170 view_texture_handles: 2147485058 pose { orientation { } position { } }}, this= 0x203ae45b020
[2025-05-23 15:03:56.366] [PSS] [info] [3128|24280]streaming_driver_interface_impl.cpp:87 SubmitViewFrames: submit view frames {view_texture_handles: 3221231170 view_texture_handles: 2147485058 pose { orientation { } position { } }}, this= 0x203ae45b020
[2025-05-23 15:03:56.390] [PSS] [info] [3128|24280]streaming_driver_interface_impl.cpp:87 SubmitViewFrames: submit view frames {view_texture_handles: 3221231170 view_texture_handles: 2147485058 pose { orientation { } position { } }}, this= 0x203ae45b020
[2025-05-23 15:03:56.406] [PSS] [info] [3128|24280]streaming_driver_interface_impl.cpp:87 SubmitViewFrames: submit view frames {view_texture_handles: 3221231170 view_texture_handles: 2147485058 pose { orientation { } position { } }}, this= 0x203ae45b020
[2025-05-23 15:03:56.419] [PSS] [info] [3128|24280]streaming_driver_interface_impl.cpp:87 SubmitViewFrames: submit view frames {view_texture_handles: 3221231170 view_texture_handles: 2147485058 pose { orientation { } position { } }}, this= 0x203ae45b020
[2025-05-23 15:03:56.433] [PSS] [info] [3128|24280]streaming_driver_interface_impl.cpp:87 SubmitViewFrames: submit view frames {view_texture_handles: 3221231170 view_texture_handles: 2147485058 pose { orientation { } position { } }}, this= 0x203ae45b020
[2025-05-23 15:03:56.446] [PSS] [info] [3128|24280]streaming_driver_interface_impl.cpp:87 SubmitViewFrames: submit view frames {view_texture_handles: 3221231170 view_texture_handles: 2147485058 pose { orientation { } position { } }}, this= 0x203ae45b020
[2025-05-23 15:03:56.459] [PSS] [info] [3128|24280]streaming_driver_interface_impl.cpp:87 SubmitViewFrames: submit view frames {view_texture_handles: 3221231170 view_texture_handles: 2147485058 pose { orientation { } position { } }}, this= 0x203ae45b020
[2025-05-23 15:03:56.473] [PSS] [info] [3128|24280]streaming_driver_interface_impl.cpp:87 SubmitViewFrames: submit view frames {view_texture_handles: 3221231170 view_texture_handles: 2147485058 pose { orientation { } position { } }}, this= 0x203ae45b020
[2025-05-23 15:03:56.487] [PSS] [info] [3128|24280]streaming_driver_interface_impl.cpp:87 SubmitViewFrames: submit view frames {view_texture_handles: 3221231170 view_texture_handles: 2147485058 pose { orientation { } position { } }}, this= 0x203ae45b020
[2025-05-23 15:03:56.501] [PSS] [info] [3128|24280]streaming_driver_interface_impl.cpp:87 SubmitViewFrames: submit view frames {view_texture_handles: 3221231170 view_texture_handles: 2147485058 pose { orientation { } position { } }}, this= 0x203ae45b020
[2025-05-23 15:03:56.515] [PSS] [info] [3128|24280]streaming_driver_interface_impl.cpp:87 SubmitViewFrames: submit view frames {view_texture_handles: 3221231170 view_texture_handles: 2147485058 pose { orientation { } position { } }}, this= 0x203ae45b020
[2025-05-23 15:03:56.530] [PSS] [info] [3128|24280]streaming_driver_interface_impl.cpp:87 SubmitViewFrames: submit view frames {view_texture_handles: 3221231170 view_texture_handles: 2147485058 pose { orientation { } position { } }}, this= 0x203ae45b020
[2025-05-23 15:03:56.544] [PSS] [info] [3128|24280]streaming_driver_interface_impl.cpp:87 SubmitViewFrames: submit view frames {view_texture_handles: 3221231170 view_texture_handles: 2147485058 pose { orientation { } position { } }}, this= 0x203ae45b020
[2025-05-23 15:03:56.557] [PSS] [info] [3128|24280]streaming_driver_interface_impl.cpp:87 SubmitViewFrames: submit view frames {view_texture_handles: 3221231170 view_texture_handles: 2147485058 pose { orientation { } position { } }}, this= 0x203ae45b020
[2025-05-23 15:03:56.570] [PSS] [info] [3128|24280]streaming_driver_interface_impl.cpp:87 SubmitViewFrames: submit view frames {view_texture_handles: 3221231170 view_texture_handles: 2147485058 pose { orientation { } position { } }}, this= 0x203ae45b020
[2025-05-23 15:03:56.584] [PSS] [info] [3128|24280]streaming_driver_interface_impl.cpp:87 SubmitViewFrames: submit view frames {view_texture_handles: 3221231170 view_texture_handles: 2147485058 pose { orientation { } position { } }}, this= 0x203ae45b020
[2025-05-23 15:03:56.600] [PSS] [info] [3128|24280]streaming_driver_interface_impl.cpp:87 SubmitViewFrames: submit view frames {view_texture_handles: 3221231170 view_texture_handles: 2147485058 pose { orientation { } position { } }}, this= 0x203ae45b020
[2025-05-23 15:03:56.612] [PSS] [info] [3128|24280]streaming_driver_interface_impl.cpp:87 SubmitViewFrames: submit view frames {view_texture_handles: 3221231170 view_texture_handles: 2147485058 pose { orientation { } position { } }}, this= 0x203ae45b020
[2025-05-23 15:03:56.627] [PSS] [info] [3128|24280]streaming_driver_interface_impl.cpp:87 SubmitViewFrames: submit view frames {view_texture_handles: 3221231170 view_texture_handles: 2147485058 pose { orientation { } position { } }}, this= 0x203ae45b020
[2025-05-23 15:03:56.641] [PSS] [info] [3128|24280]streaming_driver_interface_impl.cpp:87 SubmitViewFrames: submit view frames {view_texture_handles: 3221231170 view_texture_handles: 2147485058 pose { orientation { } position { } }}, this= 0x203ae45b020
[2025-05-23 15:03:56.656] [PSS] [info] [3128|24280]streaming_driver_interface_impl.cpp:87 SubmitViewFrames: submit view frames {view_texture_handles: 3221231170 view_texture_handles: 2147485058 pose { orientation { } position { } }}, this= 0x203ae45b020
[2025-05-23 15:03:56.667] [PSS] [info] [3128|24280]streaming_driver_interface_impl.cpp:87 SubmitViewFrames: submit view frames {view_texture_handles: 3221231170 view_texture_handles: 2147485058 pose { orientation { } position { } }}, this= 0x203ae45b020
[2025-05-23 15:03:56.686] [PSS] [info] [3128|24280]streaming_driver_interface_impl.cpp:87 SubmitViewFrames: submit view frames {view_texture_handles: 3221231170 view_texture_handles: 2147485058 pose { orientation { } position { } }}, this= 0x203ae45b020
[2025-05-23 15:03:56.702] [PSS] [info] [3128|24280]streaming_driver_interface_impl.cpp:87 SubmitViewFrames: submit view frames {view_texture_handles: 3221231170 view_texture_handles: 2147485058 pose { orientation { } position { } }}, this= 0x203ae45b020
[2025-05-23 15:03:56.714] [PSS] [info] [3128|24280]streaming_driver_interface_impl.cpp:87 SubmitViewFrames: submit view frames {view_texture_handles: 3221231170 view_texture_handles: 2147485058 pose { orientation { } position { } }}, this= 0x203ae45b020
[2025-05-23 15:03:56.731] [PSS] [info] [3128|24280]streaming_driver_interface_impl.cpp:87 SubmitViewFrames: submit view frames {view_texture_handles: 3221231170 view_texture_handles: 2147485058 pose { orientation { } position { } }}, this= 0x203ae45b020
[2025-05-23 15:03:56.743] [PSS] [info] [3128|24280]streaming_driver_interface_impl.cpp:87 SubmitViewFrames: submit view frames {view_texture_handles: 3221231170 view_texture_handles: 2147485058 pose { orientation { } position { } }}, this= 0x203ae45b020
[2025-05-23 15:03:56.754] [PSS] [info] [3128|24280]streaming_driver_interface_impl.cpp:87 SubmitViewFrames: submit view frames {view_texture_handles: 3221231170 view_texture_handles: 2147485058 pose { orientation { } position { } }}, this= 0x203ae45b020
[2025-05-23 15:03:56.769] [PSS] [info] [3128|24280]streaming_driver_interface_impl.cpp:87 SubmitViewFrames: submit view frames {view_texture_handles: 3221231170 view_texture_handles: 2147485058 pose { orientation { } position { } }}, this= 0x203ae45b020
[2025-05-23 15:03:56.783] [PSS] [info] [3128|24280]streaming_driver_interface_impl.cpp:87 SubmitViewFrames: submit view frames {view_texture_handles: 3221231170 view_texture_handles: 2147485058 pose { orientation { } position { } }}, this= 0x203ae45b020
[2025-05-23 15:03:56.797] [PSS] [info] [3128|24280]streaming_driver_interface_impl.cpp:87 SubmitViewFrames: submit view frames {view_texture_handles: 3221231170 view_texture_handles: 2147485058 pose { orientation { } position { } }}, this= 0x203ae45b020
[2025-05-23 15:03:56.812] [PSS] [info] [3128|24280]streaming_driver_interface_impl.cpp:87 SubmitViewFrames: submit view frames {view_texture_handles: 3221231170 view_texture_handles: 2147485058 pose { orientation { } position { } }}, this= 0x203ae45b020
[2025-05-23 15:03:56.834] [PSS] [info] [3128|24280]streaming_driver_interface_impl.cpp:87 SubmitViewFrames: submit view frames {view_texture_handles: 3221231170 view_texture_handles: 2147485058 pose { orientation { } position { } }}, this= 0x203ae45b020
[2025-05-23 15:03:56.838] [PSS] [info] [3128|24280]streaming_driver_interface_impl.cpp:87 SubmitViewFrames: submit view frames {view_texture_handles: 3221231170 view_texture_handles: 2147485058 pose { orientation { } position { } }}, this= 0x203ae45b020
[2025-05-23 15:03:56.853] [PSS] [info] [3128|24280]streaming_driver_interface_impl.cpp:87 SubmitViewFrames: submit view frames {view_texture_handles: 3221231170 view_texture_handles: 2147485058 pose { orientation { } position { } }}, this= 0x203ae45b020
[2025-05-23 15:03:56.868] [PSS] [info] [3128|24280]streaming_driver_interface_impl.cpp:87 SubmitViewFrames: submit view frames {view_texture_handles: 3221231170 view_texture_handles: 2147485058 pose { orientation { } position { } }}, this= 0x203ae45b020
[2025-05-23 15:03:56.879] [PSS] [info] [3128|24280]streaming_driver_interface_impl.cpp:87 SubmitViewFrames: submit view frames {view_texture_handles: 3221231170 view_texture_handles: 2147485058 pose { orientation { } position { } }}, this= 0x203ae45b020
[2025-05-23 15:03:56.894] [PSS] [info] [3128|24280]streaming_driver_interface_impl.cpp:87 SubmitViewFrames: submit view frames {view_texture_handles: 3221231170 view_texture_handles: 2147485058 pose { orientation { } position { } }}, this= 0x203ae45b020
[2025-05-23 15:03:56.908] [PSS] [info] [3128|24280]streaming_driver_interface_impl.cpp:87 SubmitViewFrames: submit view frames {view_texture_handles: 3221231170 view_texture_handles: 2147485058 pose { orientation { } position { } }}, this= 0x203ae45b020
[2025-05-23 15:03:56.922] [PSS] [info] [3128|24280]streaming_driver_interface_impl.cpp:87 SubmitViewFrames: submit view frames {view_texture_handles: 3221231170 view_texture_handles: 2147485058 pose { orientation { } position { } }}, this= 0x203ae45b020
[2025-05-23 15:03:56.936] [PSS] [info] [3128|24280]streaming_driver_interface_impl.cpp:87 SubmitViewFrames: submit view frames {view_texture_handles: 3221231170 view_texture_handles: 2147485058 pose { orientation { } position { } }}, this= 0x203ae45b020
[2025-05-23 15:03:56.950] [PSS] [info] [3128|24280]streaming_driver_interface_impl.cpp:87 SubmitViewFrames: submit view frames {view_texture_handles: 3221231170 view_texture_handles: 2147485058 pose { orientation { } position { } }}, this= 0x203ae45b020
[2025-05-23 15:03:56.964] [PSS] [info] [3128|24280]streaming_driver_interface_impl.cpp:87 SubmitViewFrames: submit view frames {view_texture_handles: 3221231170 view_texture_handles: 2147485058 pose { orientation { } position { } }}, this= 0x203ae45b020
[2025-05-23 15:03:56.985] [PSS] [info] [3128|24280]streaming_driver_interface_impl.cpp:87 SubmitViewFrames: submit view frames {view_texture_handles: 3221231170 view_texture_handles: 2147485058 pose { orientation { } position { } }}, this= 0x203ae45b020
[2025-05-23 15:03:56.991] [PSS] [info] [3128|24280]streaming_driver_interface_impl.cpp:87 SubmitViewFrames: submit view frames {view_texture_handles: 3221231170 view_texture_handles: 2147485058 pose { orientation { } position { } }}, this= 0x203ae45b020
[2025-05-23 15:03:57.008] [PSS] [info] [3128|24280]streaming_driver_interface_impl.cpp:87 SubmitViewFrames: submit view frames {view_texture_handles: 3221231170 view_texture_handles: 2147485058 pose { orientation { } position { } }}, this= 0x203ae45b020
[2025-05-23 15:03:57.022] [PSS] [info] [3128|24280]streaming_driver_interface_impl.cpp:87 SubmitViewFrames: submit view frames {view_texture_handles: 3221231170 view_texture_handles: 2147485058 pose { orientation { } position { } }}, this= 0x203ae45b020
[2025-05-23 15:03:57.034] [PSS] [info] [3128|24280]streaming_driver_interface_impl.cpp:87 SubmitViewFrames: submit view frames {view_texture_handles: 3221231170 view_texture_handles: 2147485058 pose { orientation { } position { } }}, this= 0x203ae45b020
[2025-05-23 15:03:57.047] [PSS] [info] [3128|24280]streaming_driver_interface_impl.cpp:87 SubmitViewFrames: submit view frames {view_texture_handles: 3221231170 view_texture_handles: 2147485058 pose { orientation { } position { } }}, this= 0x203ae45b020
[2025-05-23 15:03:57.061] [PSS] [info] [3128|24280]streaming_driver_interface_impl.cpp:87 SubmitViewFrames: submit view frames {view_texture_handles: 3221231170 view_texture_handles: 2147485058 pose { orientation { } position { } }}, this= 0x203ae45b020
[2025-05-23 15:03:57.076] [PSS] [info] [3128|24280]streaming_driver_interface_impl.cpp:87 SubmitViewFrames: submit view frames {view_texture_handles: 3221231170 view_texture_handles: 2147485058 pose { orientation { } position { } }}, this= 0x203ae45b020
[2025-05-23 15:03:57.090] [PSS] [info] [3128|24280]streaming_driver_interface_impl.cpp:87 SubmitViewFrames: submit view frames {view_texture_handles: 3221231170 view_texture_handles: 2147485058 pose { orientation { } position { } }}, this= 0x203ae45b020
[2025-05-23 15:03:57.103] [PSS] [info] [3128|24280]streaming_driver_interface_impl.cpp:87 SubmitViewFrames: submit view frames {view_texture_handles: 3221231170 view_texture_handles: 2147485058 pose { orientation { } position { } }}, this= 0x203ae45b020
[2025-05-23 15:03:57.117] [PSS] [info] [3128|24280]streaming_driver_interface_impl.cpp:87 SubmitViewFrames: submit view frames {view_texture_handles: 3221231170 view_texture_handles: 2147485058 pose { orientation { } position { } }}, this= 0x203ae45b020
[2025-05-23 15:03:57.136] [PSS] [info] [3128|24280]streaming_driver_interface_impl.cpp:87 SubmitViewFrames: submit view frames {view_texture_handles: 3221231170 view_texture_handles: 2147485058 pose { orientation { } position { } }}, this= 0x203ae45b020
[2025-05-23 15:03:57.145] [PSS] [info] [3128|24280]streaming_driver_interface_impl.cpp:87 SubmitViewFrames: submit view frames {view_texture_handles: 3221231170 view_texture_handles: 2147485058 pose { orientation { } position { } }}, this= 0x203ae45b020
[2025-05-23 15:03:57.161] [PSS] [info] [3128|24280]streaming_driver_interface_impl.cpp:87 SubmitViewFrames: submit view frames {view_texture_handles: 3221231170 view_texture_handles: 2147485058 pose { orientation { } position { } }}, this= 0x203ae45b020
[2025-05-23 15:03:57.174] [PSS] [info] [3128|24280]streaming_driver_interface_impl.cpp:87 SubmitViewFrames: submit view frames {view_texture_handles: 3221231170 view_texture_handles: 2147485058 pose { orientation { } position { } }}, this= 0x203ae45b020
[2025-05-23 15:03:57.188] [PSS] [info] [3128|24280]streaming_driver_interface_impl.cpp:87 SubmitViewFrames: submit view frames {view_texture_handles: 3221231170 view_texture_handles: 2147485058 pose { orientation { } position { } }}, this= 0x203ae45b020
[2025-05-23 15:03:57.201] [PSS] [info] [3128|24280]streaming_driver_interface_impl.cpp:87 SubmitViewFrames: submit view frames {view_texture_handles: 3221231170 view_texture_handles: 2147485058 pose { orientation { } position { } }}, this= 0x203ae45b020
[2025-05-23 15:03:57.215] [PSS] [info] [3128|24280]streaming_driver_interface_impl.cpp:87 SubmitViewFrames: submit view frames {view_texture_handles: 3221231170 view_texture_handles: 2147485058 pose { orientation { } position { } }}, this= 0x203ae45b020
[2025-05-23 15:03:57.229] [PSS] [info] [3128|24280]streaming_driver_interface_impl.cpp:87 SubmitViewFrames: submit view frames {view_texture_handles: 3221231170 view_texture_handles: 2147485058 pose { orientation { } position { } }}, this= 0x203ae45b020
[2025-05-23 15:03:57.242] [PSS] [info] [3128|24280]streaming_driver_interface_impl.cpp:87 SubmitViewFrames: submit view frames {view_texture_handles: 3221231170 view_texture_handles: 2147485058 pose { orientation { } position { } }}, this= 0x203ae45b020
[2025-05-23 15:03:57.256] [PSS] [info] [3128|24280]streaming_driver_interface_impl.cpp:87 SubmitViewFrames: submit view frames {view_texture_handles: 3221231170 view_texture_handles: 2147485058 pose { orientation { } position { } }}, this= 0x203ae45b020
[2025-05-23 15:03:57.272] [PSS] [info] [3128|24280]streaming_driver_interface_impl.cpp:87 SubmitViewFrames: submit view frames {view_texture_handles: 3221231170 view_texture_handles: 2147485058 pose { orientation { } position { } }}, this= 0x203ae45b020
[2025-05-23 15:03:57.287] [PSS] [info] [3128|24280]streaming_driver_interface_impl.cpp:87 SubmitViewFrames: submit view frames {view_texture_handles: 3221231170 view_texture_handles: 2147485058 pose { orientation { } position { } }}, this= 0x203ae45b020
[2025-05-23 15:03:57.300] [PSS] [info] [3128|24280]streaming_driver_interface_impl.cpp:87 SubmitViewFrames: submit view frames {view_texture_handles: 3221231170 view_texture_handles: 2147485058 pose { orientation { } position { } }}, this= 0x203ae45b020
[2025-05-23 15:03:57.314] [PSS] [info] [3128|24280]streaming_driver_interface_impl.cpp:87 SubmitViewFrames: submit view frames {view_texture_handles: 3221231170 view_texture_handles: 2147485058 pose { orientation { } position { } }}, this= 0x203ae45b020
[2025-05-23 15:03:57.328] [PSS] [info] [3128|24280]streaming_driver_interface_impl.cpp:87 SubmitViewFrames: submit view frames {view_texture_handles: 3221231170 view_texture_handles: 2147485058 pose { orientation { } position { } }}, this= 0x203ae45b020
[2025-05-23 15:03:57.342] [PSS] [info] [3128|24280]streaming_driver_interface_impl.cpp:87 SubmitViewFrames: submit view frames {view_texture_handles: 3221231170 view_texture_handles: 2147485058 pose { orientation { } position { } }}, this= 0x203ae45b020
[2025-05-23 15:03:57.356] [PSS] [info] [3128|24280]streaming_driver_interface_impl.cpp:87 SubmitViewFrames: submit view frames {view_texture_handles: 3221231170 view_texture_handles: 2147485058 pose { orientation { } position { } }}, this= 0x203ae45b020
[2025-05-23 15:03:57.369] [PSS] [info] [3128|24280]streaming_driver_interface_impl.cpp:87 SubmitViewFrames: submit view frames {view_texture_handles: 3221231170 view_texture_handles: 2147485058 pose { orientation { } position { } }}, this= 0x203ae45b020
[2025-05-23 15:03:57.383] [PSS] [info] [3128|24280]streaming_driver_interface_impl.cpp:87 SubmitViewFrames: submit view frames {view_texture_handles: 3221231170 view_texture_handles: 2147485058 pose { orientation { } position { } }}, this= 0x203ae45b020
[2025-05-23 15:03:57.396] [PSS] [info] [3128|24280]streaming_driver_interface_impl.cpp:87 SubmitViewFrames: submit view frames {view_texture_handles: 3221231170 view_texture_handles: 2147485058 pose { orientation { } position { } }}, this= 0x203ae45b020
[2025-05-23 15:03:57.410] [PSS] [info] [3128|24280]streaming_driver_interface_impl.cpp:87 SubmitViewFrames: submit view frames {view_texture_handles: 3221231170 view_texture_handles: 2147485058 pose { orientation { } position { } }}, this= 0x203ae45b020
[2025-05-23 15:03:57.438] [PSS] [info] [3128|24280]streaming_driver_interface_impl.cpp:87 SubmitViewFrames: submit view frames {view_texture_handles: 3221231170 view_texture_handles: 2147485058 pose { orientation { } position { } }}, this= 0x203ae45b020
[2025-05-23 15:03:57.441] [PSS] [info] [3128|24280]streaming_driver_interface_impl.cpp:87 SubmitViewFrames: submit view frames {view_texture_handles: 3221231170 view_texture_handles: 2147485058 pose { orientation { } position { } }}, this= 0x203ae45b020
[2025-05-23 15:03:57.453] [PSS] [info] [3128|24280]streaming_driver_interface_impl.cpp:87 SubmitViewFrames: submit view frames {view_texture_handles: 3221231170 view_texture_handles: 2147485058 pose { orientation { } position { } }}, this= 0x203ae45b020
[2025-05-23 15:03:57.466] [PSS] [info] [3128|24280]streaming_driver_interface_impl.cpp:87 SubmitViewFrames: submit view frames {view_texture_handles: 3221231170 view_texture_handles: 2147485058 pose { orientation { } position { } }}, this= 0x203ae45b020
[2025-05-23 15:03:57.481] [PSS] [info] [3128|24280]streaming_driver_interface_impl.cpp:87 SubmitViewFrames: submit view frames {view_texture_handles: 3221231170 view_texture_handles: 2147485058 pose { orientation { } position { } }}, this= 0x203ae45b020
[2025-05-23 15:03:57.495] [PSS] [info] [3128|24280]streaming_driver_interface_impl.cpp:87 SubmitViewFrames: submit view frames {view_texture_handles: 3221231170 view_texture_handles: 2147485058 pose { orientation { } position { } }}, this= 0x203ae45b020
[2025-05-23 15:03:57.508] [PSS] [info] [3128|24280]streaming_driver_interface_impl.cpp:87 SubmitViewFrames: submit view frames {view_texture_handles: 3221231170 view_texture_handles: 2147485058 pose { orientation { } position { } }}, this= 0x203ae45b020
[2025-05-23 15:03:57.522] [PSS] [info] [3128|24280]streaming_driver_interface_impl.cpp:87 SubmitViewFrames: submit view frames {view_texture_handles: 3221231170 view_texture_handles: 2147485058 pose { orientation { } position { } }}, this= 0x203ae45b020
[2025-05-23 15:03:57.536] [PSS] [info] [3128|24280]streaming_driver_interface_impl.cpp:87 SubmitViewFrames: submit view frames {view_texture_handles: 3221231170 view_texture_handles: 2147485058 pose { orientation { } position { } }}, this= 0x203ae45b020
[2025-05-23 15:03:57.550] [PSS] [info] [3128|24280]streaming_driver_interface_impl.cpp:87 SubmitViewFrames: submit view frames {view_texture_handles: 3221231170 view_texture_handles: 2147485058 pose { orientation { } position { } }}, this= 0x203ae45b020
[2025-05-23 15:03:57.564] [PSS] [info] [3128|24280]streaming_driver_interface_impl.cpp:87 SubmitViewFrames: submit view frames {view_texture_handles: 3221231170 view_texture_handles: 2147485058 pose { orientation { } position { } }}, this= 0x203ae45b020
[2025-05-23 15:03:57.589] [PSS] [info] [3128|24280]streaming_driver_interface_impl.cpp:87 SubmitViewFrames: submit view frames {view_texture_handles: 3221231170 view_texture_handles: 2147485058 pose { orientation { } position { } }}, this= 0x203ae45b020
[2025-05-23 15:03:57.593] [PSS] [info] [3128|24280]streaming_driver_interface_impl.cpp:87 SubmitViewFrames: submit view frames {view_texture_handles: 3221231170 view_texture_handles: 2147485058 pose { orientation { } position { } }}, this= 0x203ae45b020
[2025-05-23 15:03:57.607] [PSS] [info] [3128|24280]streaming_driver_interface_impl.cpp:87 SubmitViewFrames: submit view frames {view_texture_handles: 3221231170 view_texture_handles: 2147485058 pose { orientation { } position { } }}, this= 0x203ae45b020
[2025-05-23 15:03:57.620] [PSS] [info] [3128|24280]streaming_driver_interface_impl.cpp:87 SubmitViewFrames: submit view frames {view_texture_handles: 3221231170 view_texture_handles: 2147485058 pose { orientation { } position { } }}, this= 0x203ae45b020
[2025-05-23 15:03:57.634] [PSS] [info] [3128|24280]streaming_driver_interface_impl.cpp:87 SubmitViewFrames: submit view frames {view_texture_handles: 3221231170 view_texture_handles: 2147485058 pose { orientation { } position { } }}, this= 0x203ae45b020
[2025-05-23 15:03:57.648] [PSS] [info] [3128|24280]streaming_driver_interface_impl.cpp:87 SubmitViewFrames: submit view frames {view_texture_handles: 3221231170 view_texture_handles: 2147485058 pose { orientation { } position { } }}, this= 0x203ae45b020
[2025-05-23 15:03:57.661] [PSS] [info] [3128|24280]streaming_driver_interface_impl.cpp:87 SubmitViewFrames: submit view frames {view_texture_handles: 3221231170 view_texture_handles: 2147485058 pose { orientation { } position { } }}, this= 0x203ae45b020
[2025-05-23 15:03:57.669] [PSS] [info] [3128|6036]streaming_driver_interface_impl.cpp:418 HandleUpdateStreamingStateEvent: update streaming state {}, this= 0x203ae45b020
[2025-05-23 15:03:57.839] [PSS] [info] [3128|6036]streaming_driver_interface_impl.cpp:382 HandleUpdateHMDStateEvent: update hmd state {state_type: kHMDDeviceStateDisconnected device_id: "PA9410MGJ9100941G" device_name: "PICO 4 Ultra Enterprise" connection_type: kConnectionUsb description: "Remove Device"}, this= 0x203ae45b020
[2025-05-23 15:03:57.839] [PSS] [error] [3128|6036]streaming_driver_interface_impl.cpp:396 HandleUpdateHMDStateEvent: check device_id failed, this= 0x203ae45b020
[2025-05-23 15:03:59.101] [PSS] [info] [3128|6036]streaming_driver_interface_impl.cpp:382 HandleUpdateHMDStateEvent: update hmd state {state_type: kHMDDeviceStateConnected device_id: "PA9410MGJ9100941G" device_name: "PICO 4 Ultra Enterprise" connection_type: kConnectionUsb description: "Add Device"}, this= 0x203ae45b020
[2025-05-23 15:03:59.101] [PSS] [info] [3128|6036]streaming_driver_interface_impl.cpp:50 StartStreaming: start streaming, {width: 1920 height: 1920 frame_rate: 72}, this= 0x203ae45b020
[2025-05-23 15:03:59.948] [PSS] [info] [3128|6036]streaming_driver_interface_impl.cpp:418 HandleUpdateStreamingStateEvent: update streaming state {started_flag: true session_id: "spASVHPA"}, this= 0x203ae45b020
[2025-05-23 15:03:59.948] [PSS] [info] [3128|6036]streaming_driver_interface_impl.cpp:213 StartHandTracking: start hand tracking, this= 0x203ae45b020
[2025-05-23 15:03:59.953] [PSS] [info] [3128|24280]streaming_driver_interface_impl.cpp:87 SubmitViewFrames: submit view frames {view_texture_handles: 3221231170 view_texture_handles: 2147485058 pose { orientation { } position { } }}, this= 0x203ae45b020
[2025-05-23 15:03:59.970] [PSS] [info] [3128|24280]streaming_driver_interface_impl.cpp:87 SubmitViewFrames: submit view frames {view_texture_handles: 3221231170 view_texture_handles: 2147485058 pose { orientation { } position { } }}, this= 0x203ae45b020
[2025-05-23 15:03:59.981] [PSS] [info] [3128|24280]streaming_driver_interface_impl.cpp:87 SubmitViewFrames: submit view frames {view_texture_handles: 3221231170 view_texture_handles: 2147485058 pose { orientation { } position { } }}, this= 0x203ae45b020
[2025-05-23 15:03:59.990] [PSS] [info] [3128|24280]streaming_driver_interface_impl.cpp:87 SubmitViewFrames: submit view frames {view_texture_handles: 3221231170 view_texture_handles: 2147485058 pose { orientation { } position { } }}, this= 0x203ae45b020
[2025-05-23 15:04:00.007] [PSS] [info] [3128|24280]streaming_driver_interface_impl.cpp:87 SubmitViewFrames: submit view frames {view_texture_handles: 3221231170 view_texture_handles: 2147485058 pose { orientation { } position { } }}, this= 0x203ae45b020
[2025-05-23 15:04:00.035] [PSS] [info] [3128|24280]streaming_driver_interface_impl.cpp:87 SubmitViewFrames: submit view frames {view_texture_handles: 3221231170 view_texture_handles: 2147485058 pose { orientation { } position { } }}, this= 0x203ae45b020
[2025-05-23 15:04:00.040] [PSS] [info] [3128|24280]streaming_driver_interface_impl.cpp:87 SubmitViewFrames: submit view frames {view_texture_handles: 3221231170 view_texture_handles: 2147485058 pose { orientation { } position { } }}, this= 0x203ae45b020
[2025-05-23 15:04:00.053] [PSS] [info] [3128|24280]streaming_driver_interface_impl.cpp:87 SubmitViewFrames: submit view frames {view_texture_handles: 3221231170 view_texture_handles: 2147485058 pose { orientation { } position { } }}, this= 0x203ae45b020
[2025-05-23 15:04:00.070] [PSS] [info] [3128|24280]streaming_driver_interface_impl.cpp:87 SubmitViewFrames: submit view frames {view_texture_handles: 3221231170 view_texture_handles: 2147485058 pose { orientation { } position { } }}, this= 0x203ae45b020
[2025-05-23 15:04:00.082] [PSS] [info] [3128|24280]streaming_driver_interface_impl.cpp:87 SubmitViewFrames: submit view frames {view_texture_handles: 3221231170 view_texture_handles: 2147485058 pose { orientation { } position { } }}, this= 0x203ae45b020
[2025-05-23 15:04:00.097] [PSS] [info] [3128|24280]streaming_driver_interface_impl.cpp:87 SubmitViewFrames: submit view frames {view_texture_handles: 3221231170 view_texture_handles: 2147485058 pose { orientation { } position { } }}, this= 0x203ae45b020
[2025-05-23 15:04:00.105] [PSS] [debug] [3128|6036]streaming_driver_interface_impl.cpp:444 HandleIpdChangedEvent: ipd changed {ipd: 0.06572}, this= 0x203ae45b020
[2025-05-23 15:04:00.106] [PSS] [debug] [3128|6036]streaming_driver_interface_impl.cpp:456 HandleFovChangedEvent: fov changed {fov_infos { eye_side: kSideLeft left: -0.907541096 right: 0.907541096 up: 0.907541096 down: -0.907541096 } fov_infos { eye_side: kSideRight left: -0.907541096 right: 0.907541096 up: 0.907541096 down: -0.907541096 }}, this= 0x203ae45b020
[2025-05-23 15:04:00.110] [PSS] [info] [3128|24280]streaming_driver_interface_impl.cpp:87 SubmitViewFrames: submit view frames {view_texture_handles: 3221231170 view_texture_handles: 2147485058 pose { orientation { x: -0.0252197403 y: 0.678044736 z: 0.171317115 w: 0.714331686 } position { x: 0.115185328 y: 2.04500461 z: 0.0116777625 } }}, this= 0x203ae45b020
[2025-05-23 15:04:00.124] [PSS] [info] [3128|24280]streaming_driver_interface_impl.cpp:87 SubmitViewFrames: submit view frames {view_texture_handles: 3221231170 view_texture_handles: 2147485058 pose { orientation { x: -0.0180125963 y: 0.674605846 z: 0.173586 w: 0.717251956 } position { x: 0.116526581 y: 2.04643798 z: 0.0120567353 } }}, this= 0x203ae45b020
[2025-05-23 15:04:00.134] [PSS] [debug] [3128|6036]streaming_driver_interface_impl.cpp:444 HandleIpdChangedEvent: ipd changed {ipd: 0.06568}, this= 0x203ae45b020
[2025-05-23 15:04:00.136] [PSS] [info] [3128|24280]streaming_driver_interface_impl.cpp:87 SubmitViewFrames: submit view frames {view_texture_handles: 3221231170 view_texture_handles: 2147485058 pose { orientation { x: -0.0129728308 y: 0.671322763 z: 0.174357489 w: 0.720247805 } position { x: 0.117956579 y: 2.04856634 z: 0.0126945246 } }}, this= 0x203ae45b020
[2025-05-23 15:04:00.150] [PSS] [info] [3128|24280]streaming_driver_interface_impl.cpp:87 SubmitViewFrames: submit view frames {view_texture_handles: 3221231170 view_texture_handles: 2147485058 pose { orientation { x: -0.00594937196 y: 0.667896509 z: 0.174872056 w: 0.723393857 } position { x: 0.119148463 y: 2.0505743 z: 0.0128258448 } }}, this= 0x203ae45b020
[2025-05-23 15:04:00.367] [PSS] [info] [3128|24280]streaming_driver_interface_impl.cpp:87 SubmitViewFrames: submit view frames {view_texture_handles: 3221231170 view_texture_handles: 2147485058 pose { orientation { x: 0.015559203 y: 0.638869 z: 0.0875299945 w: 0.764161527 } position { x: 0.114173286 y: 2.0598948 z: 0.0216228236 } }}, this= 0x203ae45b020
[2025-05-23 15:04:00.370] [PSS] [info] [3128|24280]streaming_driver_interface_impl.cpp:87 SubmitViewFrames: submit view frames {view_texture_handles: 3221231170 view_texture_handles: 2147485058 pose { orientation { x: 0.015559203 y: 0.638869 z: 0.0875299945 w: 0.764161527 } position { x: 0.114173286 y: 2.0598948 z: 0.0216228236 } }}, this= 0x203ae45b020
[2025-05-23 15:04:00.385] [PSS] [info] [3128|24280]streaming_driver_interface_impl.cpp:87 SubmitViewFrames: submit view frames {view_texture_handles: 3221231170 view_texture_handles: 2147485058 pose { orientation { x: 0.00492786057 y: 0.644094586 z: 0.0865454078 w: 0.760018289 } position { x: 0.113049395 y: 2.05840755 z: 0.0212209299 } }}, this= 0x203ae45b020
[2025-05-23 15:04:00.399] [PSS] [info] [3128|24280]streaming_driver_interface_impl.cpp:87 SubmitViewFrames: submit view frames {view_texture_handles: 3221231170 view_texture_handles: 2147485058 pose { orientation { x: -0.0038931272 y: 0.647660196 z: 0.0842238739 w: 0.757249951 } position { x: 0.110939451 y: 2.05676746 z: 0.0210604016 } }}, this= 0x203ae45b020
[2025-05-23 15:04:00.413] [PSS] [info] [3128|24280]streaming_driver_interface_impl.cpp:87 SubmitViewFrames: submit view frames {view_texture_handles: 3221231170 view_texture_handles: 2147485058 pose { orientation { x: -0.014363952 y: 0.651055396 z: 0.0838456079 w: 0.754248321 } position { x: 0.108974107 y: 2.05544877 z: 0.0206630249 } }}, this= 0x203ae45b020
[2025-05-23 15:04:00.425] [PSS] [info] [3128|24280]streaming_driver_interface_impl.cpp:87 SubmitViewFrames: submit view frames {view_texture_handles: 3221231170 view_texture_handles: 2147485058 pose { orientation { x: -0.0253509544 y: 0.653644383 z: 0.0856001675 w: 0.751517773 } position { x: 0.107134834 y: 2.05383587 z: 0.0206686798 } }}, this= 0x203ae45b020
[2025-05-23 15:04:00.439] [PSS] [info] [3128|24280]streaming_driver_interface_impl.cpp:87 SubmitViewFrames: submit view frames {view_texture_handles: 3221231170 view_texture_handles: 2147485058 pose { orientation { x: -0.0348803364 y: 0.654955626 z: 0.0891237557 w: 0.749582171 } position { x: 0.105546422 y: 2.05247259 z: 0.0212758034 } }}, this= 0x203ae45b020
[2025-05-23 15:04:00.453] [PSS] [info] [3128|24280]streaming_driver_interface_impl.cpp:87 SubmitViewFrames: submit view frames {view_texture_handles: 3221231170 view_texture_handles: 2147485058 pose { orientation { x: -0.0504808314 y: 0.654418349 z: 0.100288056 w: 0.747750401 } position { x: 0.103068903 y: 2.05132651 z: 0.0220067147 } }}, this= 0x203ae45b020
[2025-05-23 15:04:00.469] [PSS] [info] [3128|24280]streaming_driver_interface_impl.cpp:87 SubmitViewFrames: submit view frames {view_texture_handles: 3221231170 view_texture_handles: 2147485058 pose { orientation { x: -0.0552764833 y: 0.652600527 z: 0.105615363 w: 0.748266399 } position { x: 0.10159865 y: 2.05138 z: 0.0226734579 } }}, this= 0x203ae45b020
[2025-05-23 15:04:00.482] [PSS] [info] [3128|24280]streaming_driver_interface_impl.cpp:87 SubmitViewFrames: submit view frames {view_texture_handles: 3221231170 view_texture_handles: 2147485058 pose { orientation { x: -0.0581572726 y: 0.650917113 z: 0.11106392 w: 0.748725235 } position { x: 0.100407176 y: 2.05133677 z: 0.0231319722 } }}, this= 0x203ae45b020
[2025-05-23 15:04:00.496] [PSS] [info] [3128|24280]streaming_driver_interface_impl.cpp:87 SubmitViewFrames: submit view frames {view_texture_handles: 3221231170 view_texture_handles: 2147485058 pose { orientation { x: -0.0591594726 y: 0.649245083 z: 0.11812593 w: 0.749017537 } position { x: 0.100127608 y: 2.05077839 z: 0.0237926058 } }}, this= 0x203ae45b020
[2025-05-23 15:04:00.517] [PSS] [info] [3128|24280]streaming_driver_interface_impl.cpp:87 SubmitViewFrames: submit view frames {view_texture_handles: 3221231170 view_texture_handles: 2147485058 pose { orientation { x: -0.0577493496 y: 0.646785855 z: 0.132004738 w: 0.748937786 } position { x: 0.0999569371 y: 2.05032229 z: 0.0254488438 } }}, this= 0x203ae45b020
[2025-05-23 15:04:00.523] [PSS] [info] [3128|24280]streaming_driver_interface_impl.cpp:87 SubmitViewFrames: submit view frames {view_texture_handles: 3221231170 view_texture_handles: 2147485058 pose { orientation { x: -0.0577493496 y: 0.646785855 z: 0.132004738 w: 0.748937786 } position { x: 0.0999569371 y: 2.05032229 z: 0.0254488438 } }}, this= 0x203ae45b020
[2025-05-23 15:04:00.537] [PSS] [info] [3128|24280]streaming_driver_interface_impl.cpp:87 SubmitViewFrames: submit view frames {view_texture_handles: 3221231170 view_texture_handles: 2147485058 pose { orientation { x: -0.0571438596 y: 0.646120071 z: 0.137355909 w: 0.748596549 } position { x: 0.100288384 y: 2.05083752 z: 0.0263724402 } }}, this= 0x203ae45b020
[2025-05-23 15:04:00.551] [PSS] [info] [3128|24280]streaming_driver_interface_impl.cpp:87 SubmitViewFrames: submit view frames {view_texture_handles: 3221231170 view_texture_handles: 2147485058 pose { orientation { x: -0.0554888062 y: 0.645135939 z: 0.140509054 w: 0.748984516 } position { x: 0.100724816 y: 2.05170941 z: 0.0273511577 } }}, this= 0x203ae45b020
[2025-05-23 15:04:00.564] [PSS] [info] [3128|24280]streaming_driver_interface_impl.cpp:87 SubmitViewFrames: submit view frames {view_texture_handles: 3221231170 view_texture_handles: 2147485058 pose { orientation { x: -0.0514079705 y: 0.644783139 z: 0.143541873 w: 0.749004483 } position { x: 0.101116948 y: 2.05220485 z: 0.0287442822 } }}, this= 0x203ae45b020
[2025-05-23 15:04:00.579] [PSS] [info] [3128|24280]streaming_driver_interface_impl.cpp:87 SubmitViewFrames: submit view frames {view_texture_handles: 3221231170 view_texture_handles: 2147485058 pose { orientation { x: -0.042745728 y: 0.644570649 z: 0.14815174 w: 0.748834133 } position { x: 0.102049381 y: 2.05242014 z: 0.0310160499 } }}, this= 0x203ae45b020
[2025-05-23 15:04:00.595] [PSS] [info] [3128|24280]streaming_driver_interface_impl.cpp:87 SubmitViewFrames: submit view frames {view_texture_handles: 3221231170 view_texture_handles: 2147485058 pose { orientation { x: -0.0391791612 y: 0.64493084 z: 0.149591178 w: 0.748432815 } position { x: 0.102209277 y: 2.052742 z: 0.0319893323 } }}, this= 0x203ae45b020
[2025-05-23 15:04:00.606] [PSS] [info] [3128|24280]streaming_driver_interface_impl.cpp:87 SubmitViewFrames: submit view frames {view_texture_handles: 3221231170 view_texture_handles: 2147485058 pose { orientation { x: -0.0361290537 y: 0.646847248 z: 0.14847894 w: 0.747152925 } position { x: 0.102844886 y: 2.05314851 z: 0.0330511853 } }}, this= 0x203ae45b020
[2025-05-23 15:04:00.620] [PSS] [info] [3128|24280]streaming_driver_interface_impl.cpp:87 SubmitViewFrames: submit view frames {view_texture_handles: 3221231170 view_texture_handles: 2147485058 pose { orientation { x: -0.0327118896 y: 0.648191154 z: 0.148546413 w: 0.74613148 } position { x: 0.103852369 y: 2.05346847 z: 0.0341543816 } }}, this= 0x203ae45b020
[2025-05-23 15:04:00.636] [PSS] [info] [3128|24280]streaming_driver_interface_impl.cpp:87 SubmitViewFrames: submit view frames {view_texture_handles: 3221231170 view_texture_handles: 2147485058 pose { orientation { x: -0.0290471707 y: 0.650019288 z: 0.150218233 w: 0.744355857 } position { x: 0.104670212 y: 2.05359197 z: 0.0349519141 } }}, this= 0x203ae45b020
[2025-05-23 15:04:00.648] [PSS] [info] [3128|24280]streaming_driver_interface_impl.cpp:87 SubmitViewFrames: submit view frames {view_texture_handles: 3221231170 view_texture_handles: 2147485058 pose { orientation { x: -0.0254032817 y: 0.651277661 z: 0.150757745 w: 0.743279338 } position { x: 0.105543584 y: 2.05433369 z: 0.0351287127 } }}, this= 0x203ae45b020
[2025-05-23 15:04:00.669] [PSS] [info] [3128|24280]streaming_driver_interface_impl.cpp:87 SubmitViewFrames: submit view frames {view_texture_handles: 3221231170 view_texture_handles: 2147485058 pose { orientation { x: -0.0192637518 y: 0.653620422 z: 0.149279863 w: 0.741704 } position { x: 0.107281424 y: 2.05536318 z: 0.0372233801 } }}, this= 0x203ae45b020
[2025-05-23 15:04:00.678] [PSS] [info] [3128|24280]streaming_driver_interface_impl.cpp:87 SubmitViewFrames: submit view frames {view_texture_handles: 3221231170 view_texture_handles: 2147485058 pose { orientation { x: -0.0163920037 y: 0.655061483 z: 0.147814035 w: 0.740794778 } position { x: 0.10795182 y: 2.0554719 z: 0.038395118 } }}, this= 0x203ae45b020
[2025-05-23 15:04:00.692] [PSS] [info] [3128|24280]streaming_driver_interface_impl.cpp:87 SubmitViewFrames: submit view frames {view_texture_handles: 3221231170 view_texture_handles: 2147485058 pose { orientation { x: -0.0143704768 y: 0.656428695 z: 0.146740839 w: 0.739839137 } position { x: 0.108716846 y: 2.05551791 z: 0.0393446386 } }}, this= 0x203ae45b020
[2025-05-23 15:04:00.706] [PSS] [info] [3128|24280]streaming_driver_interface_impl.cpp:87 SubmitViewFrames: submit view frames {view_texture_handles: 3221231170 view_texture_handles: 2147485058 pose { orientation { x: -0.0122041656 y: 0.658098876 z: 0.145734847 w: 0.738592088 } position { x: 0.109263435 y: 2.05520129 z: 0.0400446728 } }}, this= 0x203ae45b020
[2025-05-23 15:04:00.719] [PSS] [info] [3128|24280]streaming_driver_interface_impl.cpp:87 SubmitViewFrames: submit view frames {view_texture_handles: 3221231170 view_texture_handles: 2147485058 pose { orientation { x: -0.0108454274 y: 0.659267128 z: 0.14484553 w: 0.737745881 } position { x: 0.109641805 y: 2.05493116 z: 0.0402939022 } }}, this= 0x203ae45b020
[2025-05-23 15:04:00.735] [PSS] [info] [3128|24280]streaming_driver_interface_impl.cpp:87 SubmitViewFrames: submit view frames {view_texture_handles: 3221231170 view_texture_handles: 2147485058 pose { orientation { x: -0.0103505421 y: 0.66021359 z: 0.143697694 w: 0.737130821 } position { x: 0.110023372 y: 2.05447936 z: 0.0405593738 } }}, this= 0x203ae45b020
[2025-05-23 15:04:00.747] [PSS] [info] [3128|24280]streaming_driver_interface_impl.cpp:87 SubmitViewFrames: submit view frames {view_texture_handles: 3221231170 view_texture_handles: 2147485058 pose { orientation { x: -0.0125834057 y: 0.661474228 z: 0.142060727 w: 0.736282825 } position { x: 0.110687122 y: 2.05332518 z: 0.0406173542 } }}, this= 0x203ae45b020
[2025-05-23 15:04:00.762] [PSS] [info] [3128|24280]streaming_driver_interface_impl.cpp:87 SubmitViewFrames: submit view frames {view_texture_handles: 3221231170 view_texture_handles: 2147485058 pose { orientation { x: -0.0141571769 y: 0.661650777 z: 0.141843513 w: 0.736137331 } position { x: 0.110915698 y: 2.05270386 z: 0.0405292176 } }}, this= 0x203ae45b020
[2025-05-23 15:04:00.774] [PSS] [info] [3128|24280]streaming_driver_interface_impl.cpp:87 SubmitViewFrames: submit view frames {view_texture_handles: 3221231170 view_texture_handles: 2147485058 pose { orientation { x: -0.0164887868 y: 0.661296368 z: 0.141993046 w: 0.736378431 } position { x: 0.111285135 y: 2.05218887 z: 0.040639054 } }}, this= 0x203ae45b020
[2025-05-23 15:04:00.789] [PSS] [info] [3128|24280]streaming_driver_interface_impl.cpp:87 SubmitViewFrames: submit view frames {view_texture_handles: 3221231170 view_texture_handles: 2147485058 pose { orientation { x: -0.0185028333 y: 0.660768449 z: 0.141609341 w: 0.736878216 } position { x: 0.111356989 y: 2.05135965 z: 0.040781986 } }}, this= 0x203ae45b020
[2025-05-23 15:04:00.806] [PSS] [info] [3128|24280]streaming_driver_interface_impl.cpp:87 SubmitViewFrames: submit view frames {view_texture_handles: 3221231170 view_texture_handles: 2147485058 pose { orientation { x: -0.0236124434 y: 0.659907639 z: 0.140518442 w: 0.737711966 } position { x: 0.111685015 y: 2.05032158 z: 0.0408416279 } }}, this= 0x203ae45b020
[2025-05-23 15:04:00.825] [PSS] [info] [3128|24280]streaming_driver_interface_impl.cpp:87 SubmitViewFrames: submit view frames {view_texture_handles: 3221231170 view_texture_handles: 2147485058 pose { orientation { x: -0.0260736253 y: 0.659569 z: 0.139634177 w: 0.738099694 } position { x: 0.111875467 y: 2.04987597 z: 0.0407803915 } }}, this= 0x203ae45b020
[2025-05-23 15:04:00.838] [PSS] [info] [3128|24280]streaming_driver_interface_impl.cpp:87 SubmitViewFrames: submit view frames {view_texture_handles: 3221231170 view_texture_handles: 2147485058 pose { orientation { x: -0.0280332621 y: 0.659583509 z: 0.13887237 w: 0.738158643 } position { x: 0.112069 y: 2.04955673 z: 0.0407037 } }}, this= 0x203ae45b020
[2025-05-23 15:04:00.847] [PSS] [info] [3128|24280]streaming_driver_interface_impl.cpp:87 SubmitViewFrames: submit view frames {view_texture_handles: 3221231170 view_texture_handles: 2147485058 pose { orientation { x: -0.0293067805 y: 0.659894884 z: 0.137919694 w: 0.738009512 } position { x: 0.1121879 y: 2.04908967 z: 0.0406618528 } }}, this= 0x203ae45b020
[2025-05-23 15:04:00.860] [PSS] [info] [3128|24280]streaming_driver_interface_impl.cpp:87 SubmitViewFrames: submit view frames {view_texture_handles: 3221231170 view_texture_handles: 2147485058 pose { orientation { x: -0.0308674 y: 0.660233617 z: 0.136734426 w: 0.737863481 } position { x: 0.112427525 y: 2.04856825 z: 0.0407275558 } }}, this= 0x203ae45b020
[2025-05-23 15:04:00.875] [PSS] [info] [3128|24280]streaming_driver_interface_impl.cpp:87 SubmitViewFrames: submit view frames {view_texture_handles: 3221231170 view_texture_handles: 2147485058 pose { orientation { x: -0.0324753895 y: 0.660842657 z: 0.135341406 w: 0.737506032 } position { x: 0.112675339 y: 2.04813552 z: 0.0406820215 } }}, this= 0x203ae45b020
[2025-05-23 15:04:00.889] [PSS] [info] [3128|24280]streaming_driver_interface_impl.cpp:87 SubmitViewFrames: submit view frames {view_texture_handles: 3221231170 view_texture_handles: 2147485058 pose { orientation { x: -0.034643203 y: 0.662233949 z: 0.13238892 w: 0.736694872 } position { x: 0.113050699 y: 2.04735923 z: 0.0407035276 } }}, this= 0x203ae45b020
[2025-05-23 15:04:00.903] [PSS] [info] [3128|24280]streaming_driver_interface_impl.cpp:87 SubmitViewFrames: submit view frames {view_texture_handles: 3221231170 view_texture_handles: 2147485058 pose { orientation { x: -0.0351321511 y: 0.663074732 z: 0.130611867 w: 0.73623246 } position { x: 0.113061532 y: 2.04702687 z: 0.0406677052 } }}, this= 0x203ae45b020
[2025-05-23 15:04:00.917] [PSS] [info] [3128|24280]streaming_driver_interface_impl.cpp:87 SubmitViewFrames: submit view frames {view_texture_handles: 3221231170 view_texture_handles: 2147485058 pose { orientation { x: -0.0356837064 y: 0.663871825 z: 0.129208118 w: 0.735735178 } position { x: 0.113201313 y: 2.04677844 z: 0.0406305082 } }}, this= 0x203ae45b020
[2025-05-23 15:04:00.931] [PSS] [info] [3128|24280]streaming_driver_interface_impl.cpp:87 SubmitViewFrames: submit view frames {view_texture_handles: 3221231170 view_texture_handles: 2147485058 pose { orientation { x: -0.0358981378 y: 0.664699197 z: 0.127643362 w: 0.735250592 } position { x: 0.113338426 y: 2.04649 z: 0.0405783057 } }}, this= 0x203ae45b020
[2025-05-23 15:04:00.945] [PSS] [info] [3128|24280]streaming_driver_interface_impl.cpp:87 SubmitViewFrames: submit view frames {view_texture_handles: 3221231170 view_texture_handles: 2147485058 pose { orientation { x: -0.0367505178 y: 0.666542649 z: 0.124997132 w: 0.733993232 } position { x: 0.113505632 y: 2.04630947 z: 0.0404689535 } }}, this= 0x203ae45b020
[2025-05-23 15:04:00.957] [PSS] [info] [3128|24280]streaming_driver_interface_impl.cpp:87 SubmitViewFrames: submit view frames {view_texture_handles: 3221231170 view_texture_handles: 2147485058 pose { orientation { x: -0.036701791 y: 0.667202711 z: 0.123507842 w: 0.733648 } position { x: 0.113438487 y: 2.04626036 z: 0.0404033102 } }}, this= 0x203ae45b020
[2025-05-23 15:04:00.973] [PSS] [info] [3128|24280]streaming_driver_interface_impl.cpp:87 SubmitViewFrames: submit view frames {view_texture_handles: 3221231170 view_texture_handles: 2147485058 pose { orientation { x: -0.0366351232 y: 0.667814553 z: 0.121883303 w: 0.733366251 } position { x: 0.113313168 y: 2.04614568 z: 0.0403583422 } }}, this= 0x203ae45b020
[2025-05-23 15:04:00.988] [PSS] [info] [3128|24280]streaming_driver_interface_impl.cpp:87 SubmitViewFrames: submit view frames {view_texture_handles: 3221231170 view_texture_handles: 2147485058 pose { orientation { x: -0.0363209918 y: 0.668401659 z: 0.120397769 w: 0.733092427 } position { x: 0.113236122 y: 2.04598927 z: 0.0403507054 } }}, this= 0x203ae45b020
[2025-05-23 15:04:01.002] [PSS] [info] [3128|24280]streaming_driver_interface_impl.cpp:87 SubmitViewFrames: submit view frames {view_texture_handles: 3221231170 view_texture_handles: 2147485058 pose { orientation { x: -0.0361632928 y: 0.669407785 z: 0.118088745 w: 0.732557476 } position { x: 0.113160469 y: 2.04569077 z: 0.0402659327 } }}, this= 0x203ae45b020
[2025-05-23 15:04:01.014] [PSS] [info] [3128|24280]streaming_driver_interface_impl.cpp:87 SubmitViewFrames: submit view frames {view_texture_handles: 3221231170 view_texture_handles: 2147485058 pose { orientation { x: -0.0361632928 y: 0.669407785 z: 0.118088745 w: 0.732557476 } position { x: 0.113160469 y: 2.04569077 z: 0.0402659327 } }}, this= 0x203ae45b020
[2025-05-23 15:04:01.031] [PSS] [info] [3128|24280]streaming_driver_interface_impl.cpp:87 SubmitViewFrames: submit view frames {view_texture_handles: 3221231170 view_texture_handles: 2147485058 pose { orientation { x: -0.0362163298 y: 0.670134544 z: 0.116309226 w: 0.732175 } position { x: 0.112948671 y: 2.0456686 z: 0.0402106903 } }}, this= 0x203ae45b020
[2025-05-23 15:04:01.043] [PSS] [info] [3128|24280]streaming_driver_interface_impl.cpp:87 SubmitViewFrames: submit view frames {view_texture_handles: 3221231170 view_texture_handles: 2147485058 pose { orientation { x: -0.0361033492 y: 0.670564294 z: 0.115460403 w: 0.731921434 } position { x: 0.112870686 y: 2.04563093 z: 0.0402008332 } }}, this= 0x203ae45b020
[2025-05-23 15:04:01.057] [PSS] [info] [3128|24280]streaming_driver_interface_impl.cpp:87 SubmitViewFrames: submit view frames {view_texture_handles: 3221231170 view_texture_handles: 2147485058 pose { orientation { x: -0.0360622369 y: 0.670877516 z: 0.11492914 w: 0.73172003 } position { x: 0.112866938 y: 2.04564738 z: 0.0402259417 } }}, this= 0x203ae45b020
[2025-05-23 15:04:01.070] [PSS] [info] [3128|24280]streaming_driver_interface_impl.cpp:87 SubmitViewFrames: submit view frames {view_texture_handles: 3221231170 view_texture_handles: 2147485058 pose { orientation { x: -0.0357801579 y: 0.671177 z: 0.114392914 w: 0.731543243 } position { x: 0.112812139 y: 2.04567385 z: 0.0402678624 } }}, this= 0x203ae45b020
[2025-05-23 15:04:01.085] [PSS] [info] [3128|24280]streaming_driver_interface_impl.cpp:87 SubmitViewFrames: submit view frames {view_texture_handles: 3221231170 view_texture_handles: 2147485058 pose { orientation { x: -0.0352625363 y: 0.671754479 z: 0.113974363 w: 0.731103539 } position { x: 0.112872578 y: 2.04570055 z: 0.0404830128 } }}, this= 0x203ae45b020
[2025-05-23 15:04:01.100] [PSS] [info] [3128|24280]streaming_driver_interface_impl.cpp:87 SubmitViewFrames: submit view frames {view_texture_handles: 3221231170 view_texture_handles: 2147485058 pose { orientation { x: -0.0348507762 y: 0.6722458 z: 0.113863118 w: 0.73068887 } position { x: 0.112964883 y: 2.04572511 z: 0.0407008901 } }}, this= 0x203ae45b020
[2025-05-23 15:04:01.124] [PSS] [info] [3128|24280]streaming_driver_interface_impl.cpp:87 SubmitViewFrames: submit view frames {view_texture_handles: 3221231170 view_texture_handles: 2147485058 pose { orientation { x: -0.0335132852 y: 0.673149168 z: 0.114335299 w: 0.729845643 } position { x: 0.113335647 y: 2.04607701 z: 0.0411014222 } }}, this= 0x203ae45b020
[2025-05-23 15:04:01.127] [PSS] [info] [3128|24280]streaming_driver_interface_impl.cpp:87 SubmitViewFrames: submit view frames {view_texture_handles: 3221231170 view_texture_handles: 2147485058 pose { orientation { x: -0.0335132852 y: 0.673149168 z: 0.114335299 w: 0.729845643 } position { x: 0.113335647 y: 2.04607701 z: 0.0411014222 } }}, this= 0x203ae45b020
[2025-05-23 15:04:01.142] [PSS] [info] [3128|24280]streaming_driver_interface_impl.cpp:87 SubmitViewFrames: submit view frames {view_texture_handles: 3221231170 view_texture_handles: 2147485058 pose { orientation { x: -0.0310800318 y: 0.673564076 z: 0.115909263 w: 0.729321957 } position { x: 0.11396 y: 2.04620695 z: 0.0416130237 } }}, this= 0x203ae45b020
[2025-05-23 15:04:01.156] [PSS] [info] [3128|24280]streaming_driver_interface_impl.cpp:87 SubmitViewFrames: submit view frames {view_texture_handles: 3221231170 view_texture_handles: 2147485058 pose { orientation { x: -0.0296523701 y: 0.673558235 z: 0.117271751 w: 0.729169071 } position { x: 0.114309184 y: 2.04612207 z: 0.0418685712 } }}, this= 0x203ae45b020
[2025-05-23 15:04:01.170] [PSS] [info] [3128|24280]streaming_driver_interface_impl.cpp:87 SubmitViewFrames: submit view frames {view_texture_handles: 3221231170 view_texture_handles: 2147485058 pose { orientation { x: -0.0284832623 y: 0.673460722 z: 0.118743911 w: 0.729067385 } position { x: 0.114652202 y: 2.04602051 z: 0.0420862921 } }}, this= 0x203ae45b020
[2025-05-23 15:04:01.184] [PSS] [info] [3128|24280]streaming_driver_interface_impl.cpp:87 SubmitViewFrames: submit view frames {view_texture_handles: 3221231170 view_texture_handles: 2147485058 pose { orientation { x: -0.0271255691 y: 0.673369288 z: 0.120660879 w: 0.728888929 } position { x: 0.115141012 y: 2.04589677 z: 0.0423252583 } }}, this= 0x203ae45b020
[2025-05-23 15:04:01.198] [PSS] [info] [3128|24280]streaming_driver_interface_impl.cpp:87 SubmitViewFrames: submit view frames {view_texture_handles: 3221231170 view_texture_handles: 2147485058 pose { orientation { x: -0.0250385143 y: 0.672989964 z: 0.124277294 w: 0.728706241 } position { x: 0.11579676 y: 2.04584932 z: 0.0426482297 } }}, this= 0x203ae45b020
[2025-05-23 15:04:01.210] [PSS] [info] [3128|24280]streaming_driver_interface_impl.cpp:87 SubmitViewFrames: submit view frames {view_texture_handles: 3221231170 view_texture_handles: 2147485058 pose { orientation { x: -0.0250385143 y: 0.672989964 z: 0.124277294 w: 0.728706241 } position { x: 0.11579676 y: 2.04584932 z: 0.0426482297 } }}, this= 0x203ae45b020
[2025-05-23 15:04:01.224] [PSS] [info] [3128|24280]streaming_driver_interface_impl.cpp:87 SubmitViewFrames: submit view frames {view_texture_handles: 3221231170 view_texture_handles: 2147485058 pose { orientation { x: -0.0233457405 y: 0.672759473 z: 0.12740688 w: 0.728434741 } position { x: 0.116462752 y: 2.04563642 z: 0.0428592972 } }}, this= 0x203ae45b020
[2025-05-23 15:04:01.239] [PSS] [info] [3128|24280]streaming_driver_interface_impl.cpp:87 SubmitViewFrames: submit view frames {view_texture_handles: 3221231170 view_texture_handles: 2147485058 pose { orientation { x: -0.0229388 y: 0.672655702 z: 0.128567174 w: 0.728339612 } position { x: 0.116776489 y: 2.04543257 z: 0.0428942144 } }}, this= 0x203ae45b020
[2025-05-23 15:04:01.253] [PSS] [info] [3128|24280]streaming_driver_interface_impl.cpp:87 SubmitViewFrames: submit view frames {view_texture_handles: 3221231170 view_texture_handles: 2147485058 pose { orientation { x: -0.0227806475 y: 0.672572672 z: 0.129505932 w: 0.728254914 } position { x: 0.117107391 y: 2.04514432 z: 0.0429165028 } }}, this= 0x203ae45b020
[2025-05-23 15:04:01.274] [PSS] [info] [3128|24280]streaming_driver_interface_impl.cpp:87 SubmitViewFrames: submit view frames {view_texture_handles: 3221231170 view_texture_handles: 2147485058 pose { orientation { x: -0.0232440028 y: 0.672630191 z: 0.130348206 w: 0.72803688 } position { x: 0.117557935 y: 2.04487801 z: 0.0427525342 } }}, this= 0x203ae45b020
[2025-05-23 15:04:01.281] [PSS] [info] [3128|24280]streaming_driver_interface_impl.cpp:87 SubmitViewFrames: submit view frames {view_texture_handles: 3221231170 view_texture_handles: 2147485058 pose { orientation { x: -0.0234810263 y: 0.672728539 z: 0.130200312 w: 0.727964878 } position { x: 0.117713936 y: 2.04476595 z: 0.0426258668 } }}, this= 0x203ae45b020
[2025-05-23 15:04:01.295] [PSS] [info] [3128|24280]streaming_driver_interface_impl.cpp:87 SubmitViewFrames: submit view frames {view_texture_handles: 3221231170 view_texture_handles: 2147485058 pose { orientation { x: -0.0235691052 y: 0.672739923 z: 0.12974897 w: 0.728032112 } position { x: 0.11794129 y: 2.04471207 z: 0.042476289 } }}, this= 0x203ae45b020
[2025-05-23 15:04:01.309] [PSS] [info] [3128|24280]streaming_driver_interface_impl.cpp:87 SubmitViewFrames: submit view frames {view_texture_handles: 3221231170 view_texture_handles: 2147485058 pose { orientation { x: -0.0235400945 y: 0.672742307 z: 0.129139051 w: 0.728139222 } position { x: 0.118047103 y: 2.04461336 z: 0.0422961675 } }}, this= 0x203ae45b020
[2025-05-23 15:04:01.323] [PSS] [info] [3128|24280]streaming_driver_interface_impl.cpp:87 SubmitViewFrames: submit view frames {view_texture_handles: 3221231170 view_texture_handles: 2147485058 pose { orientation { x: -0.0236747842 y: 0.672797561 z: 0.12822701 w: 0.72824508 } position { x: 0.118083932 y: 2.0445497 z: 0.0420713499 } }}, this= 0x203ae45b020
[2025-05-23 15:04:01.337] [PSS] [info] [3128|24280]streaming_driver_interface_impl.cpp:87 SubmitViewFrames: submit view frames {view_texture_handles: 3221231170 view_texture_handles: 2147485058 pose { orientation { x: -0.0242064316 y: 0.673328817 z: 0.125500664 w: 0.728211462 } position { x: 0.118206576 y: 2.0443058 z: 0.0415860936 } }}, this= 0x203ae45b020
[2025-05-23 15:04:01.351] [PSS] [info] [3128|24280]streaming_driver_interface_impl.cpp:87 SubmitViewFrames: submit view frames {view_texture_handles: 3221231170 view_texture_handles: 2147485058 pose { orientation { x: -0.0244721305 y: 0.673660696 z: 0.124021053 w: 0.728149235 } position { x: 0.118176647 y: 2.04415894 z: 0.0413338393 } }}, this= 0x203ae45b020
[2025-05-23 15:04:01.365] [PSS] [info] [3128|24280]streaming_driver_interface_impl.cpp:87 SubmitViewFrames: submit view frames {view_texture_handles: 3221231170 view_texture_handles: 2147485058 pose { orientation { x: -0.02487549 y: 0.674125075 z: 0.122411549 w: 0.727978051 } position { x: 0.118154764 y: 2.04396963 z: 0.0410359837 } }}, this= 0x203ae45b020
[2025-05-23 15:04:01.379] [PSS] [info] [3128|24280]streaming_driver_interface_impl.cpp:87 SubmitViewFrames: submit view frames {view_texture_handles: 3221231170 view_texture_handles: 2147485058 pose { orientation { x: -0.025503939 y: 0.674669147 z: 0.120605797 w: 0.727753639 } position { x: 0.118171252 y: 2.04380465 z: 0.0406742133 } }}, this= 0x203ae45b020
[2025-05-23 15:04:01.393] [PSS] [info] [3128|24280]streaming_driver_interface_impl.cpp:87 SubmitViewFrames: submit view frames {view_texture_handles: 3221231170 view_texture_handles: 2147485058 pose { orientation { x: -0.0259773936 y: 0.675191104 z: 0.119318865 w: 0.727464914 } position { x: 0.118170775 y: 2.04374909 z: 0.0404221229 } }}, this= 0x203ae45b020
[2025-05-23 15:04:01.408] [PSS] [info] [3128|24280]streaming_driver_interface_impl.cpp:87 SubmitViewFrames: submit view frames {view_texture_handles: 3221231170 view_texture_handles: 2147485058 pose { orientation { x: -0.0262535438 y: 0.676360726 z: 0.117385499 w: 0.726682663 } position { x: 0.118202277 y: 2.04368258 z: 0.0398765244 } }}, this= 0x203ae45b020
[2025-05-23 15:04:01.426] [PSS] [info] [3128|24280]streaming_driver_interface_impl.cpp:87 SubmitViewFrames: submit view frames {view_texture_handles: 3221231170 view_texture_handles: 2147485058 pose { orientation { x: -0.0261619855 y: 0.676689565 z: 0.116760544 w: 0.726480484 } position { x: 0.118217312 y: 2.0435853 z: 0.0396441557 } }}, this= 0x203ae45b020
[2025-05-23 15:04:01.436] [PSS] [info] [3128|24280]streaming_driver_interface_impl.cpp:87 SubmitViewFrames: submit view frames {view_texture_handles: 3221231170 view_texture_handles: 2147485058 pose { orientation { x: -0.0261440445 y: 0.676966846 z: 0.116356991 w: 0.726287425 } position { x: 0.118204139 y: 2.04342484 z: 0.039424818 } }}, this= 0x203ae45b020
[2025-05-23 15:04:01.450] [PSS] [info] [3128|24280]streaming_driver_interface_impl.cpp:87 SubmitViewFrames: submit view frames {view_texture_handles: 3221231170 view_texture_handles: 2147485058 pose { orientation { x: -0.0265186131 y: 0.677267253 z: 0.116098672 w: 0.726035058 } position { x: 0.118263431 y: 2.04324389 z: 0.0392176025 } }}, this= 0x203ae45b020
[2025-05-23 15:04:01.464] [PSS] [info] [3128|24280]streaming_driver_interface_impl.cpp:87 SubmitViewFrames: submit view frames {view_texture_handles: 3221231170 view_texture_handles: 2147485058 pose { orientation { x: -0.0272128433 y: 0.677563846 z: 0.115811437 w: 0.725778461 } position { x: 0.118307523 y: 2.04311371 z: 0.0390463956 } }}, this= 0x203ae45b020
[2025-05-23 15:04:01.476] [PSS] [info] [3128|24280]streaming_driver_interface_impl.cpp:87 SubmitViewFrames: submit view frames {view_texture_handles: 3221231170 view_texture_handles: 2147485058 pose { orientation { x: -0.0281381179 y: 0.678062856 z: 0.11547967 w: 0.725329936 } position { x: 0.11820025 y: 2.0430131 z: 0.0387897268 } }}, this= 0x203ae45b020
[2025-05-23 15:04:01.490] [PSS] [info] [3128|24280]streaming_driver_interface_impl.cpp:87 SubmitViewFrames: submit view frames {view_texture_handles: 3221231170 view_texture_handles: 2147485058 pose { orientation { x: -0.0289357975 y: 0.678394377 z: 0.115567587 w: 0.724974453 } position { x: 0.118172564 y: 2.04291916 z: 0.0385047384 } }}, this= 0x203ae45b020
[2025-05-23 15:04:01.504] [PSS] [info] [3128|24280]streaming_driver_interface_impl.cpp:87 SubmitViewFrames: submit view frames {view_texture_handles: 3221231170 view_texture_handles: 2147485058 pose { orientation { x: -0.0293805506 y: 0.678872645 z: 0.115785927 w: 0.724473834 } position { x: 0.118171953 y: 2.0427928 z: 0.0381216258 } }}, this= 0x203ae45b020
[2025-05-23 15:04:01.519] [PSS] [info] [3128|24280]streaming_driver_interface_impl.cpp:87 SubmitViewFrames: submit view frames {view_texture_handles: 3221231170 view_texture_handles: 2147485058 pose { orientation { x: -0.0297104698 y: 0.679269433 z: 0.116040088 w: 0.724047661 } position { x: 0.118119612 y: 2.04291368 z: 0.0377108678 } }}, this= 0x203ae45b020
[2025-05-23 15:04:01.534] [PSS] [info] [3128|24280]streaming_driver_interface_impl.cpp:87 SubmitViewFrames: submit view frames {view_texture_handles: 3221231170 view_texture_handles: 2147485058 pose { orientation { x: -0.0294141416 y: 0.679705143 z: 0.117556296 w: 0.723406 } position { x: 0.118125208 y: 2.04341364 z: 0.0363329239 } }}, this= 0x203ae45b020
[2025-05-23 15:04:01.546] [PSS] [info] [3128|24280]streaming_driver_interface_impl.cpp:87 SubmitViewFrames: submit view frames {view_texture_handles: 3221231170 view_texture_handles: 2147485058 pose { orientation { x: -0.0292016696 y: 0.679541707 z: 0.119299635 w: 0.723282754 } position { x: 0.118276626 y: 2.04378223 z: 0.0351208597 } }}, this= 0x203ae45b020
[2025-05-23 15:04:01.560] [PSS] [info] [3128|24280]streaming_driver_interface_impl.cpp:87 SubmitViewFrames: submit view frames {view_texture_handles: 3221231170 view_texture_handles: 2147485058 pose { orientation { x: -0.0291208159 y: 0.678745508 z: 0.120880328 w: 0.723771036 } position { x: 0.118427843 y: 2.04403019 z: 0.0339346901 } }}, this= 0x203ae45b020
[2025-05-23 15:04:01.580] [PSS] [info] [3128|24280]streaming_driver_interface_impl.cpp:87 SubmitViewFrames: submit view frames {view_texture_handles: 3221231170 view_texture_handles: 2147485058 pose { orientation { x: -0.0300354436 y: 0.677080274 z: 0.12162777 w: 0.725166798 } position { x: 0.118603393 y: 2.04429793 z: 0.0327613652 } }}, this= 0x203ae45b020
[2025-05-23 15:04:01.589] [PSS] [info] [3128|24280]streaming_driver_interface_impl.cpp:87 SubmitViewFrames: submit view frames {view_texture_handles: 3221231170 view_texture_handles: 2147485058 pose { orientation { x: -0.0313531682 y: 0.67461133 z: 0.120710015 w: 0.727561414 } position { x: 0.118459433 y: 2.04470539 z: 0.0317733139 } }}, this= 0x203ae45b020
[2025-05-23 15:04:01.603] [PSS] [info] [3128|24280]streaming_driver_interface_impl.cpp:87 SubmitViewFrames: submit view frames {view_texture_handles: 3221231170 view_texture_handles: 2147485058 pose { orientation { x: -0.0324354842 y: 0.671688 z: 0.118398346 w: 0.730592251 } position { x: 0.118231587 y: 2.04526973 z: 0.0308241528 } }}, this= 0x203ae45b020
[2025-05-23 15:04:01.617] [PSS] [info] [3128|24280]streaming_driver_interface_impl.cpp:87 SubmitViewFrames: submit view frames {view_texture_handles: 3221231170 view_texture_handles: 2147485058 pose { orientation { x: -0.0327935442 y: 0.66862756 z: 0.114487186 w: 0.733998954 } position { x: 0.117960364 y: 2.0462811 z: 0.0298739243 } }}, this= 0x203ae45b020
[2025-05-23 15:04:01.631] [PSS] [info] [3128|24280]streaming_driver_interface_impl.cpp:87 SubmitViewFrames: submit view frames {view_texture_handles: 3221231170 view_texture_handles: 2147485058 pose { orientation { x: -0.0329113826 y: 0.665651083 z: 0.109041356 w: 0.737519801 } position { x: 0.117820613 y: 2.04705811 z: 0.0289973374 } }}, this= 0x203ae45b020
[2025-05-23 15:04:01.645] [PSS] [info] [3128|24280]streaming_driver_interface_impl.cpp:87 SubmitViewFrames: submit view frames {view_texture_handles: 3221231170 view_texture_handles: 2147485058 pose { orientation { x: -0.0330698267 y: 0.662817538 z: 0.10262958 w: 0.740976691 } position { x: 0.117881253 y: 2.04752898 z: 0.0282121636 } }}, this= 0x203ae45b020
[2025-05-23 15:04:01.659] [PSS] [info] [3128|24280]streaming_driver_interface_impl.cpp:87 SubmitViewFrames: submit view frames {view_texture_handles: 3221231170 view_texture_handles: 2147485058 pose { orientation { x: -0.0330314375 y: 0.660328925 z: 0.0963334218 w: 0.744039297 } position { x: 0.117754884 y: 2.04782867 z: 0.0274076816 } }}, this= 0x203ae45b020
[2025-05-23 15:04:01.673] [PSS] [info] [3128|24280]streaming_driver_interface_impl.cpp:87 SubmitViewFrames: submit view frames {view_texture_handles: 3221231170 view_texture_handles: 2147485058 pose { orientation { x: -0.0331067108 y: 0.656604767 z: 0.0828609094 w: 0.748938084 } position { x: 0.116432905 y: 2.04672027 z: 0.0256235935 } }}, this= 0x203ae45b020
[2025-05-23 15:04:01.686] [PSS] [info] [3128|24280]streaming_driver_interface_impl.cpp:87 SubmitViewFrames: submit view frames {view_texture_handles: 3221231170 view_texture_handles: 2147485058 pose { orientation { x: -0.0331067108 y: 0.656604767 z: 0.0828609094 w: 0.748938084 } position { x: 0.116432905 y: 2.04672027 z: 0.0256235935 } }}, this= 0x203ae45b020
[2025-05-23 15:04:01.700] [PSS] [info] [3128|24280]streaming_driver_interface_impl.cpp:87 SubmitViewFrames: submit view frames {view_texture_handles: 3221231170 view_texture_handles: 2147485058 pose { orientation { x: -0.037424475 y: 0.655763507 z: 0.0722667202 w: 0.750567198 } position { x: 0.115315013 y: 2.04518747 z: 0.023389414 } }}, this= 0x203ae45b020
[2025-05-23 15:04:01.714] [PSS] [info] [3128|24280]streaming_driver_interface_impl.cpp:87 SubmitViewFrames: submit view frames {view_texture_handles: 3221231170 view_texture_handles: 2147485058 pose { orientation { x: -0.0411800072 y: 0.656105459 z: 0.0684669614 w: 0.750428 } position { x: 0.114444993 y: 2.04469824 z: 0.0221998803 } }}, this= 0x203ae45b020
[2025-05-23 15:04:01.736] [PSS] [info] [3128|24280]streaming_driver_interface_impl.cpp:87 SubmitViewFrames: submit view frames {view_texture_handles: 3221231170 view_texture_handles: 2147485058 pose { orientation { x: -0.045042146 y: 0.656722903 z: 0.0660005733 w: 0.749886751 } position { x: 0.113424033 y: 2.04474545 z: 0.021333117 } }}, this= 0x203ae45b020
[2025-05-23 15:04:01.747] [PSS] [info] [3128|24280]streaming_driver_interface_impl.cpp:87 SubmitViewFrames: submit view frames {view_texture_handles: 3221231170 view_texture_handles: 2147485058 pose { orientation { x: -0.0485772341 y: 0.657914519 z: 0.0636160821 w: 0.748827 } position { x: 0.112233363 y: 2.04500961 z: 0.0207165219 } }}, this= 0x203ae45b020
[2025-05-23 15:04:01.761] [PSS] [info] [3128|24280]streaming_driver_interface_impl.cpp:87 SubmitViewFrames: submit view frames {view_texture_handles: 3221231170 view_texture_handles: 2147485058 pose { orientation { x: -0.051426623 y: 0.659098685 z: 0.0618327409 w: 0.747743905 } position { x: 0.111161754 y: 2.04537344 z: 0.0205006339 } }}, this= 0x203ae45b020
[2025-05-23 15:04:01.774] [PSS] [info] [3128|24280]streaming_driver_interface_impl.cpp:87 SubmitViewFrames: submit view frames {view_texture_handles: 3221231170 view_texture_handles: 2147485058 pose { orientation { x: -0.0531620197 y: 0.660713136 z: 0.0606051423 w: 0.746296823 } position { x: 0.110233255 y: 2.04549956 z: 0.0205943566 } }}, this= 0x203ae45b020
[2025-05-23 15:04:01.788] [PSS] [info] [3128|24280]streaming_driver_interface_impl.cpp:87 SubmitViewFrames: submit view frames {view_texture_handles: 3221231170 view_texture_handles: 2147485058 pose { orientation { x: -0.0542888902 y: 0.662758231 z: 0.0599709749 w: 0.744451284 } position { x: 0.109469756 y: 2.04591084 z: 0.0211479627 } }}, this= 0x203ae45b020
[2025-05-23 15:04:01.803] [PSS] [info] [3128|24280]streaming_driver_interface_impl.cpp:87 SubmitViewFrames: submit view frames {view_texture_handles: 3221231170 view_texture_handles: 2147485058 pose { orientation { x: -0.0541203916 y: 0.665818632 z: 0.0597830862 w: 0.741742909 } position { x: 0.108602069 y: 2.0467124 z: 0.0222127736 } }}, this= 0x203ae45b020
[2025-05-23 15:04:01.817] [PSS] [info] [3128|24280]streaming_driver_interface_impl.cpp:87 SubmitViewFrames: submit view frames {view_texture_handles: 3221231170 view_texture_handles: 2147485058 pose { orientation { x: -0.0521035902 y: 0.670044363 z: 0.0595747679 w: 0.738089859 } position { x: 0.107546799 y: 2.04813457 z: 0.023793621 } }}, this= 0x203ae45b020
[2025-05-23 15:04:01.831] [PSS] [info] [3128|24280]streaming_driver_interface_impl.cpp:87 SubmitViewFrames: submit view frames {view_texture_handles: 3221231170 view_texture_handles: 2147485058 pose { orientation { x: -0.0477261953 y: 0.675512 z: 0.0591576137 w: 0.733420849 } position { x: 0.106433079 y: 2.0497086 z: 0.0257780403 } }}, this= 0x203ae45b020
[2025-05-23 15:04:01.844] [PSS] [info] [3128|24280]streaming_driver_interface_impl.cpp:87 SubmitViewFrames: submit view frames {view_texture_handles: 3221231170 view_texture_handles: 2147485058 pose { orientation { x: -0.0411965 y: 0.682107091 z: 0.058777824 w: 0.727721095 } position { x: 0.105349846 y: 2.05116487 z: 0.0277878456 } }}, this= 0x203ae45b020
[2025-05-23 15:04:01.856] [PSS] [info] [3128|24280]streaming_driver_interface_impl.cpp:87 SubmitViewFrames: submit view frames {view_texture_handles: 3221231170 view_texture_handles: 2147485058 pose { orientation { x: -0.033911135 y: 0.688966155 z: 0.0592341609 w: 0.721572578 } position { x: 0.104514442 y: 2.05207896 z: 0.0295103714 } }}, this= 0x203ae45b020
[2025-05-23 15:04:01.884] [PSS] [info] [3128|24280]streaming_driver_interface_impl.cpp:87 SubmitViewFrames: submit view frames {view_texture_handles: 3221231170 view_texture_handles: 2147485058 pose { orientation { x: -0.0153783243 y: 0.70404917 z: 0.064720206 w: 0.707028687 } position { x: 0.102767915 y: 2.05403352 z: 0.0327705666 } }}, this= 0x203ae45b020
[2025-05-23 15:04:01.888] [PSS] [info] [3128|24280]streaming_driver_interface_impl.cpp:87 SubmitViewFrames: submit view frames {view_texture_handles: 3221231170 view_texture_handles: 2147485058 pose { orientation { x: -0.00842146 y: 0.710519969 z: 0.0692737103 w: 0.700208306 } position { x: 0.101795539 y: 2.05446124 z: 0.0344946235 } }}, this= 0x203ae45b020
[2025-05-23 15:04:01.899] [PSS] [info] [3128|24280]streaming_driver_interface_impl.cpp:87 SubmitViewFrames: submit view frames {view_texture_handles: 3221231170 view_texture_handles: 2147485058 pose { orientation { x: -0.00842146 y: 0.710519969 z: 0.0692737103 w: 0.700208306 } position { x: 0.101795539 y: 2.05446124 z: 0.0344946235 } }}, this= 0x203ae45b020
[2025-05-23 15:04:01.913] [PSS] [info] [3128|24280]streaming_driver_interface_impl.cpp:87 SubmitViewFrames: submit view frames {view_texture_handles: 3221231170 view_texture_handles: 2147485058 pose { orientation { x: -0.00161025673 y: 0.716480136 z: 0.0743292272 w: 0.69363445 } position { x: 0.100795269 y: 2.05473471 z: 0.0363303572 } }}, this= 0x203ae45b020
[2025-05-23 15:04:01.927] [PSS] [info] [3128|24280]streaming_driver_interface_impl.cpp:87 SubmitViewFrames: submit view frames {view_texture_handles: 3221231170 view_texture_handles: 2147485058 pose { orientation { x: 0.00330639514 y: 0.721523225 z: 0.0794011429 w: 0.687814593 } position { x: 0.0998170078 y: 2.05508637 z: 0.0381759256 } }}, this= 0x203ae45b020
[2025-05-23 15:04:01.940] [PSS] [info] [3128|24280]streaming_driver_interface_impl.cpp:87 SubmitViewFrames: submit view frames {view_texture_handles: 3221231170 view_texture_handles: 2147485058 pose { orientation { x: 0.00704913726 y: 0.726092517 z: 0.0847780257 w: 0.682314217 } position { x: 0.0984675512 y: 2.05515575 z: 0.0399104767 } }}, this= 0x203ae45b020
[2025-05-23 15:04:01.957] [PSS] [info] [3128|24280]streaming_driver_interface_impl.cpp:87 SubmitViewFrames: submit view frames {view_texture_handles: 3221231170 view_texture_handles: 2147485058 pose { orientation { x: 0.00983816478 y: 0.730086446 z: 0.0913146287 w: 0.677154839 } position { x: 0.0971865952 y: 2.05505967 z: 0.0413098894 } }}, this= 0x203ae45b020
[2025-05-23 15:04:01.970] [PSS] [info] [3128|24280]streaming_driver_interface_impl.cpp:87 SubmitViewFrames: submit view frames {view_texture_handles: 3221231170 view_texture_handles: 2147485058 pose { orientation { x: 0.011323059 y: 0.734589517 z: 0.106361069 w: 0.670028 } position { x: 0.0948374048 y: 2.05403256 z: 0.0429717936 } }}, this= 0x203ae45b020
[2025-05-23 15:04:01.983] [PSS] [info] [3128|24280]streaming_driver_interface_impl.cpp:87 SubmitViewFrames: submit view frames {view_texture_handles: 3221231170 view_texture_handles: 2147485058 pose { orientation { x: 0.011323059 y: 0.734589517 z: 0.106361069 w: 0.670028 } position { x: 0.0948374048 y: 2.05403256 z: 0.0429717936 } }}, this= 0x203ae45b020
[2025-05-23 15:04:01.996] [PSS] [info] [3128|24280]streaming_driver_interface_impl.cpp:87 SubmitViewFrames: submit view frames {view_texture_handles: 3221231170 view_texture_handles: 2147485058 pose { orientation { x: 0.010567449 y: 0.735195 z: 0.115291491 w: 0.667895615 } position { x: 0.0939215273 y: 2.05356765 z: 0.0433625802 } }}, this= 0x203ae45b020
[2025-05-23 15:04:02.010] [PSS] [info] [3128|24280]streaming_driver_interface_impl.cpp:87 SubmitViewFrames: submit view frames {view_texture_handles: 3221231170 view_texture_handles: 2147485058 pose { orientation { x: 0.00869664643 y: 0.734667718 z: 0.125044599 w: 0.666747034 } position { x: 0.0931302458 y: 2.0529995 z: 0.0437226072 } }}, this= 0x203ae45b020
[2025-05-23 15:04:02.037] [PSS] [info] [3128|24280]streaming_driver_interface_impl.cpp:87 SubmitViewFrames: submit view frames {view_texture_handles: 3221231170 view_texture_handles: 2147485058 pose { orientation { x: 0.00429480942 y: 0.731758237 z: 0.141794726 w: 0.666637719 } position { x: 0.0919447169 y: 2.0524416 z: 0.0449252389 } }}, this= 0x203ae45b020
[2025-05-23 15:04:02.040] [PSS] [info] [3128|24280]streaming_driver_interface_impl.cpp:87 SubmitViewFrames: submit view frames {view_texture_handles: 3221231170 view_texture_handles: 2147485058 pose { orientation { x: 0.00261731632 y: 0.729988873 z: 0.14863117 w: 0.667096794 } position { x: 0.0915575773 y: 2.05210543 z: 0.0455633029 } }}, this= 0x203ae45b020
[2025-05-23 15:04:02.055] [PSS] [info] [3128|24280]streaming_driver_interface_impl.cpp:87 SubmitViewFrames: submit view frames {view_texture_handles: 3221231170 view_texture_handles: 2147485058 pose { orientation { x: 0.000949772773 y: 0.728126287 z: 0.155292287 w: 0.667619288 } position { x: 0.0914458409 y: 2.05160379 z: 0.0461395979 } }}, this= 0x203ae45b020
[2025-05-23 15:04:02.066] [PSS] [info] [3128|24280]streaming_driver_interface_impl.cpp:87 SubmitViewFrames: submit view frames {view_texture_handles: 3221231170 view_texture_handles: 2147485058 pose { orientation { x: 0.000949772773 y: 0.728126287 z: 0.155292287 w: 0.667619288 } position { x: 0.0914458409 y: 2.05160379 z: 0.0461395979 } }}, this= 0x203ae45b020
[2025-05-23 15:04:02.083] [PSS] [info] [3128|24280]streaming_driver_interface_impl.cpp:87 SubmitViewFrames: submit view frames {view_texture_handles: 3221231170 view_texture_handles: 2147485058 pose { orientation { x: -0.00124411425 y: 0.724413157 z: 0.165835366 w: 0.669120848 } position { x: 0.0914965495 y: 2.04990959 z: 0.0463528298 } }}, this= 0x203ae45b020
[2025-05-23 15:04:02.096] [PSS] [info] [3128|24280]streaming_driver_interface_impl.cpp:87 SubmitViewFrames: submit view frames {view_texture_handles: 3221231170 view_texture_handles: 2147485058 pose { orientation { x: -0.00298738224 y: 0.722597122 z: 0.16989395 w: 0.670060158 } position { x: 0.0916015282 y: 2.04899597 z: 0.0461036563 } }}, this= 0x203ae45b020
[2025-05-23 15:04:02.110] [PSS] [info] [3128|24280]streaming_driver_interface_impl.cpp:87 SubmitViewFrames: submit view frames {view_texture_handles: 3221231170 view_texture_handles: 2147485058 pose { orientation { x: -0.00555477478 y: 0.720529735 z: 0.173323467 w: 0.671390355 } position { x: 0.0917119682 y: 2.04794335 z: 0.0454463884 } }}, this= 0x203ae45b020
[2025-05-23 15:04:02.124] [PSS] [info] [3128|24280]streaming_driver_interface_impl.cpp:87 SubmitViewFrames: submit view frames {view_texture_handles: 3221231170 view_texture_handles: 2147485058 pose { orientation { x: -0.008493701 y: 0.718509495 z: 0.175447777 w: 0.67297107 } position { x: 0.0920672 y: 2.04720354 z: 0.0447320454 } }}, this= 0x203ae45b020
[2025-05-23 15:04:02.137] [PSS] [info] [3128|24280]streaming_driver_interface_impl.cpp:87 SubmitViewFrames: submit view frames {view_texture_handles: 3221231170 view_texture_handles: 2147485058 pose { orientation { x: -0.008493701 y: 0.718509495 z: 0.175447777 w: 0.67297107 } position { x: 0.0920672 y: 2.04720354 z: 0.0447320454 } }}, this= 0x203ae45b020
[2025-05-23 15:04:02.149] [PSS] [info] [3128|24280]streaming_driver_interface_impl.cpp:87 SubmitViewFrames: submit view frames {view_texture_handles: 3221231170 view_texture_handles: 2147485058 pose { orientation { x: -0.0119406069 y: 0.716182172 z: 0.176934063 w: 0.675007403 } position { x: 0.0925498 y: 2.04674459 z: 0.0439803563 } }}, this= 0x203ae45b020
[2025-05-23 15:04:02.166] [PSS] [info] [3128|24280]streaming_driver_interface_impl.cpp:87 SubmitViewFrames: submit view frames {view_texture_handles: 3221231170 view_texture_handles: 2147485058 pose { orientation { x: -0.0181013029 y: 0.710816562 z: 0.176732853 w: 0.680571556 } position { x: 0.0940569565 y: 2.0466392 z: 0.0427625589 } }}, this= 0x203ae45b020
[2025-05-23 15:04:02.187] [PSS] [info] [3128|24280]streaming_driver_interface_impl.cpp:87 SubmitViewFrames: submit view frames {view_texture_handles: 3221231170 view_texture_handles: 2147485058 pose { orientation { x: -0.0199218299 y: 0.707957268 z: 0.175090417 w: 0.683917403 } position { x: 0.094851464 y: 2.04672217 z: 0.0423555449 } }}, this= 0x203ae45b020
[2025-05-23 15:04:02.194] [PSS] [info] [3128|24280]streaming_driver_interface_impl.cpp:87 SubmitViewFrames: submit view frames {view_texture_handles: 3221231170 view_texture_handles: 2147485058 pose { orientation { x: -0.0211760234 y: 0.705202162 z: 0.172647312 w: 0.68733865 } position { x: 0.0956145823 y: 2.04655433 z: 0.0418599844 } }}, this= 0x203ae45b020
[2025-05-23 15:04:02.208] [PSS] [info] [3128|24280]streaming_driver_interface_impl.cpp:87 SubmitViewFrames: submit view frames {view_texture_handles: 3221231170 view_texture_handles: 2147485058 pose { orientation { x: -0.0224537067 y: 0.702649057 z: 0.168967858 w: 0.690818369 } position { x: 0.0964844525 y: 2.04620886 z: 0.0412251763 } }}, this= 0x203ae45b020
[2025-05-23 15:04:02.221] [PSS] [info] [3128|24280]streaming_driver_interface_impl.cpp:87 SubmitViewFrames: submit view frames {view_texture_handles: 3221231170 view_texture_handles: 2147485058 pose { orientation { x: -0.024247529 y: 0.700083375 z: 0.163866699 w: 0.694581151 } position { x: 0.0972440615 y: 2.04593182 z: 0.040448267 } }}, this= 0x203ae45b020
[2025-05-23 15:04:02.235] [PSS] [info] [3128|24280]streaming_driver_interface_impl.cpp:87 SubmitViewFrames: submit view frames {view_texture_handles: 3221231170 view_texture_handles: 2147485058 pose { orientation { x: -0.0260814708 y: 0.697951555 z: 0.158601582 w: 0.697874606 } position { x: 0.0980033129 y: 2.04580688 z: 0.0395760387 } }}, this= 0x203ae45b020
[2025-05-23 15:04:02.250] [PSS] [info] [3128|24280]streaming_driver_interface_impl.cpp:87 SubmitViewFrames: submit view frames {view_texture_handles: 3221231170 view_texture_handles: 2147485058 pose { orientation { x: -0.0278179944 y: 0.695942581 z: 0.153386638 w: 0.700972617 } position { x: 0.0988105 y: 2.04586554 z: 0.0385715105 } }}, this= 0x203ae45b020
[2025-05-23 15:04:02.263] [PSS] [info] [3128|24280]streaming_driver_interface_impl.cpp:87 SubmitViewFrames: submit view frames {view_texture_handles: 3221231170 view_texture_handles: 2147485058 pose { orientation { x: -0.0293105859 y: 0.694018602 z: 0.147975326 w: 0.703976154 } position { x: 0.0995648354 y: 2.04594922 z: 0.0376048312 } }}, this= 0x203ae45b020
[2025-05-23 15:04:02.277] [PSS] [info] [3128|24280]streaming_driver_interface_impl.cpp:87 SubmitViewFrames: submit view frames {view_texture_handles: 3221231170 view_texture_handles: 2147485058 pose { orientation { x: -0.0307740625 y: 0.692106068 z: 0.142455757 w: 0.706929 } position { x: 0.100362383 y: 2.04605031 z: 0.0366439894 } }}, this= 0x203ae45b020
[2025-05-23 15:04:02.291] [PSS] [info] [3128|24280]streaming_driver_interface_impl.cpp:87 SubmitViewFrames: submit view frames {view_texture_handles: 3221231170 view_texture_handles: 2147485058 pose { orientation { x: -0.0322252922 y: 0.690131187 z: 0.136568844 w: 0.709950268 } position { x: 0.101222269 y: 2.04624653 z: 0.0356989093 } }}, this= 0x203ae45b020
[2025-05-23 15:04:02.305] [PSS] [info] [3128|24280]streaming_driver_interface_impl.cpp:87 SubmitViewFrames: submit view frames {view_texture_handles: 3221231170 view_texture_handles: 2147485058 pose { orientation { x: -0.0331989527 y: 0.688240886 z: 0.131474584 w: 0.712696791 } position { x: 0.102031209 y: 2.04635286 z: 0.0347750932 } }}, this= 0x203ae45b020
[2025-05-23 15:04:02.318] [PSS] [info] [3128|24280]streaming_driver_interface_impl.cpp:87 SubmitViewFrames: submit view frames {view_texture_handles: 3221231170 view_texture_handles: 2147485058 pose { orientation { x: -0.0340616181 y: 0.686395168 z: 0.126535773 w: 0.715325236 } position { x: 0.102846481 y: 2.0465138 z: 0.0339269079 } }}, this= 0x203ae45b020
[2025-05-23 15:04:02.337] [PSS] [info] [3128|24280]streaming_driver_interface_impl.cpp:87 SubmitViewFrames: submit view frames {view_texture_handles: 3221231170 view_texture_handles: 2147485058 pose { orientation { x: -0.0349102803 y: 0.684655607 z: 0.121874236 w: 0.717756748 } position { x: 0.103664376 y: 2.04671144 z: 0.0331261456 } }}, this= 0x203ae45b020
[2025-05-23 15:04:02.348] [PSS] [info] [3128|24280]streaming_driver_interface_impl.cpp:87 SubmitViewFrames: submit view frames {view_texture_handles: 3221231170 view_texture_handles: 2147485058 pose { orientation { x: -0.0356518291 y: 0.682931125 z: 0.117375679 w: 0.720109 } position { x: 0.104571596 y: 2.04704642 z: 0.0323222913 } }}, this= 0x203ae45b020
[2025-05-23 15:04:02.362] [PSS] [info] [3128|24280]streaming_driver_interface_impl.cpp:87 SubmitViewFrames: submit view frames {view_texture_handles: 3221231170 view_texture_handles: 2147485058 pose { orientation { x: -0.0359812304 y: 0.681507349 z: 0.113673329 w: 0.722032905 } position { x: 0.105378844 y: 2.04743838 z: 0.0316673405 } }}, this= 0x203ae45b020
[2025-05-23 15:04:02.375] [PSS] [info] [3128|24280]streaming_driver_interface_impl.cpp:87 SubmitViewFrames: submit view frames {view_texture_handles: 3221231170 view_texture_handles: 2147485058 pose { orientation { x: -0.0355719179 y: 0.68006134 z: 0.11058823 w: 0.723893285 } position { x: 0.106080845 y: 2.04780722 z: 0.0310152 } }}, this= 0x203ae45b020
[2025-05-23 15:04:02.389] [PSS] [info] [3128|24280]streaming_driver_interface_impl.cpp:87 SubmitViewFrames: submit view frames {view_texture_handles: 3221231170 view_texture_handles: 2147485058 pose { orientation { x: -0.0348824374 y: 0.678838193 z: 0.107709929 w: 0.725507 } position { x: 0.106730938 y: 2.04807234 z: 0.0303787328 } }}, this= 0x203ae45b020
[2025-05-23 15:04:02.403] [PSS] [info] [3128|24280]streaming_driver_interface_impl.cpp:87 SubmitViewFrames: submit view frames {view_texture_handles: 3221231170 view_texture_handles: 2147485058 pose { orientation { x: -0.0343483202 y: 0.677500427 z: 0.10467498 w: 0.727225244 } position { x: 0.107376829 y: 2.04833937 z: 0.0297667738 } }}, this= 0x203ae45b020
[2025-05-23 15:04:02.417] [PSS] [info] [3128|24280]streaming_driver_interface_impl.cpp:87 SubmitViewFrames: submit view frames {view_texture_handles: 3221231170 view_texture_handles: 2147485058 pose { orientation { x: -0.0340734199 y: 0.676443398 z: 0.102063358 w: 0.728592038 } position { x: 0.107984312 y: 2.04854536 z: 0.0291559864 } }}, this= 0x203ae45b020
[2025-05-23 15:04:02.430] [PSS] [info] [3128|24280]streaming_driver_interface_impl.cpp:87 SubmitViewFrames: submit view frames {view_texture_handles: 3221231170 view_texture_handles: 2147485058 pose { orientation { x: -0.0338535644 y: 0.675438225 z: 0.100145891 w: 0.729799926 } position { x: 0.108553924 y: 2.04875946 z: 0.0284632985 } }}, this= 0x203ae45b020
[2025-05-23 15:04:02.444] [PSS] [info] [3128|24280]streaming_driver_interface_impl.cpp:87 SubmitViewFrames: submit view frames {view_texture_handles: 3221231170 view_texture_handles: 2147485058 pose { orientation { x: -0.0336983502 y: 0.674375415 z: 0.0988897607 w: 0.730960369 } position { x: 0.109044582 y: 2.04888821 z: 0.0278732572 } }}, this= 0x203ae45b020
[2025-05-23 15:04:02.458] [PSS] [info] [3128|24280]streaming_driver_interface_impl.cpp:87 SubmitViewFrames: submit view frames {view_texture_handles: 3221231170 view_texture_handles: 2147485058 pose { orientation { x: -0.0336172 y: 0.67338407 z: 0.0978871062 w: 0.732012331 } position { x: 0.109501481 y: 2.04905605 z: 0.0273475759 } }}, this= 0x203ae45b020
[2025-05-23 15:04:02.474] [PSS] [info] [3128|24280]streaming_driver_interface_impl.cpp:87 SubmitViewFrames: submit view frames {view_texture_handles: 3221231170 view_texture_handles: 2147485058 pose { orientation { x: -0.0335558653 y: 0.672294199 z: 0.0972670242 w: 0.733098626 } position { x: 0.109977715 y: 2.04908085 z: 0.0268673915 } }}, this= 0x203ae45b020
[2025-05-23 15:04:02.489] [PSS] [info] [3128|24280]streaming_driver_interface_impl.cpp:87 SubmitViewFrames: submit view frames {view_texture_handles: 3221231170 view_texture_handles: 2147485058 pose { orientation { x: -0.0334220417 y: 0.671273947 z: 0.0975828 w: 0.733997285 } position { x: 0.110553719 y: 2.04898262 z: 0.0264729206 } }}, this= 0x203ae45b020
[2025-05-23 15:04:02.500] [PSS] [info] [3128|24280]streaming_driver_interface_impl.cpp:87 SubmitViewFrames: submit view frames {view_texture_handles: 3221231170 view_texture_handles: 2147485058 pose { orientation { x: -0.0333192647 y: 0.670446 z: 0.0985497683 w: 0.734629154 } position { x: 0.111113034 y: 2.04888082 z: 0.0260539502 } }}, this= 0x203ae45b020
[2025-05-23 15:04:02.514] [PSS] [info] [3128|24280]streaming_driver_interface_impl.cpp:87 SubmitViewFrames: submit view frames {view_texture_handles: 3221231170 view_texture_handles: 2147485058 pose { orientation { x: -0.0333211571 y: 0.669597745 z: 0.099832125 w: 0.735229313 } position { x: 0.111589283 y: 2.04894 z: 0.0257002469 } }}, this= 0x203ae45b020
[2025-05-23 15:04:02.531] [PSS] [info] [3128|24280]streaming_driver_interface_impl.cpp:87 SubmitViewFrames: submit view frames {view_texture_handles: 3221231170 view_texture_handles: 2147485058 pose { orientation { x: -0.0330378935 y: 0.668777883 z: 0.101206444 w: 0.735800147 } position { x: 0.111940704 y: 2.04904294 z: 0.0253650192 } }}, this= 0x203ae45b020
[2025-05-23 15:04:02.544] [PSS] [info] [3128|24280]streaming_driver_interface_impl.cpp:87 SubmitViewFrames: submit view frames {view_texture_handles: 3221231170 view_texture_handles: 2147485058 pose { orientation { x: -0.0325549096 y: 0.667960048 z: 0.10254582 w: 0.736378908 } position { x: 0.11212863 y: 2.04907203 z: 0.0249240529 } }}, this= 0x203ae45b020
[2025-05-23 15:04:02.558] [PSS] [info] [3128|24280]streaming_driver_interface_impl.cpp:87 SubmitViewFrames: submit view frames {view_texture_handles: 3221231170 view_texture_handles: 2147485058 pose { orientation { x: -0.0319945365 y: 0.66714412 z: 0.104054764 w: 0.736931264 } position { x: 0.112510644 y: 2.0488224 z: 0.0244958177 } }}, this= 0x203ae45b020
[2025-05-23 15:04:02.572] [PSS] [info] [3128|24280]streaming_driver_interface_impl.cpp:87 SubmitViewFrames: submit view frames {view_texture_handles: 3221231170 view_texture_handles: 2147485058 pose { orientation { x: -0.0319643 y: 0.666316211 z: 0.105645418 w: 0.737455189 } position { x: 0.11295525 y: 2.0484519 z: 0.0239072591 } }}, this= 0x203ae45b020
[2025-05-23 15:04:02.585] [PSS] [info] [3128|24280]streaming_driver_interface_impl.cpp:87 SubmitViewFrames: submit view frames {view_texture_handles: 3221231170 view_texture_handles: 2147485058 pose { orientation { x: -0.0324473269 y: 0.665388048 z: 0.107489161 w: 0.7380054 } position { x: 0.113459796 y: 2.04814243 z: 0.0232967697 } }}, this= 0x203ae45b020
[2025-05-23 15:04:02.599] [PSS] [info] [3128|24280]streaming_driver_interface_impl.cpp:87 SubmitViewFrames: submit view frames {view_texture_handles: 3221231170 view_texture_handles: 2147485058 pose { orientation { x: -0.0329684541 y: 0.664279 z: 0.109511882 w: 0.73868376 } position { x: 0.114070311 y: 2.04816198 z: 0.0226504225 } }}, this= 0x203ae45b020
[2025-05-23 15:04:02.613] [PSS] [info] [3128|24280]streaming_driver_interface_impl.cpp:87 SubmitViewFrames: submit view frames {view_texture_handles: 3221231170 view_texture_handles: 2147485058 pose { orientation { x: -0.0330642052 y: 0.663128793 z: 0.111252181 w: 0.739452541 } position { x: 0.114598699 y: 2.04835558 z: 0.0221567489 } }}, this= 0x203ae45b020
[2025-05-23 15:04:02.642] [PSS] [info] [3128|24280]streaming_driver_interface_impl.cpp:87 SubmitViewFrames: submit view frames {view_texture_handles: 3221231170 view_texture_handles: 2147485058 pose { orientation { x: -0.0320351608 y: 0.660424173 z: 0.114100069 w: 0.741481543 } position { x: 0.115671478 y: 2.04860067 z: 0.0213677064 } }}, this= 0x203ae45b020
[2025-05-23 15:04:02.649] [PSS] [info] [3128|24280]streaming_driver_interface_impl.cpp:87 SubmitViewFrames: submit view frames {view_texture_handles: 3221231170 view_texture_handles: 2147485058 pose { orientation { x: -0.0320351608 y: 0.660424173 z: 0.114100069 w: 0.741481543 } position { x: 0.115671478 y: 2.04860067 z: 0.0213677064 } }}, this= 0x203ae45b020
[2025-05-23 15:04:02.658] [PSS] [info] [3128|24280]streaming_driver_interface_impl.cpp:87 SubmitViewFrames: submit view frames {view_texture_handles: 3221231170 view_texture_handles: 2147485058 pose { orientation { x: -0.0313387923 y: 0.659032166 z: 0.115126289 w: 0.742590368 } position { x: 0.116208851 y: 2.04850793 z: 0.0212216545 } }}, this= 0x203ae45b020
[2025-05-23 15:04:02.672] [PSS] [info] [3128|24280]streaming_driver_interface_impl.cpp:87 SubmitViewFrames: submit view frames {view_texture_handles: 3221231170 view_texture_handles: 2147485058 pose { orientation { x: -0.0310864486 y: 0.658159435 z: 0.115437545 w: 0.743326306 } position { x: 0.11665047 y: 2.04832172 z: 0.0212963037 } }}, this= 0x203ae45b020
[2025-05-23 15:04:02.685] [PSS] [info] [3128|24280]streaming_driver_interface_impl.cpp:87 SubmitViewFrames: submit view frames {view_texture_handles: 3221231170 view_texture_handles: 2147485058 pose { orientation { x: -0.0308852885 y: 0.657899857 z: 0.115562133 w: 0.743545055 } position { x: 0.116982304 y: 2.04820824 z: 0.0214481521 } }}, this= 0x203ae45b020
[2025-05-23 15:04:02.699] [PSS] [info] [3128|24280]streaming_driver_interface_impl.cpp:87 SubmitViewFrames: submit view frames {view_texture_handles: 3221231170 view_texture_handles: 2147485058 pose { orientation { x: -0.0302459989 y: 0.658178091 z: 0.115995981 w: 0.743257523 } position { x: 0.117286861 y: 2.04816031 z: 0.0216025412 } }}, this= 0x203ae45b020
[2025-05-23 15:04:02.713] [PSS] [info] [3128|24280]streaming_driver_interface_impl.cpp:87 SubmitViewFrames: submit view frames {view_texture_handles: 3221231170 view_texture_handles: 2147485058 pose { orientation { x: -0.0295829177 y: 0.659053385 z: 0.116521023 w: 0.742426 } position { x: 0.117565311 y: 2.04788208 z: 0.0218585376 } }}, this= 0x203ae45b020
[2025-05-23 15:04:02.727] [PSS] [info] [3128|24280]streaming_driver_interface_impl.cpp:87 SubmitViewFrames: submit view frames {view_texture_handles: 3221231170 view_texture_handles: 2147485058 pose { orientation { x: -0.0292710364 y: 0.660425127 z: 0.116726786 w: 0.741186 } position { x: 0.117753282 y: 2.04771423 z: 0.0221953411 } }}, this= 0x203ae45b020
[2025-05-23 15:04:02.741] [PSS] [info] [3128|24280]streaming_driver_interface_impl.cpp:87 SubmitViewFrames: submit view frames {view_texture_handles: 3221231170 view_texture_handles: 2147485058 pose { orientation { x: -0.0292896573 y: 0.662178934 z: 0.116806865 w: 0.739606202 } position { x: 0.117784046 y: 2.04737139 z: 0.0225249212 } }}, this= 0x203ae45b020
[2025-05-23 15:04:02.756] [PSS] [info] [3128|24280]streaming_driver_interface_impl.cpp:87 SubmitViewFrames: submit view frames {view_texture_handles: 3221231170 view_texture_handles: 2147485058 pose { orientation { x: -0.0295862779 y: 0.664189756 z: 0.116897061 w: 0.737774909 } position { x: 0.117666684 y: 2.04689407 z: 0.0227812063 } }}, this= 0x203ae45b020
[2025-05-23 15:04:02.768] [PSS] [info] [3128|24280]streaming_driver_interface_impl.cpp:87 SubmitViewFrames: submit view frames {view_texture_handles: 3221231170 view_texture_handles: 2147485058 pose { orientation { x: -0.03012296 y: 0.666172445 z: 0.117547639 w: 0.735859692 } position { x: 0.117484055 y: 2.04634309 z: 0.0228445474 } }}, this= 0x203ae45b020
[2025-05-23 15:04:02.790] [PSS] [info] [3128|24280]streaming_driver_interface_impl.cpp:87 SubmitViewFrames: submit view frames {view_texture_handles: 3221231170 view_texture_handles: 2147485058 pose { orientation { x: -0.03114409 y: 0.667899311 z: 0.118470594 w: 0.734101713 } position { x: 0.117351294 y: 2.0456624 z: 0.0228173882 } }}, this= 0x203ae45b020
[2025-05-23 15:04:02.796] [PSS] [info] [3128|24280]streaming_driver_interface_impl.cpp:87 SubmitViewFrames: submit view frames {view_texture_handles: 3221231170 view_texture_handles: 2147485058 pose { orientation { x: -0.0329944454 y: 0.669278622 z: 0.11962419 w: 0.732576072 } position { x: 0.117178917 y: 2.04492521 z: 0.0228642095 } }}, this= 0x203ae45b020
[2025-05-23 15:04:02.812] [PSS] [info] [3128|24280]streaming_driver_interface_impl.cpp:87 SubmitViewFrames: submit view frames {view_texture_handles: 3221231170 view_texture_handles: 2147485058 pose { orientation { x: -0.0354629 y: 0.670430958 z: 0.121536471 w: 0.731090784 } position { x: 0.116967037 y: 2.04417896 z: 0.0228925962 } }}, this= 0x203ae45b020
[2025-05-23 15:04:02.825] [PSS] [info] [3128|24280]streaming_driver_interface_impl.cpp:87 SubmitViewFrames: submit view frames {view_texture_handles: 3221231170 view_texture_handles: 2147485058 pose { orientation { x: -0.037645787 y: 0.67107147 z: 0.124115638 w: 0.729959726 } position { x: 0.116704069 y: 2.04346132 z: 0.022940103 } }}, this= 0x203ae45b020
[2025-05-23 15:04:02.839] [PSS] [info] [3128|24280]streaming_driver_interface_impl.cpp:87 SubmitViewFrames: submit view frames {view_texture_handles: 3221231170 view_texture_handles: 2147485058 pose { orientation { x: -0.0398073867 y: 0.671304822 z: 0.127220094 w: 0.729095519 } position { x: 0.116402298 y: 2.04275966 z: 0.0229161419 } }}, this= 0x203ae45b020
[2025-05-23 15:04:02.853] [PSS] [info] [3128|24280]streaming_driver_interface_impl.cpp:87 SubmitViewFrames: submit view frames {view_texture_handles: 3221231170 view_texture_handles: 2147485058 pose { orientation { x: -0.0421496108 y: 0.671298385 z: 0.130298123 w: 0.72842592 } position { x: 0.116230533 y: 2.04218626 z: 0.022978412 } }}, this= 0x203ae45b020
[2025-05-23 15:04:02.866] [PSS] [info] [3128|24280]streaming_driver_interface_impl.cpp:87 SubmitViewFrames: submit view frames {view_texture_handles: 3221231170 view_texture_handles: 2147485058 pose { orientation { x: -0.0443566069 y: 0.67111361 z: 0.133491 w: 0.727886796 } position { x: 0.115940928 y: 2.04198194 z: 0.0231717862 } }}, this= 0x203ae45b020
[2025-05-23 15:04:02.880] [PSS] [info] [3128|24280]streaming_driver_interface_impl.cpp:87 SubmitViewFrames: submit view frames {view_texture_handles: 3221231170 view_texture_handles: 2147485058 pose { orientation { x: -0.0455810837 y: 0.671106517 z: 0.137172908 w: 0.727132738 } position { x: 0.115707636 y: 2.04198 z: 0.0234019347 } }}, this= 0x203ae45b020
[2025-05-23 15:04:02.895] [PSS] [info] [3128|24280]streaming_driver_interface_impl.cpp:87 SubmitViewFrames: submit view frames {view_texture_handles: 3221231170 view_texture_handles: 2147485058 pose { orientation { x: -0.0459057875 y: 0.67111069 z: 0.141214773 w: 0.726334274 } position { x: 0.115486249 y: 2.0419147 z: 0.0238412563 } }}, this= 0x203ae45b020
[2025-05-23 15:04:02.908] [PSS] [info] [3128|24280]streaming_driver_interface_impl.cpp:87 SubmitViewFrames: submit view frames {view_texture_handles: 3221231170 view_texture_handles: 2147485058 pose { orientation { x: -0.0457619503 y: 0.671375334 z: 0.144643471 w: 0.725423515 } position { x: 0.11539226 y: 2.04190397 z: 0.0242908373 } }}, this= 0x203ae45b020
[2025-05-23 15:04:02.922] [PSS] [info] [3128|24280]streaming_driver_interface_impl.cpp:87 SubmitViewFrames: submit view frames {view_texture_handles: 3221231170 view_texture_handles: 2147485058 pose { orientation { x: -0.0451547094 y: 0.671811759 z: 0.147818431 w: 0.724416792 } position { x: 0.115313992 y: 2.04192376 z: 0.0247435141 } }}, this= 0x203ae45b020
[2025-05-23 15:04:02.940] [PSS] [info] [3128|24280]streaming_driver_interface_impl.cpp:87 SubmitViewFrames: submit view frames {view_texture_handles: 3221231170 view_texture_handles: 2147485058 pose { orientation { x: -0.0439775474 y: 0.672315 z: 0.151054949 w: 0.723353922 } position { x: 0.115302823 y: 2.04189229 z: 0.0252258368 } }}, this= 0x203ae45b020
[2025-05-23 15:04:02.952] [PSS] [info] [3128|24280]streaming_driver_interface_impl.cpp:87 SubmitViewFrames: submit view frames {view_texture_handles: 3221231170 view_texture_handles: 2147485058 pose { orientation { x: -0.0427485555 y: 0.672816694 z: 0.153735459 w: 0.722395778 } position { x: 0.115340061 y: 2.04178762 z: 0.0254887659 } }}, this= 0x203ae45b020
[2025-05-23 15:04:02.965] [PSS] [info] [3128|24280]streaming_driver_interface_impl.cpp:87 SubmitViewFrames: submit view frames {view_texture_handles: 3221231170 view_texture_handles: 2147485058 pose { orientation { x: -0.0416159928 y: 0.673230648 z: 0.156035289 w: 0.72158277 } position { x: 0.115396611 y: 2.04172826 z: 0.0256687254 } }}, this= 0x203ae45b020
[2025-05-23 15:04:02.979] [PSS] [info] [3128|24280]streaming_driver_interface_impl.cpp:87 SubmitViewFrames: submit view frames {view_texture_handles: 3221231170 view_texture_handles: 2147485058 pose { orientation { x: -0.0406291597 y: 0.673445344 z: 0.158052251 w: 0.72099942 } position { x: 0.115499295 y: 2.04179621 z: 0.0256827641 } }}, this= 0x203ae45b020
[2025-05-23 15:04:02.993] [PSS] [info] [3128|24280]streaming_driver_interface_impl.cpp:87 SubmitViewFrames: submit view frames {view_texture_handles: 3221231170 view_texture_handles: 2147485058 pose { orientation { x: -0.0397780389 y: 0.67338872 z: 0.159773543 w: 0.720720291 } position { x: 0.115622163 y: 2.0420053 z: 0.0256406218 } }}, this= 0x203ae45b020
[2025-05-23 15:04:03.007] [PSS] [info] [3128|24280]streaming_driver_interface_impl.cpp:87 SubmitViewFrames: submit view frames {view_texture_handles: 3221231170 view_texture_handles: 2147485058 pose { orientation { x: -0.0388097689 y: 0.673026502 z: 0.161153421 w: 0.720804214 } position { x: 0.115870595 y: 2.04237485 z: 0.0256770439 } }}, this= 0x203ae45b020
[2025-05-23 15:04:03.020] [PSS] [info] [3128|24280]streaming_driver_interface_impl.cpp:87 SubmitViewFrames: submit view frames {view_texture_handles: 3221231170 view_texture_handles: 2147485058 pose { orientation { x: -0.038017679 y: 0.67258 z: 0.161800891 w: 0.721118093 } position { x: 0.11620076 y: 2.04260778 z: 0.0258274842 } }}, this= 0x203ae45b020
[2025-05-23 15:04:03.034] [PSS] [info] [3128|24280]streaming_driver_interface_impl.cpp:87 SubmitViewFrames: submit view frames {view_texture_handles: 3221231170 view_texture_handles: 2147485058 pose { orientation { x: -0.0373086333 y: 0.671912193 z: 0.162047982 w: 0.721721947 } position { x: 0.116542675 y: 2.04279876 z: 0.0260373466 } }}, this= 0x203ae45b020
[2025-05-23 15:04:03.048] [PSS] [info] [3128|24280]streaming_driver_interface_impl.cpp:87 SubmitViewFrames: submit view frames {view_texture_handles: 3221231170 view_texture_handles: 2147485058 pose { orientation { x: -0.0364311188 y: 0.671306849 z: 0.161934853 w: 0.722355187 } position { x: 0.116922826 y: 2.04292607 z: 0.0261972714 } }}, this= 0x203ae45b020
[2025-05-23 15:04:03.063] [PSS] [info] [3128|24280]streaming_driver_interface_impl.cpp:87 SubmitViewFrames: submit view frames {view_texture_handles: 3221231170 view_texture_handles: 2147485058 pose { orientation { x: -0.0356103368 y: 0.67068 z: 0.161347315 w: 0.723109484 } position { x: 0.117298596 y: 2.04311371 z: 0.026455652 } }}, this= 0x203ae45b020
[2025-05-23 15:04:03.077] [PSS] [info] [3128|24280]streaming_driver_interface_impl.cpp:87 SubmitViewFrames: submit view frames {view_texture_handles: 3221231170 view_texture_handles: 2147485058 pose { orientation { x: -0.0347299427 y: 0.670430601 z: 0.160275936 w: 0.723621666 } position { x: 0.11766237 y: 2.04342294 z: 0.0266171973 } }}, this= 0x203ae45b020
[2025-05-23 15:04:03.092] [PSS] [info] [3128|24280]streaming_driver_interface_impl.cpp:87 SubmitViewFrames: submit view frames {view_texture_handles: 3221231170 view_texture_handles: 2147485058 pose { orientation { x: -0.0338023826 y: 0.670408189 z: 0.158877671 w: 0.723994672 } position { x: 0.118041366 y: 2.04376698 z: 0.0267906617 } }}, this= 0x203ae45b020
[2025-05-23 15:04:03.106] [PSS] [info] [3128|24280]streaming_driver_interface_impl.cpp:87 SubmitViewFrames: submit view frames {view_texture_handles: 3221231170 view_texture_handles: 2147485058 pose { orientation { x: -0.0327338316 y: 0.670567632 z: 0.157020554 w: 0.7243011 } position { x: 0.118439071 y: 2.0440259 z: 0.0269650612 } }}, this= 0x203ae45b020
[2025-05-23 15:04:03.120] [PSS] [info] [3128|24280]streaming_driver_interface_impl.cpp:87 SubmitViewFrames: submit view frames {view_texture_handles: 3221231170 view_texture_handles: 2147485058 pose { orientation { x: -0.0317023657 y: 0.670890033 z: 0.155007884 w: 0.72448194 } position { x: 0.118884578 y: 2.0441761 z: 0.0270573664 } }}, this= 0x203ae45b020
[2025-05-23 15:04:03.132] [PSS] [info] [3128|24280]streaming_driver_interface_impl.cpp:87 SubmitViewFrames: submit view frames {view_texture_handles: 3221231170 view_texture_handles: 2147485058 pose { orientation { x: -0.030642651 y: 0.671365 z: 0.152703971 w: 0.724576771 } position { x: 0.119312428 y: 2.04426455 z: 0.0270963032 } }}, this= 0x203ae45b020
[2025-05-23 15:04:03.149] [PSS] [info] [3128|24280]streaming_driver_interface_impl.cpp:87 SubmitViewFrames: submit view frames {view_texture_handles: 3221231170 view_texture_handles: 2147485058 pose { orientation { x: -0.0299245622 y: 0.67170918 z: 0.150132984 w: 0.724825084 } position { x: 0.119637236 y: 2.04432297 z: 0.0269758813 } }}, this= 0x203ae45b020
[2025-05-23 15:04:03.160] [PSS] [info] [3128|24280]streaming_driver_interface_impl.cpp:87 SubmitViewFrames: submit view frames {view_texture_handles: 3221231170 view_texture_handles: 2147485058 pose { orientation { x: -0.0296419933 y: 0.671929181 z: 0.146979257 w: 0.725279 } position { x: 0.119812205 y: 2.04443717 z: 0.0268129427 } }}, this= 0x203ae45b020
[2025-05-23 15:04:03.174] [PSS] [info] [3128|24280]streaming_driver_interface_impl.cpp:87 SubmitViewFrames: submit view frames {view_texture_handles: 3221231170 view_texture_handles: 2147485058 pose { orientation { x: -0.0295711197 y: 0.67199558 z: 0.143508866 w: 0.725915134 } position { x: 0.12002255 y: 2.04473734 z: 0.0266123507 } }}, this= 0x203ae45b020
[2025-05-23 15:04:03.188] [PSS] [info] [3128|24280]streaming_driver_interface_impl.cpp:87 SubmitViewFrames: submit view frames {view_texture_handles: 3221231170 view_texture_handles: 2147485058 pose { orientation { x: -0.0294798892 y: 0.671846569 z: 0.139276758 w: 0.726880372 } position { x: 0.120157853 y: 2.04509354 z: 0.0264264662 } }}, this= 0x203ae45b020
[2025-05-23 15:04:03.202] [PSS] [info] [3128|24280]streaming_driver_interface_impl.cpp:87 SubmitViewFrames: submit view frames {view_texture_handles: 3221231170 view_texture_handles: 2147485058 pose { orientation { x: -0.0295033809 y: 0.67166245 z: 0.134994924 w: 0.727856755 } position { x: 0.120275408 y: 2.0452702 z: 0.0262105074 } }}, this= 0x203ae45b020
[2025-05-23 15:04:03.215] [PSS] [info] [3128|24280]streaming_driver_interface_impl.cpp:87 SubmitViewFrames: submit view frames {view_texture_handles: 3221231170 view_texture_handles: 2147485058 pose { orientation { x: -0.0299528651 y: 0.671477139 z: 0.130536959 w: 0.728822 } position { x: 0.120532826 y: 2.04520917 z: 0.0259616338 } }}, this= 0x203ae45b020
[2025-05-23 15:04:03.229] [PSS] [info] [3128|24280]streaming_driver_interface_impl.cpp:87 SubmitViewFrames: submit view frames {view_texture_handles: 3221231170 view_texture_handles: 2147485058 pose { orientation { x: -0.0310079698 y: 0.671285808 z: 0.125551417 w: 0.729829311 } position { x: 0.120670877 y: 2.0450654 z: 0.0257221423 } }}, this= 0x203ae45b020
[2025-05-23 15:04:03.245] [PSS] [info] [3128|24280]streaming_driver_interface_impl.cpp:87 SubmitViewFrames: submit view frames {view_texture_handles: 3221231170 view_texture_handles: 2147485058 pose { orientation { x: -0.0325499512 y: 0.671149909 z: 0.119821049 w: 0.730849683 } position { x: 0.120749906 y: 2.04507041 z: 0.025393419 } }}, this= 0x203ae45b020
[2025-05-23 15:04:03.259] [PSS] [info] [3128|24280]streaming_driver_interface_impl.cpp:87 SubmitViewFrames: submit view frames {view_texture_handles: 3221231170 view_texture_handles: 2147485058 pose { orientation { x: -0.0340213589 y: 0.671168923 z: 0.114193656 w: 0.73166573 } position { x: 0.12077377 y: 2.04516554 z: 0.0250199232 } }}, this= 0x203ae45b020
[2025-05-23 15:04:03.273] [PSS] [info] [3128|24280]streaming_driver_interface_impl.cpp:87 SubmitViewFrames: submit view frames {view_texture_handles: 3221231170 view_texture_handles: 2147485058 pose { orientation { x: -0.0354975834 y: 0.671081066 z: 0.108449668 w: 0.732549489 } position { x: 0.120771989 y: 2.04539561 z: 0.0246552769 } }}, this= 0x203ae45b020
[2025-05-23 15:04:03.288] [PSS] [info] [3128|24280]streaming_driver_interface_impl.cpp:87 SubmitViewFrames: submit view frames {view_texture_handles: 3221231170 view_texture_handles: 2147485058 pose { orientation { x: -0.0367660671 y: 0.670991 z: 0.102743536 w: 0.733391523 } position { x: 0.120845594 y: 2.04548454 z: 0.0242438279 } }}, this= 0x203ae45b020
[2025-05-23 15:04:03.302] [PSS] [info] [3128|24280]streaming_driver_interface_impl.cpp:87 SubmitViewFrames: submit view frames {view_texture_handles: 3221231170 view_texture_handles: 2147485058 pose { orientation { x: -0.0381134972 y: 0.670782804 z: 0.0971926451 w: 0.734269381 } position { x: 0.120962515 y: 2.0454402 z: 0.0237906873 } }}, this= 0x203ae45b020
[2025-05-23 15:04:03.316] [PSS] [info] [3128|24280]streaming_driver_interface_impl.cpp:87 SubmitViewFrames: submit view frames {view_texture_handles: 3221231170 view_texture_handles: 2147485058 pose { orientation { x: -0.0398615636 y: 0.670301735 z: 0.0912315 w: 0.735379815 } position { x: 0.12096025 y: 2.04549789 z: 0.0232491307 } }}, this= 0x203ae45b020
[2025-05-23 15:04:03.330] [PSS] [info] [3128|24280]streaming_driver_interface_impl.cpp:87 SubmitViewFrames: submit view frames {view_texture_handles: 3221231170 view_texture_handles: 2147485058 pose { orientation { x: -0.0414492674 y: 0.669657767 z: 0.0861077085 w: 0.736495674 } position { x: 0.120916739 y: 2.04556537 z: 0.0226060767 } }}, this= 0x203ae45b020
[2025-05-23 15:04:03.344] [PSS] [info] [3128|24280]streaming_driver_interface_impl.cpp:87 SubmitViewFrames: submit view frames {view_texture_handles: 3221231170 view_texture_handles: 2147485058 pose { orientation { x: -0.0430940203 y: 0.668756902 z: 0.0812777281 w: 0.737767696 } position { x: 0.120922469 y: 2.0454731 z: 0.021941999 } }}, this= 0x203ae45b020
[2025-05-23 15:04:03.357] [PSS] [info] [3128|24280]streaming_driver_interface_impl.cpp:87 SubmitViewFrames: submit view frames {view_texture_handles: 3221231170 view_texture_handles: 2147485058 pose { orientation { x: -0.0453309566 y: 0.667654574 z: 0.0766097531 w: 0.739130199 } position { x: 0.120879039 y: 2.04538155 z: 0.0213640444 } }}, this= 0x203ae45b020
[2025-05-23 15:04:03.371] [PSS] [info] [3128|24280]streaming_driver_interface_impl.cpp:87 SubmitViewFrames: submit view frames {view_texture_handles: 3221231170 view_texture_handles: 2147485058 pose { orientation { x: -0.0479763746 y: 0.666388273 z: 0.0721773133 w: 0.740550756 } position { x: 0.120826162 y: 2.04531026 z: 0.0208178833 } }}, this= 0x203ae45b020
[2025-05-23 15:04:03.395] [PSS] [info] [3128|24280]streaming_driver_interface_impl.cpp:87 SubmitViewFrames: submit view frames {view_texture_handles: 3221231170 view_texture_handles: 2147485058 pose { orientation { x: -0.0525098 y: 0.66410327 z: 0.0660822839 w: 0.742861152 } position { x: 0.120622836 y: 2.04498529 z: 0.019985497 } }}, this= 0x203ae45b020
[2025-05-23 15:04:03.398] [PSS] [info] [3128|24280]streaming_driver_interface_impl.cpp:87 SubmitViewFrames: submit view frames {view_texture_handles: 3221231170 view_texture_handles: 2147485058 pose { orientation { x: -0.0525098 y: 0.66410327 z: 0.0660822839 w: 0.742861152 } position { x: 0.120622836 y: 2.04498529 z: 0.019985497 } }}, this= 0x203ae45b020
[2025-05-23 15:04:03.412] [PSS] [info] [3128|24280]streaming_driver_interface_impl.cpp:87 SubmitViewFrames: submit view frames {view_texture_handles: 3221231170 view_texture_handles: 2147485058 pose { orientation { x: -0.0547562279 y: 0.663176179 z: 0.0636615083 w: 0.743738174 } position { x: 0.12042857 y: 2.04473 z: 0.019681178 } }}, this= 0x203ae45b020
[2025-05-23 15:04:03.426] [PSS] [info] [3128|24280]streaming_driver_interface_impl.cpp:87 SubmitViewFrames: submit view frames {view_texture_handles: 3221231170 view_texture_handles: 2147485058 pose { orientation { x: -0.0570931286 y: 0.662461162 z: 0.0614550263 w: 0.744384885 } position { x: 0.120104857 y: 2.04436851 z: 0.0194403548 } }}, this= 0x203ae45b020
[2025-05-23 15:04:03.440] [PSS] [info] [3128|24280]streaming_driver_interface_impl.cpp:87 SubmitViewFrames: submit view frames {view_texture_handles: 3221231170 view_texture_handles: 2147485058 pose { orientation { x: -0.0593885556 y: 0.662170291 z: 0.0597868338 w: 0.7446 } position { x: 0.119702473 y: 2.04400969 z: 0.019264048 } }}, this= 0x203ae45b020
[2025-05-23 15:04:03.454] [PSS] [info] [3128|24280]streaming_driver_interface_impl.cpp:87 SubmitViewFrames: submit view frames {view_texture_handles: 3221231170 view_texture_handles: 2147485058 pose { orientation { x: -0.0616523027 y: 0.662263453 z: 0.0585004315 w: 0.744435191 } position { x: 0.119341664 y: 2.04356766 z: 0.0190974027 } }}, this= 0x203ae45b020
[2025-05-23 15:04:03.470] [PSS] [info] [3128|24280]streaming_driver_interface_impl.cpp:87 SubmitViewFrames: submit view frames {view_texture_handles: 3221231170 view_texture_handles: 2147485058 pose { orientation { x: -0.0640339702 y: 0.66275847 z: 0.0580932 w: 0.743825316 } position { x: 0.119150631 y: 2.04310656 z: 0.0187475197 } }}, this= 0x203ae45b020
[2025-05-23 15:04:03.483] [PSS] [info] [3128|24280]streaming_driver_interface_impl.cpp:87 SubmitViewFrames: submit view frames {view_texture_handles: 3221231170 view_texture_handles: 2147485058 pose { orientation { x: -0.0656111315 y: 0.663230658 z: 0.0595085323 w: 0.743154764 } position { x: 0.119201235 y: 2.04276609 z: 0.0182166155 } }}, this= 0x203ae45b020
[2025-05-23 15:04:03.498] [PSS] [info] [3128|24280]streaming_driver_interface_impl.cpp:87 SubmitViewFrames: submit view frames {view_texture_handles: 3221231170 view_texture_handles: 2147485058 pose { orientation { x: -0.0663884878 y: 0.663643956 z: 0.0622206926 w: 0.742494345 } position { x: 0.119266018 y: 2.04282212 z: 0.0181671679 } }}, this= 0x203ae45b020
[2025-05-23 15:04:03.511] [PSS] [info] [3128|24280]streaming_driver_interface_impl.cpp:87 SubmitViewFrames: submit view frames {view_texture_handles: 3221231170 view_texture_handles: 2147485058 pose { orientation { x: -0.0668305457 y: 0.664009452 z: 0.0636382177 w: 0.742007613 } position { x: 0.119119562 y: 2.04357982 z: 0.0184763484 } }}, this= 0x203ae45b020
[2025-05-23 15:04:03.524] [PSS] [info] [3128|24280]streaming_driver_interface_impl.cpp:87 SubmitViewFrames: submit view frames {view_texture_handles: 3221231170 view_texture_handles: 2147485058 pose { orientation { x: -0.0658461228 y: 0.664486 z: 0.0641026497 w: 0.741628945 } position { x: 0.118682437 y: 2.04444814 z: 0.018947972 } }}, this= 0x203ae45b020
[2025-05-23 15:04:03.549] [PSS] [info] [3128|24280]streaming_driver_interface_impl.cpp:87 SubmitViewFrames: submit view frames {view_texture_handles: 3221231170 view_texture_handles: 2147485058 pose { orientation { x: -0.0612130128 y: 0.666996 z: 0.0648043156 w: 0.739709198 } position { x: 0.117982641 y: 2.04484558 z: 0.0205429 } }}, this= 0x203ae45b020
[2025-05-23 15:04:03.561] [PSS] [info] [3128|24280]streaming_driver_interface_impl.cpp:87 SubmitViewFrames: submit view frames {view_texture_handles: 3221231170 view_texture_handles: 2147485058 pose { orientation { x: -0.0591814145 y: 0.669031262 z: 0.065275237 w: 0.73799324 } position { x: 0.117406808 y: 2.04455471 z: 0.0211751182 } }}, this= 0x203ae45b020
[2025-05-23 15:04:03.570] [PSS] [info] [3128|24280]streaming_driver_interface_impl.cpp:87 SubmitViewFrames: submit view frames {view_texture_handles: 3221231170 view_texture_handles: 2147485058 pose { orientation { x: -0.057734482 y: 0.671597302 z: 0.0662358701 w: 0.735687852 } position { x: 0.116994254 y: 2.04417491 z: 0.0216300469 } }}, this= 0x203ae45b020
[2025-05-23 15:04:03.584] [PSS] [info] [3128|24280]streaming_driver_interface_impl.cpp:87 SubmitViewFrames: submit view frames {view_texture_handles: 3221231170 view_texture_handles: 2147485058 pose { orientation { x: -0.0571002252 y: 0.674156308 z: 0.0675755516 w: 0.733271062 } position { x: 0.116654336 y: 2.04395795 z: 0.0219985396 } }}, this= 0x203ae45b020
[2025-05-23 15:04:03.598] [PSS] [info] [3128|24280]streaming_driver_interface_impl.cpp:87 SubmitViewFrames: submit view frames {view_texture_handles: 3221231170 view_texture_handles: 2147485058 pose { orientation { x: -0.0570082515 y: 0.676632226 z: 0.0694876462 w: 0.730814874 } position { x: 0.116252124 y: 2.0438416 z: 0.0224067234 } }}, this= 0x203ae45b020
[2025-05-23 15:04:03.612] [PSS] [info] [3128|24280]streaming_driver_interface_impl.cpp:87 SubmitViewFrames: submit view frames {view_texture_handles: 3221231170 view_texture_handles: 2147485058 pose { orientation { x: -0.0570426546 y: 0.67853719 z: 0.0718700066 w: 0.728812814 } position { x: 0.115956828 y: 2.04376483 z: 0.0227052197 } }}, this= 0x203ae45b020
[2025-05-23 15:04:03.626] [PSS] [info] [3128|24280]streaming_driver_interface_impl.cpp:87 SubmitViewFrames: submit view frames {view_texture_handles: 3221231170 view_texture_handles: 2147485058 pose { orientation { x: -0.0567980073 y: 0.679906905 z: 0.0750654936 w: 0.727231622 } position { x: 0.115803868 y: 2.04371452 z: 0.0230115224 } }}, this= 0x203ae45b020
[2025-05-23 15:04:03.640] [PSS] [info] [3128|24280]streaming_driver_interface_impl.cpp:87 SubmitViewFrames: submit view frames {view_texture_handles: 3221231170 view_texture_handles: 2147485058 pose { orientation { x: -0.0563917197 y: 0.68067342 z: 0.078789115 w: 0.726151466 } position { x: 0.115733743 y: 2.04361033 z: 0.02334808 } }}, this= 0x203ae45b020
[2025-05-23 15:04:03.654] [PSS] [info] [3128|24280]streaming_driver_interface_impl.cpp:87 SubmitViewFrames: submit view frames {view_texture_handles: 3221231170 view_texture_handles: 2147485058 pose { orientation { x: -0.0558551587 y: 0.680979609 z: 0.0826273412 w: 0.725478947 } position { x: 0.115636624 y: 2.0436213 z: 0.0237970259 } }}, this= 0x203ae45b020
[2025-05-23 15:04:03.668] [PSS] [info] [3128|24280]streaming_driver_interface_impl.cpp:87 SubmitViewFrames: submit view frames {view_texture_handles: 3221231170 view_texture_handles: 2147485058 pose { orientation { x: -0.055048082 y: 0.680963516 z: 0.0866286606 w: 0.725088894 } position { x: 0.115556806 y: 2.04366207 z: 0.0242665373 } }}, this= 0x203ae45b020
[2025-05-23 15:04:03.679] [PSS] [info] [3128|24280]streaming_driver_interface_impl.cpp:87 SubmitViewFrames: submit view frames {view_texture_handles: 3221231170 view_texture_handles: 2147485058 pose { orientation { x: -0.055048082 y: 0.680963516 z: 0.0866286606 w: 0.725088894 } position { x: 0.115556806 y: 2.04366207 z: 0.0242665373 } }}, this= 0x203ae45b020
[2025-05-23 15:04:03.699] [PSS] [info] [3128|24280]streaming_driver_interface_impl.cpp:87 SubmitViewFrames: submit view frames {view_texture_handles: 3221231170 view_texture_handles: 2147485058 pose { orientation { x: -0.0530683286 y: 0.680683792 z: 0.0933991298 w: 0.724658489 } position { x: 0.115685806 y: 2.04358816 z: 0.0252967086 } }}, this= 0x203ae45b020
[2025-05-23 15:04:03.710] [PSS] [info] [3128|24280]streaming_driver_interface_impl.cpp:87 SubmitViewFrames: submit view frames {view_texture_handles: 3221231170 view_texture_handles: 2147485058 pose { orientation { x: -0.0521482788 y: 0.680634141 z: 0.0960457548 w: 0.724426031 } position { x: 0.115738042 y: 2.04354262 z: 0.0257734 } }}, this= 0x203ae45b020
[2025-05-23 15:04:03.724] [PSS] [info] [3128|24280]streaming_driver_interface_impl.cpp:87 SubmitViewFrames: submit view frames {view_texture_handles: 3221231170 view_texture_handles: 2147485058 pose { orientation { x: -0.0514181443 y: 0.680728376 z: 0.0984208509 w: 0.724070728 } position { x: 0.115844026 y: 2.04347706 z: 0.0263129119 } }}, this= 0x203ae45b020
[2025-05-23 15:04:03.738] [PSS] [info] [3128|24280]streaming_driver_interface_impl.cpp:87 SubmitViewFrames: submit view frames {view_texture_handles: 3221231170 view_texture_handles: 2147485058 pose { orientation { x: -0.0509493463 y: 0.681088746 z: 0.100085385 w: 0.72353667 } position { x: 0.11602553 y: 2.04346085 z: 0.0267063659 } }}, this= 0x203ae45b020
[2025-05-23 15:04:03.752] [PSS] [info] [3128|24280]streaming_driver_interface_impl.cpp:87 SubmitViewFrames: submit view frames {view_texture_handles: 3221231170 view_texture_handles: 2147485058 pose { orientation { x: -0.0505997799 y: 0.681602836 z: 0.101355255 w: 0.7229 } position { x: 0.116174437 y: 2.04341793 z: 0.0270251576 } }}, this= 0x203ae45b020
[2025-05-23 15:04:03.767] [PSS] [info] [3128|24280]streaming_driver_interface_impl.cpp:87 SubmitViewFrames: submit view frames {view_texture_handles: 3221231170 view_texture_handles: 2147485058 pose { orientation { x: -0.0504903086 y: 0.682049096 z: 0.102047749 w: 0.722389102 } position { x: 0.116358869 y: 2.04337835 z: 0.0273285396 } }}, this= 0x203ae45b020
[2025-05-23 15:04:03.781] [PSS] [info] [3128|24280]streaming_driver_interface_impl.cpp:87 SubmitViewFrames: submit view frames {view_texture_handles: 3221231170 view_texture_handles: 2147485058 pose { orientation { x: -0.0504585616 y: 0.682533383 z: 0.102191947 w: 0.721913338 } position { x: 0.116644405 y: 2.04331684 z: 0.0276016016 } }}, this= 0x203ae45b020
[2025-05-23 15:04:03.793] [PSS] [info] [3128|24280]streaming_driver_interface_impl.cpp:87 SubmitViewFrames: submit view frames {view_texture_handles: 3221231170 view_texture_handles: 2147485058 pose { orientation { x: -0.0505264848 y: 0.682810187 z: 0.101966187 w: 0.721678853 } position { x: 0.116987184 y: 2.04332614 z: 0.0278957225 } }}, this= 0x203ae45b020
[2025-05-23 15:04:03.808] [PSS] [info] [3128|24280]streaming_driver_interface_impl.cpp:87 SubmitViewFrames: submit view frames {view_texture_handles: 3221231170 view_texture_handles: 2147485058 pose { orientation { x: -0.0506395027 y: 0.683016121 z: 0.1016187 w: 0.721524954 } position { x: 0.117345154 y: 2.04338551 z: 0.0280916244 } }}, this= 0x203ae45b020
[2025-05-23 15:04:03.820] [PSS] [info] [3128|24280]streaming_driver_interface_impl.cpp:87 SubmitViewFrames: submit view frames {view_texture_handles: 3221231170 view_texture_handles: 2147485058 pose { orientation { x: -0.0505834483 y: 0.683201969 z: 0.100700244 w: 0.72148174 } position { x: 0.117631994 y: 2.04359627 z: 0.0283329394 } }}, this= 0x203ae45b020
[2025-05-23 15:04:03.835] [PSS] [info] [3128|24280]streaming_driver_interface_impl.cpp:87 SubmitViewFrames: submit view frames {view_texture_handles: 3221231170 view_texture_handles: 2147485058 pose { orientation { x: -0.0504828431 y: 0.683241725 z: 0.0992025 w: 0.721658587 } position { x: 0.117957659 y: 2.04392123 z: 0.0285534952 } }}, this= 0x203ae45b020
[2025-05-23 15:04:03.851] [PSS] [info] [3128|24280]streaming_driver_interface_impl.cpp:87 SubmitViewFrames: submit view frames {view_texture_handles: 3221231170 view_texture_handles: 2147485058 pose { orientation { x: -0.0501032621 y: 0.683293104 z: 0.0975158811 w: 0.72186625 } position { x: 0.11818704 y: 2.04416656 z: 0.0287003573 } }}, this= 0x203ae45b020
[2025-05-23 15:04:03.864] [PSS] [info] [3128|24280]streaming_driver_interface_impl.cpp:87 SubmitViewFrames: submit view frames {view_texture_handles: 3221231170 view_texture_handles: 2147485058 pose { orientation { x: -0.0494755358 y: 0.683329165 z: 0.0957391411 w: 0.722113192 } position { x: 0.118418343 y: 2.04429173 z: 0.0288404748 } }}, this= 0x203ae45b020
[2025-05-23 15:04:03.879] [PSS] [info] [3128|24280]streaming_driver_interface_impl.cpp:87 SubmitViewFrames: submit view frames {view_texture_handles: 3221231170 view_texture_handles: 2147485058 pose { orientation { x: -0.0488928743 y: 0.683399558 z: 0.0939656198 w: 0.722319186 } position { x: 0.118648559 y: 2.04426837 z: 0.0288861934 } }}, this= 0x203ae45b020
[2025-05-23 15:04:03.893] [PSS] [info] [3128|24280]streaming_driver_interface_impl.cpp:87 SubmitViewFrames: submit view frames {view_texture_handles: 3221231170 view_texture_handles: 2147485058 pose { orientation { x: -0.0487504043 y: 0.683571696 z: 0.0919128358 w: 0.72243005 } position { x: 0.118795529 y: 2.0442636 z: 0.0289627705 } }}, this= 0x203ae45b020
[2025-05-23 15:04:03.907] [PSS] [info] [3128|24280]streaming_driver_interface_impl.cpp:87 SubmitViewFrames: submit view frames {view_texture_handles: 3221231170 view_texture_handles: 2147485058 pose { orientation { x: -0.0489210784 y: 0.683826685 z: 0.0896258801 w: 0.722464621 } position { x: 0.118926235 y: 2.0443325 z: 0.0289801229 } }}, this= 0x203ae45b020
[2025-05-23 15:04:03.922] [PSS] [info] [3128|24280]streaming_driver_interface_impl.cpp:87 SubmitViewFrames: submit view frames {view_texture_handles: 3221231170 view_texture_handles: 2147485058 pose { orientation { x: -0.0491863713 y: 0.684112072 z: 0.0876186714 w: 0.722422659 } position { x: 0.119044289 y: 2.04443145 z: 0.0290287882 } }}, this= 0x203ae45b020
[2025-05-23 15:04:03.933] [PSS] [info] [3128|24280]streaming_driver_interface_impl.cpp:87 SubmitViewFrames: submit view frames {view_texture_handles: 3221231170 view_texture_handles: 2147485058 pose { orientation { x: -0.0493366197 y: 0.684375703 z: 0.0860502794 w: 0.722351193 } position { x: 0.119206116 y: 2.04445243 z: 0.0290676355 } }}, this= 0x203ae45b020
[2025-05-23 15:04:03.947] [PSS] [info] [3128|24280]streaming_driver_interface_impl.cpp:87 SubmitViewFrames: submit view frames {view_texture_handles: 3221231170 view_texture_handles: 2147485058 pose { orientation { x: -0.0493919663 y: 0.684694409 z: 0.08498656 w: 0.722171247 } position { x: 0.119460292 y: 2.0445025 z: 0.0291214585 } }}, this= 0x203ae45b020
[2025-05-23 15:04:03.961] [PSS] [info] [3128|24280]streaming_driver_interface_impl.cpp:87 SubmitViewFrames: submit view frames {view_texture_handles: 3221231170 view_texture_handles: 2147485058 pose { orientation { x: -0.0493248701 y: 0.684834301 z: 0.0844450518 w: 0.722106695 } position { x: 0.119664021 y: 2.04456401 z: 0.0291776378 } }}, this= 0x203ae45b020
[2025-05-23 15:04:03.975] [PSS] [info] [3128|24280]streaming_driver_interface_impl.cpp:87 SubmitViewFrames: submit view frames {view_texture_handles: 3221231170 view_texture_handles: 2147485058 pose { orientation { x: -0.0490690432 y: 0.685048819 z: 0.0843615085 w: 0.721930385 } position { x: 0.119870842 y: 2.04457712 z: 0.0292191617 } }}, this= 0x203ae45b020
[2025-05-23 15:04:04.002] [PSS] [info] [3128|24280]streaming_driver_interface_impl.cpp:87 SubmitViewFrames: submit view frames {view_texture_handles: 3221231170 view_texture_handles: 2147485058 pose { orientation { x: -0.0481891744 y: 0.685308039 z: 0.085084185 w: 0.721658766 } position { x: 0.120184682 y: 2.0445497 z: 0.0293001495 } }}, this= 0x203ae45b020
[2025-05-23 15:04:04.006] [PSS] [info] [3128|24280]streaming_driver_interface_impl.cpp:87 SubmitViewFrames: submit view frames {view_texture_handles: 3221231170 view_texture_handles: 2147485058 pose { orientation { x: -0.0481891744 y: 0.685308039 z: 0.085084185 w: 0.721658766 } position { x: 0.120184682 y: 2.0445497 z: 0.0293001495 } }}, this= 0x203ae45b020
[2025-05-23 15:04:04.017] [PSS] [info] [3128|24280]streaming_driver_interface_impl.cpp:87 SubmitViewFrames: submit view frames {view_texture_handles: 3221231170 view_texture_handles: 2147485058 pose { orientation { x: -0.0478519835 y: 0.685385346 z: 0.0856486112 w: 0.721541047 } position { x: 0.120332949 y: 2.04443169 z: 0.0293503646 } }}, this= 0x203ae45b020
[2025-05-23 15:04:04.031] [PSS] [info] [3128|24280]streaming_driver_interface_impl.cpp:87 SubmitViewFrames: submit view frames {view_texture_handles: 3221231170 view_texture_handles: 2147485058 pose { orientation { x: -0.0476280935 y: 0.685508668 z: 0.0863247663 w: 0.72135812 } position { x: 0.120448261 y: 2.04428983 z: 0.029352868 } }}, this= 0x203ae45b020
[2025-05-23 15:04:04.045] [PSS] [info] [3128|24280]streaming_driver_interface_impl.cpp:87 SubmitViewFrames: submit view frames {view_texture_handles: 3221231170 view_texture_handles: 2147485058 pose { orientation { x: -0.0475771539 y: 0.685609162 z: 0.0868668631 w: 0.721200824 } position { x: 0.120539241 y: 2.04426312 z: 0.029305676 } }}, this= 0x203ae45b020
[2025-05-23 15:04:04.060] [PSS] [info] [3128|24280]streaming_driver_interface_impl.cpp:87 SubmitViewFrames: submit view frames {view_texture_handles: 3221231170 view_texture_handles: 2147485058 pose { orientation { x: -0.0475125574 y: 0.685826898 z: 0.087338239 w: 0.720941186 } position { x: 0.120600708 y: 2.0442915 z: 0.0293100644 } }}, this= 0x203ae45b020
[2025-05-23 15:04:04.073] [PSS] [info] [3128|24280]streaming_driver_interface_impl.cpp:87 SubmitViewFrames: submit view frames {view_texture_handles: 3221231170 view_texture_handles: 2147485058 pose { orientation { x: -0.0473108329 y: 0.686018229 z: 0.0876493752 w: 0.720734537 } position { x: 0.12069419 y: 2.04430294 z: 0.0293081868 } }}, this= 0x203ae45b020
[2025-05-23 15:04:04.087] [PSS] [info] [3128|24280]streaming_driver_interface_impl.cpp:87 SubmitViewFrames: submit view frames {view_texture_handles: 3221231170 view_texture_handles: 2147485058 pose { orientation { x: -0.0470429845 y: 0.68612 z: 0.0879273 w: 0.720621347 } position { x: 0.120771788 y: 2.04428625 z: 0.0293038618 } }}, this= 0x203ae45b020
[2025-05-23 15:04:04.101] [PSS] [info] [3128|24280]streaming_driver_interface_impl.cpp:87 SubmitViewFrames: submit view frames {view_texture_handles: 3221231170 view_texture_handles: 2147485058 pose { orientation { x: -0.0467643067 y: 0.686194718 z: 0.0880011395 w: 0.720559299 } position { x: 0.120869316 y: 2.04422116 z: 0.0292647015 } }}, this= 0x203ae45b020
[2025-05-23 15:04:04.115] [PSS] [info] [3128|24280]streaming_driver_interface_impl.cpp:87 SubmitViewFrames: submit view frames {view_texture_handles: 3221231170 view_texture_handles: 2147485058 pose { orientation { x: -0.0465995781 y: 0.686237454 z: 0.0880332068 w: 0.720525444 } position { x: 0.120914221 y: 2.04418612 z: 0.0292129181 } }}, this= 0x203ae45b020
[2025-05-23 15:04:04.129] [PSS] [info] [3128|24280]streaming_driver_interface_impl.cpp:87 SubmitViewFrames: submit view frames {view_texture_handles: 3221231170 view_texture_handles: 2147485058 pose { orientation { x: -0.0464390814 y: 0.686268 z: 0.0879497901 w: 0.72051686 } position { x: 0.120971523 y: 2.04421163 z: 0.0291437395 } }}, this= 0x203ae45b020
[2025-05-23 15:04:04.153] [PSS] [info] [3128|24280]streaming_driver_interface_impl.cpp:87 SubmitViewFrames: submit view frames {view_texture_handles: 3221231170 view_texture_handles: 2147485058 pose { orientation { x: -0.0463540033 y: 0.686215162 z: 0.0876599848 w: 0.720607936 } position { x: 0.121016562 y: 2.04417038 z: 0.0289275013 } }}, this= 0x203ae45b020
[2025-05-23 15:04:04.156] [PSS] [info] [3128|24280]streaming_driver_interface_impl.cpp:87 SubmitViewFrames: submit view frames {view_texture_handles: 3221231170 view_texture_handles: 2147485058 pose { orientation { x: -0.0463540033 y: 0.686215162 z: 0.0876599848 w: 0.720607936 } position { x: 0.121016562 y: 2.04417038 z: 0.0289275013 } }}, this= 0x203ae45b020
[2025-05-23 15:04:04.172] [PSS] [info] [3128|24280]streaming_driver_interface_impl.cpp:87 SubmitViewFrames: submit view frames {view_texture_handles: 3221231170 view_texture_handles: 2147485058 pose { orientation { x: -0.0464637391 y: 0.686168909 z: 0.0874423087 w: 0.720671356 } position { x: 0.121071972 y: 2.04415917 z: 0.028792236 } }}, this= 0x203ae45b020
[2025-05-23 15:04:04.184] [PSS] [info] [3128|24280]streaming_driver_interface_impl.cpp:87 SubmitViewFrames: submit view frames {view_texture_handles: 3221231170 view_texture_handles: 2147485058 pose { orientation { x: -0.0467483513 y: 0.686113179 z: 0.0870030224 w: 0.720759153 } position { x: 0.121003971 y: 2.04425454 z: 0.0286729727 } }}, this= 0x203ae45b020
[2025-05-23 15:04:04.201] [PSS] [info] [3128|24280]streaming_driver_interface_impl.cpp:87 SubmitViewFrames: submit view frames {view_texture_handles: 3221231170 view_texture_handles: 2147485058 pose { orientation { x: -0.0470820256 y: 0.68596977 z: 0.0863377 w: 0.720954 } position { x: 0.120920748 y: 2.04437613 z: 0.0285418537 } }}, this= 0x203ae45b020
[2025-05-23 15:04:04.212] [PSS] [info] [3128|24280]streaming_driver_interface_impl.cpp:87 SubmitViewFrames: submit view frames {view_texture_handles: 3221231170 view_texture_handles: 2147485058 pose { orientation { x: -0.0474502258 y: 0.685920715 z: 0.0855047777 w: 0.721075714 } position { x: 0.120871015 y: 2.04445767 z: 0.0284184068 } }}, this= 0x203ae45b020
[2025-05-23 15:04:04.229] [PSS] [info] [3128|24280]streaming_driver_interface_impl.cpp:87 SubmitViewFrames: submit view frames {view_texture_handles: 3221231170 view_texture_handles: 2147485058 pose { orientation { x: -0.0478591807 y: 0.685813427 z: 0.0847717151 w: 0.721237302 } position { x: 0.120815217 y: 2.04460168 z: 0.0283680614 } }}, this= 0x203ae45b020
[2025-05-23 15:04:04.241] [PSS] [info] [3128|24280]streaming_driver_interface_impl.cpp:87 SubmitViewFrames: submit view frames {view_texture_handles: 3221231170 view_texture_handles: 2147485058 pose { orientation { x: -0.0483141653 y: 0.685658276 z: 0.0839776546 w: 0.721447349 } position { x: 0.120754771 y: 2.04482532 z: 0.0283444133 } }}, this= 0x203ae45b020
[2025-05-23 15:04:04.264] [PSS] [info] [3128|24280]streaming_driver_interface_impl.cpp:87 SubmitViewFrames: submit view frames {view_texture_handles: 3221231170 view_texture_handles: 2147485058 pose { orientation { x: -0.0485222265 y: 0.685150385 z: 0.0812377483 w: 0.722229183 } position { x: 0.120075233 y: 2.04589152 z: 0.0283938516 } }}, this= 0x203ae45b020
[2025-05-23 15:04:04.274] [PSS] [info] [3128|24280]streaming_driver_interface_impl.cpp:87 SubmitViewFrames: submit view frames {view_texture_handles: 3221231170 view_texture_handles: 2147485058 pose { orientation { x: -0.0485222265 y: 0.685150385 z: 0.0812377483 w: 0.722229183 } position { x: 0.120075233 y: 2.04589152 z: 0.0283938516 } }}, this= 0x203ae45b020
[2025-05-23 15:04:04.287] [PSS] [info] [3128|24280]streaming_driver_interface_impl.cpp:87 SubmitViewFrames: submit view frames {view_texture_handles: 3221231170 view_texture_handles: 2147485058 pose { orientation { x: -0.0484975688 y: 0.684634447 z: 0.0788875893 w: 0.722980201 } position { x: 0.119617045 y: 2.04655647 z: 0.0283977445 } }}, this= 0x203ae45b020
[2025-05-23 15:04:04.307] [PSS] [info] [3128|24280]streaming_driver_interface_impl.cpp:87 SubmitViewFrames: submit view frames {view_texture_handles: 3221231170 view_texture_handles: 2147485058 pose { orientation { x: -0.049200397 y: 0.682965875 z: 0.0721369609 w: 0.725212514 } position { x: 0.118651889 y: 2.0480423 z: 0.0282594375 } }}, this= 0x203ae45b020
[2025-05-23 15:04:04.316] [PSS] [info] [3128|24280]streaming_driver_interface_impl.cpp:87 SubmitViewFrames: submit view frames {view_texture_handles: 3221231170 view_texture_handles: 2147485058 pose { orientation { x: -0.049200397 y: 0.682965875 z: 0.0721369609 w: 0.725212514 } position { x: 0.118651889 y: 2.0480423 z: 0.0282594375 } }}, this= 0x203ae45b020
[2025-05-23 15:04:04.330] [PSS] [info] [3128|24280]streaming_driver_interface_impl.cpp:87 SubmitViewFrames: submit view frames {view_texture_handles: 3221231170 view_texture_handles: 2147485058 pose { orientation { x: -0.0493219271 y: 0.681236446 z: 0.0682677627 w: 0.727202713 } position { x: 0.11791566 y: 2.04907584 z: 0.0278724246 } }}, this= 0x203ae45b020
[2025-05-23 15:04:04.344] [PSS] [info] [3128|24280]streaming_driver_interface_impl.cpp:87 SubmitViewFrames: submit view frames {view_texture_handles: 3221231170 view_texture_handles: 2147485058 pose { orientation { x: -0.0489145108 y: 0.679012239 z: 0.0652436614 w: 0.729584157 } position { x: 0.117116295 y: 2.04970765 z: 0.027198039 } }}, this= 0x203ae45b020
[2025-05-23 15:04:04.358] [PSS] [info] [3128|24280]streaming_driver_interface_impl.cpp:87 SubmitViewFrames: submit view frames {view_texture_handles: 3221231170 view_texture_handles: 2147485058 pose { orientation { x: -0.0486520231 y: 0.676151752 z: 0.0627976581 w: 0.732467234 } position { x: 0.116178878 y: 2.04997373 z: 0.0264478251 } }}, this= 0x203ae45b020
[2025-05-23 15:04:04.372] [PSS] [info] [3128|24280]streaming_driver_interface_impl.cpp:87 SubmitViewFrames: submit view frames {view_texture_handles: 3221231170 view_texture_handles: 2147485058 pose { orientation { x: -0.0489405394 y: 0.672983408 z: 0.0611735098 w: 0.735497057 } position { x: 0.115120701 y: 2.04992032 z: 0.0255235285 } }}, this= 0x203ae45b020
[2025-05-23 15:04:04.386] [PSS] [info] [3128|24280]streaming_driver_interface_impl.cpp:87 SubmitViewFrames: submit view frames {view_texture_handles: 3221231170 view_texture_handles: 2147485058 pose { orientation { x: -0.0498729832 y: 0.669773519 z: 0.0605189055 w: 0.738412857 } position { x: 0.113979347 y: 2.04967046 z: 0.0246024989 } }}, this= 0x203ae45b020
[2025-05-23 15:04:04.399] [PSS] [info] [3128|24280]streaming_driver_interface_impl.cpp:87 SubmitViewFrames: submit view frames {view_texture_handles: 3221231170 view_texture_handles: 2147485058 pose { orientation { x: -0.0514906906 y: 0.66674763 z: 0.0610834658 w: 0.740989268 } position { x: 0.112669908 y: 2.04945922 z: 0.0236238893 } }}, this= 0x203ae45b020
[2025-05-23 15:04:04.414] [PSS] [info] [3128|24280]streaming_driver_interface_impl.cpp:87 SubmitViewFrames: submit view frames {view_texture_handles: 3221231170 view_texture_handles: 2147485058 pose { orientation { x: -0.0534341224 y: 0.664470136 z: 0.0630811155 w: 0.742728174 } position { x: 0.111731373 y: 2.04927015 z: 0.0228880402 } }}, this= 0x203ae45b020
[2025-05-23 15:04:04.428] [PSS] [info] [3128|24280]streaming_driver_interface_impl.cpp:87 SubmitViewFrames: submit view frames {view_texture_handles: 3221231170 view_texture_handles: 2147485058 pose { orientation { x: -0.0554129221 y: 0.662740409 z: 0.0661230385 w: 0.743863106 } position { x: 0.110748179 y: 2.04911852 z: 0.0224547461 } }}, this= 0x203ae45b020
[2025-05-23 15:04:04.442] [PSS] [info] [3128|24280]streaming_driver_interface_impl.cpp:87 SubmitViewFrames: submit view frames {view_texture_handles: 3221231170 view_texture_handles: 2147485058 pose { orientation { x: -0.057354711 y: 0.661711037 z: 0.0700540245 w: 0.74427247 } position { x: 0.109847113 y: 2.04892707 z: 0.0222369153 } }}, this= 0x203ae45b020
[2025-05-23 15:04:04.457] [PSS] [info] [3128|24280]streaming_driver_interface_impl.cpp:87 SubmitViewFrames: submit view frames {view_texture_handles: 3221231170 view_texture_handles: 2147485058 pose { orientation { x: -0.0591881201 y: 0.661350071 z: 0.0753827691 w: 0.743928969 } position { x: 0.109218247 y: 2.0484066 z: 0.0222481061 } }}, this= 0x203ae45b020
[2025-05-23 15:04:04.471] [PSS] [info] [3128|24280]streaming_driver_interface_impl.cpp:87 SubmitViewFrames: submit view frames {view_texture_handles: 3221231170 view_texture_handles: 2147485058 pose { orientation { x: -0.0602633245 y: 0.661727965 z: 0.0815287828 w: 0.742857695 } position { x: 0.108922072 y: 2.04833746 z: 0.0223038308 } }}, this= 0x203ae45b020
[2025-05-23 15:04:04.485] [PSS] [info] [3128|24280]streaming_driver_interface_impl.cpp:87 SubmitViewFrames: submit view frames {view_texture_handles: 3221231170 view_texture_handles: 2147485058 pose { orientation { x: -0.0603247583 y: 0.662341714 z: 0.088722758 w: 0.741480052 } position { x: 0.108708523 y: 2.0483048 z: 0.0226828828 } }}, this= 0x203ae45b020
[2025-05-23 15:04:04.500] [PSS] [info] [3128|24280]streaming_driver_interface_impl.cpp:87 SubmitViewFrames: submit view frames {view_texture_handles: 3221231170 view_texture_handles: 2147485058 pose { orientation { x: -0.0595952347 y: 0.663378119 z: 0.0963908136 w: 0.739653111 } position { x: 0.108391605 y: 2.04847121 z: 0.0231364854 } }}, this= 0x203ae45b020
[2025-05-23 15:04:04.511] [PSS] [info] [3128|24280]streaming_driver_interface_impl.cpp:87 SubmitViewFrames: submit view frames {view_texture_handles: 3221231170 view_texture_handles: 2147485058 pose { orientation { x: -0.0577308573 y: 0.664961696 z: 0.104929678 w: 0.737212896 } position { x: 0.108074844 y: 2.04879355 z: 0.0236731693 } }}, this= 0x203ae45b020
[2025-05-23 15:04:04.527] [PSS] [info] [3128|24280]streaming_driver_interface_impl.cpp:87 SubmitViewFrames: submit view frames {view_texture_handles: 3221231170 view_texture_handles: 2147485058 pose { orientation { x: -0.0549558438 y: 0.666671515 z: 0.112889484 w: 0.734700561 } position { x: 0.107768834 y: 2.04918 z: 0.0242961403 } }}, this= 0x203ae45b020
[2025-05-23 15:04:04.541] [PSS] [info] [3128|24280]streaming_driver_interface_impl.cpp:87 SubmitViewFrames: submit view frames {view_texture_handles: 3221231170 view_texture_handles: 2147485058 pose { orientation { x: -0.0516900979 y: 0.668620944 z: 0.120431699 w: 0.731963396 } position { x: 0.107433803 y: 2.04932714 z: 0.0250127558 } }}, this= 0x203ae45b020
[2025-05-23 15:04:04.555] [PSS] [info] [3128|24280]streaming_driver_interface_impl.cpp:87 SubmitViewFrames: submit view frames {view_texture_handles: 3221231170 view_texture_handles: 2147485058 pose { orientation { x: -0.0486878604 y: 0.67060715 z: 0.127250731 w: 0.72919333 } position { x: 0.107056096 y: 2.04903436 z: 0.0256940611 } }}, this= 0x203ae45b020
[2025-05-23 15:04:04.567] [PSS] [info] [3128|24280]streaming_driver_interface_impl.cpp:87 SubmitViewFrames: submit view frames {view_texture_handles: 3221231170 view_texture_handles: 2147485058 pose { orientation { x: -0.046848 y: 0.67276752 z: 0.133201331 w: 0.726255238 } position { x: 0.106581233 y: 2.0484879 z: 0.0263503958 } }}, this= 0x203ae45b020
[2025-05-23 15:04:04.583] [PSS] [info] [3128|24280]streaming_driver_interface_impl.cpp:87 SubmitViewFrames: submit view frames {view_texture_handles: 3221231170 view_texture_handles: 2147485058 pose { orientation { x: -0.0459762849 y: 0.674699843 z: 0.137781426 w: 0.723659158 } position { x: 0.106010795 y: 2.04821277 z: 0.026857622 } }}, this= 0x203ae45b020
[2025-05-23 15:04:04.609] [PSS] [info] [3128|24280]streaming_driver_interface_impl.cpp:87 SubmitViewFrames: submit view frames {view_texture_handles: 3221231170 view_texture_handles: 2147485058 pose { orientation { x: -0.0452449173 y: 0.678441584 z: 0.145482 w: 0.718682766 } position { x: 0.104887292 y: 2.04789019 z: 0.027724782 } }}, this= 0x203ae45b020
[2025-05-23 15:04:04.613] [PSS] [info] [3128|24280]streaming_driver_interface_impl.cpp:87 SubmitViewFrames: submit view frames {view_texture_handles: 3221231170 view_texture_handles: 2147485058 pose { orientation { x: -0.0451925322 y: 0.680105 z: 0.149297744 w: 0.716327488 } position { x: 0.104621008 y: 2.04772449 z: 0.0281572696 } }}, this= 0x203ae45b020
[2025-05-23 15:04:04.624] [PSS] [info] [3128|24280]streaming_driver_interface_impl.cpp:87 SubmitViewFrames: submit view frames {view_texture_handles: 3221231170 view_texture_handles: 2147485058 pose { orientation { x: -0.0451925322 y: 0.680105 z: 0.149297744 w: 0.716327488 } position { x: 0.104621008 y: 2.04772449 z: 0.0281572696 } }}, this= 0x203ae45b020
[2025-05-23 15:04:04.638] [PSS] [info] [3128|24280]streaming_driver_interface_impl.cpp:87 SubmitViewFrames: submit view frames {view_texture_handles: 3221231170 view_texture_handles: 2147485058 pose { orientation { x: -0.0453030914 y: 0.681566954 z: 0.153641194 w: 0.714008749 } position { x: 0.104492515 y: 2.04734516 z: 0.0286404826 } }}, this= 0x203ae45b020
[2025-05-23 15:04:04.651] [PSS] [info] [3128|24280]streaming_driver_interface_impl.cpp:87 SubmitViewFrames: submit view frames {view_texture_handles: 3221231170 view_texture_handles: 2147485058 pose { orientation { x: -0.0455934331 y: 0.682549596 z: 0.157736763 w: 0.712156177 } position { x: 0.104398251 y: 2.04694271 z: 0.0290772449 } }}, this= 0x203ae45b020
[2025-05-23 15:04:04.665] [PSS] [info] [3128|24280]streaming_driver_interface_impl.cpp:87 SubmitViewFrames: submit view frames {view_texture_handles: 3221231170 view_texture_handles: 2147485058 pose { orientation { x: -0.04584755 y: 0.683289289 z: 0.161799014 w: 0.710517347 } position { x: 0.10424985 y: 2.04655552 z: 0.0294507481 } }}, this= 0x203ae45b020
[2025-05-23 15:04:04.681] [PSS] [info] [3128|24280]streaming_driver_interface_impl.cpp:87 SubmitViewFrames: submit view frames {view_texture_handles: 3221231170 view_texture_handles: 2147485058 pose { orientation { x: -0.0463563688 y: 0.683866799 z: 0.168432847 w: 0.708383918 } position { x: 0.104074463 y: 2.04599404 z: 0.0301868711 } }}, this= 0x203ae45b020
[2025-05-23 15:04:04.693] [PSS] [info] [3128|24280]streaming_driver_interface_impl.cpp:87 SubmitViewFrames: submit view frames {view_texture_handles: 3221231170 view_texture_handles: 2147485058 pose { orientation { x: -0.0463563688 y: 0.683866799 z: 0.168432847 w: 0.708383918 } position { x: 0.104074463 y: 2.04599404 z: 0.0301868711 } }}, this= 0x203ae45b020
[2025-05-23 15:04:04.707] [PSS] [info] [3128|24280]streaming_driver_interface_impl.cpp:87 SubmitViewFrames: submit view frames {view_texture_handles: 3221231170 view_texture_handles: 2147485058 pose { orientation { x: -0.0465052351 y: 0.683817267 z: 0.170892179 w: 0.707832754 } position { x: 0.104082987 y: 2.04594564 z: 0.0305212289 } }}, this= 0x203ae45b020
[2025-05-23 15:04:04.721] [PSS] [info] [3128|24280]streaming_driver_interface_impl.cpp:87 SubmitViewFrames: submit view frames {view_texture_handles: 3221231170 view_texture_handles: 2147485058 pose { orientation { x: -0.0462804437 y: 0.68378067 z: 0.17295298 w: 0.707382143 } position { x: 0.104175389 y: 2.04589033 z: 0.030777337 } }}, this= 0x203ae45b020
[2025-05-23 15:04:04.735] [PSS] [info] [3128|24280]streaming_driver_interface_impl.cpp:87 SubmitViewFrames: submit view frames {view_texture_handles: 3221231170 view_texture_handles: 2147485058 pose { orientation { x: -0.0457799956 y: 0.683687449 z: 0.174507424 w: 0.707122922 } position { x: 0.104181983 y: 2.04589868 z: 0.0310068689 } }}, this= 0x203ae45b020
[2025-05-23 15:04:04.761] [PSS] [info] [3128|24280]streaming_driver_interface_impl.cpp:87 SubmitViewFrames: submit view frames {view_texture_handles: 3221231170 view_texture_handles: 2147485058 pose { orientation { x: -0.0447431691 y: 0.683543622 z: 0.174694017 w: 0.707282245 } position { x: 0.104151338 y: 2.04589128 z: 0.0312894285 } }}, this= 0x203ae45b020
[2025-05-23 15:04:04.765] [PSS] [info] [3128|24280]streaming_driver_interface_impl.cpp:87 SubmitViewFrames: submit view frames {view_texture_handles: 3221231170 view_texture_handles: 2147485058 pose { orientation { x: -0.0442750417 y: 0.683525145 z: 0.173462749 w: 0.707632482 } position { x: 0.104163453 y: 2.04590964 z: 0.0314168 } }}, this= 0x203ae45b020
[2025-05-23 15:04:04.779] [PSS] [info] [3128|24280]streaming_driver_interface_impl.cpp:87 SubmitViewFrames: submit view frames {view_texture_handles: 3221231170 view_texture_handles: 2147485058 pose { orientation { x: -0.0438375808 y: 0.683437049 z: 0.171912596 w: 0.708122969 } position { x: 0.104232736 y: 2.04560971 z: 0.0314530656 } }}, this= 0x203ae45b020
[2025-05-23 15:04:04.792] [PSS] [info] [3128|24280]streaming_driver_interface_impl.cpp:87 SubmitViewFrames: submit view frames {view_texture_handles: 3221231170 view_texture_handles: 2147485058 pose { orientation { x: -0.0439741537 y: 0.683526278 z: 0.170013174 w: 0.708486855 } position { x: 0.10448616 y: 2.04527307 z: 0.0313436 } }}, this= 0x203ae45b020
[2025-05-23 15:04:04.808] [PSS] [info] [3128|24280]streaming_driver_interface_impl.cpp:87 SubmitViewFrames: submit view frames {view_texture_handles: 3221231170 view_texture_handles: 2147485058 pose { orientation { x: -0.0445824042 y: 0.683596969 z: 0.168033391 w: 0.708852947 } position { x: 0.104832835 y: 2.0451808 z: 0.0312731788 } }}, this= 0x203ae45b020
[2025-05-23 15:04:04.821] [PSS] [info] [3128|24280]streaming_driver_interface_impl.cpp:87 SubmitViewFrames: submit view frames {view_texture_handles: 3221231170 view_texture_handles: 2147485058 pose { orientation { x: -0.0452789962 y: 0.683463514 z: 0.165919811 w: 0.709435046 } position { x: 0.105104715 y: 2.04539657 z: 0.0312960669 } }}, this= 0x203ae45b020
[2025-05-23 15:04:04.835] [PSS] [info] [3128|24280]streaming_driver_interface_impl.cpp:87 SubmitViewFrames: submit view frames {view_texture_handles: 3221231170 view_texture_handles: 2147485058 pose { orientation { x: -0.0456021763 y: 0.68326962 z: 0.16366747 w: 0.710123956 } position { x: 0.105285078 y: 2.04572034 z: 0.0313316397 } }}, this= 0x203ae45b020
[2025-05-23 15:04:04.849] [PSS] [info] [3128|24280]streaming_driver_interface_impl.cpp:87 SubmitViewFrames: submit view frames {view_texture_handles: 3221231170 view_texture_handles: 2147485058 pose { orientation { x: -0.0454726294 y: 0.682855606 z: 0.161535814 w: 0.711018 } position { x: 0.105455078 y: 2.04599309 z: 0.0314203165 } }}, this= 0x203ae45b020
[2025-05-23 15:04:04.862] [PSS] [info] [3128|24280]streaming_driver_interface_impl.cpp:87 SubmitViewFrames: submit view frames {view_texture_handles: 3221231170 view_texture_handles: 2147485058 pose { orientation { x: -0.0452197455 y: 0.682266593 z: 0.15928106 w: 0.71210748 } position { x: 0.105682112 y: 2.04606628 z: 0.0315252729 } }}, this= 0x203ae45b020
[2025-05-23 15:04:04.876] [PSS] [info] [3128|24280]streaming_driver_interface_impl.cpp:87 SubmitViewFrames: submit view frames {view_texture_handles: 3221231170 view_texture_handles: 2147485058 pose { orientation { x: -0.045207236 y: 0.681747 z: 0.157218382 w: 0.713063598 } position { x: 0.10587351 y: 2.04607511 z: 0.0316562913 } }}, this= 0x203ae45b020
[2025-05-23 15:04:04.890] [PSS] [info] [3128|24280]streaming_driver_interface_impl.cpp:87 SubmitViewFrames: submit view frames {view_texture_handles: 3221231170 view_texture_handles: 2147485058 pose { orientation { x: -0.0451816767 y: 0.681438267 z: 0.155428723 w: 0.713752389 } position { x: 0.106005453 y: 2.04604864 z: 0.0317516476 } }}, this= 0x203ae45b020
[2025-05-23 15:04:04.911] [PSS] [info] [3128|24280]streaming_driver_interface_impl.cpp:87 SubmitViewFrames: submit view frames {view_texture_handles: 3221231170 view_texture_handles: 2147485058 pose { orientation { x: -0.0451803096 y: 0.68125 z: 0.15384838 w: 0.714274406 } position { x: 0.1061574 y: 2.04611325 z: 0.0318570919 } }}, this= 0x203ae45b020
[2025-05-23 15:04:04.917] [PSS] [info] [3128|24280]streaming_driver_interface_impl.cpp:87 SubmitViewFrames: submit view frames {view_texture_handles: 3221231170 view_texture_handles: 2147485058 pose { orientation { x: -0.0452098101 y: 0.681255937 z: 0.152143985 w: 0.714631915 } position { x: 0.106279068 y: 2.04635954 z: 0.031971328 } }}, this= 0x203ae45b020
[2025-05-23 15:04:04.931] [PSS] [info] [3128|24280]streaming_driver_interface_impl.cpp:87 SubmitViewFrames: submit view frames {view_texture_handles: 3221231170 view_texture_handles: 2147485058 pose { orientation { x: -0.0450735725 y: 0.681377769 z: 0.15051803 w: 0.714868546 } position { x: 0.106391393 y: 2.04673672 z: 0.0321277939 } }}, this= 0x203ae45b020
[2025-05-23 15:04:04.945] [PSS] [info] [3128|24280]streaming_driver_interface_impl.cpp:87 SubmitViewFrames: submit view frames {view_texture_handles: 3221231170 view_texture_handles: 2147485058 pose { orientation { x: -0.0447459184 y: 0.681530952 z: 0.148904473 w: 0.715081 } position { x: 0.106534697 y: 2.047158 z: 0.0323609859 } }}, this= 0x203ae45b020
[2025-05-23 15:04:04.958] [PSS] [info] [3128|24280]streaming_driver_interface_impl.cpp:87 SubmitViewFrames: submit view frames {view_texture_handles: 3221231170 view_texture_handles: 2147485058 pose { orientation { x: -0.0447459184 y: 0.681530952 z: 0.148904473 w: 0.715081 } position { x: 0.106534697 y: 2.047158 z: 0.0323609859 } }}, this= 0x203ae45b020
[2025-05-23 15:04:04.975] [PSS] [info] [3128|24280]streaming_driver_interface_impl.cpp:87 SubmitViewFrames: submit view frames {view_texture_handles: 3221231170 view_texture_handles: 2147485058 pose { orientation { x: -0.0428751707 y: 0.681870401 z: 0.146390289 w: 0.71539104 } position { x: 0.106887452 y: 2.0480423 z: 0.0325949639 } }}, this= 0x203ae45b020
[2025-05-23 15:04:04.989] [PSS] [info] [3128|24280]streaming_driver_interface_impl.cpp:87 SubmitViewFrames: submit view frames {view_texture_handles: 3221231170 view_texture_handles: 2147485058 pose { orientation { x: -0.0415067561 y: 0.681861 z: 0.145217106 w: 0.715719759 } position { x: 0.10734994 y: 2.04854035 z: 0.0325612314 } }}, this= 0x203ae45b020
[2025-05-23 15:04:05.003] [PSS] [info] [3128|24280]streaming_driver_interface_impl.cpp:87 SubmitViewFrames: submit view frames {view_texture_handles: 3221231170 view_texture_handles: 2147485058 pose { orientation { x: -0.040511094 y: 0.681628048 z: 0.1436501 w: 0.716314673 } position { x: 0.107964426 y: 2.04873776 z: 0.0325853415 } }}, this= 0x203ae45b020
[2025-05-23 15:04:05.016] [PSS] [info] [3128|24280]streaming_driver_interface_impl.cpp:87 SubmitViewFrames: submit view frames {view_texture_handles: 3221231170 view_texture_handles: 2147485058 pose { orientation { x: -0.0403080173 y: 0.681346416 z: 0.141462952 w: 0.717029 } position { x: 0.10868264 y: 2.0487771 z: 0.0326812863 } }}, this= 0x203ae45b020
[2025-05-23 15:04:05.030] [PSS] [info] [3128|24280]streaming_driver_interface_impl.cpp:87 SubmitViewFrames: submit view frames {view_texture_handles: 3221231170 view_texture_handles: 2147485058 pose { orientation { x: -0.0405295268 y: 0.681024671 z: 0.13897112 w: 0.717809 } position { x: 0.109361783 y: 2.04896045 z: 0.0327724852 } }}, this= 0x203ae45b020
[2025-05-23 15:04:05.042] [PSS] [info] [3128|24280]streaming_driver_interface_impl.cpp:87 SubmitViewFrames: submit view frames {view_texture_handles: 3221231170 view_texture_handles: 2147485058 pose { orientation { x: -0.0405425 y: 0.680514574 z: 0.135432348 w: 0.718967557 } position { x: 0.109974332 y: 2.04948831 z: 0.0326158702 } }}, this= 0x203ae45b020
[2025-05-23 15:04:05.061] [PSS] [info] [3128|24280]streaming_driver_interface_impl.cpp:87 SubmitViewFrames: submit view frames {view_texture_handles: 3221231170 view_texture_handles: 2147485058 pose { orientation { x: -0.0403544344 y: 0.679757774 z: 0.131221846 w: 0.72047323 } position { x: 0.11044322 y: 2.05030322 z: 0.032368511 } }}, this= 0x203ae45b020
[2025-05-23 15:04:05.073] [PSS] [info] [3128|24280]streaming_driver_interface_impl.cpp:87 SubmitViewFrames: submit view frames {view_texture_handles: 3221231170 view_texture_handles: 2147485058 pose { orientation { x: -0.0398458876 y: 0.678668141 z: 0.126042172 w: 0.722450852 } position { x: 0.110895403 y: 2.05111694 z: 0.0319012925 } }}, this= 0x203ae45b020
[2025-05-23 15:04:05.087] [PSS] [info] [3128|24280]streaming_driver_interface_impl.cpp:87 SubmitViewFrames: submit view frames {view_texture_handles: 3221231170 view_texture_handles: 2147485058 pose { orientation { x: -0.0392266475 y: 0.677377701 z: 0.120283589 w: 0.724674106 } position { x: 0.111347876 y: 2.05164385 z: 0.0314204283 } }}, this= 0x203ae45b020
[2025-05-23 15:04:05.100] [PSS] [info] [3128|24280]streaming_driver_interface_impl.cpp:87 SubmitViewFrames: submit view frames {view_texture_handles: 3221231170 view_texture_handles: 2147485058 pose { orientation { x: -0.0388795026 y: 0.675866783 z: 0.114314124 w: 0.727065861 } position { x: 0.111895651 y: 2.05193067 z: 0.0308672395 } }}, this= 0x203ae45b020
[2025-05-23 15:04:05.114] [PSS] [info] [3128|24280]streaming_driver_interface_impl.cpp:87 SubmitViewFrames: submit view frames {view_texture_handles: 3221231170 view_texture_handles: 2147485058 pose { orientation { x: -0.0390265658 y: 0.674048722 z: 0.107931249 w: 0.72971642 } position { x: 0.112481013 y: 2.05207229 z: 0.0301588252 } }}, this= 0x203ae45b020
[2025-05-23 15:04:05.128] [PSS] [info] [3128|24280]streaming_driver_interface_impl.cpp:87 SubmitViewFrames: submit view frames {view_texture_handles: 3221231170 view_texture_handles: 2147485058 pose { orientation { x: -0.0396683291 y: 0.672311127 z: 0.101928301 w: 0.732143939 } position { x: 0.112991616 y: 2.0522418 z: 0.0295120683 } }}, this= 0x203ae45b020
[2025-05-23 15:04:05.142] [PSS] [info] [3128|24280]streaming_driver_interface_impl.cpp:87 SubmitViewFrames: submit view frames {view_texture_handles: 3221231170 view_texture_handles: 2147485058 pose { orientation { x: -0.040208485 y: 0.670514166 z: 0.0962353 w: 0.734528959 } position { x: 0.113422185 y: 2.05274463 z: 0.0289465338 } }}, this= 0x203ae45b020
[2025-05-23 15:04:05.156] [PSS] [info] [3128|24280]streaming_driver_interface_impl.cpp:87 SubmitViewFrames: submit view frames {view_texture_handles: 3221231170 view_texture_handles: 2147485058 pose { orientation { x: -0.040386118 y: 0.66889286 z: 0.0911998823 w: 0.736636877 } position { x: 0.11380817 y: 2.05314183 z: 0.0286454167 } }}, this= 0x203ae45b020
[2025-05-23 15:04:05.170] [PSS] [info] [3128|24280]streaming_driver_interface_impl.cpp:87 SubmitViewFrames: submit view frames {view_texture_handles: 3221231170 view_texture_handles: 2147485058 pose { orientation { x: -0.0404995754 y: 0.667605579 z: 0.0865179226 w: 0.73836118 } position { x: 0.114296131 y: 2.05326343 z: 0.0284653716 } }}, this= 0x203ae45b020
[2025-05-23 15:04:05.184] [PSS] [info] [3128|24280]streaming_driver_interface_impl.cpp:87 SubmitViewFrames: submit view frames {view_texture_handles: 3221231170 view_texture_handles: 2147485058 pose { orientation { x: -0.0406689048 y: 0.666813672 z: 0.0830796659 w: 0.739461541 } position { x: 0.114711344 y: 2.0533886 z: 0.0283920858 } }}, this= 0x203ae45b020
[2025-05-23 15:04:05.198] [PSS] [info] [3128|24280]streaming_driver_interface_impl.cpp:87 SubmitViewFrames: submit view frames {view_texture_handles: 3221231170 view_texture_handles: 2147485058 pose { orientation { x: -0.0400914811 y: 0.666358173 z: 0.0810315236 w: 0.740130603 } position { x: 0.11510478 y: 2.05347276 z: 0.028397968 } }}, this= 0x203ae45b020
[2025-05-23 15:04:05.213] [PSS] [info] [3128|24280]streaming_driver_interface_impl.cpp:87 SubmitViewFrames: submit view frames {view_texture_handles: 3221231170 view_texture_handles: 2147485058 pose { orientation { x: -0.0392514728 y: 0.666412771 z: 0.0798498914 w: 0.740254939 } position { x: 0.115422308 y: 2.053442 z: 0.0284453407 } }}, this= 0x203ae45b020
[2025-05-23 15:04:05.225] [PSS] [info] [3128|24280]streaming_driver_interface_impl.cpp:87 SubmitViewFrames: submit view frames {view_texture_handles: 3221231170 view_texture_handles: 2147485058 pose { orientation { x: -0.0384366512 y: 0.666790247 z: 0.0793754607 w: 0.740008712 } position { x: 0.115653597 y: 2.05338717 z: 0.0285336021 } }}, this= 0x203ae45b020
[2025-05-23 15:04:05.241] [PSS] [info] [3128|24280]streaming_driver_interface_impl.cpp:87 SubmitViewFrames: submit view frames {view_texture_handles: 3221231170 view_texture_handles: 2147485058 pose { orientation { x: -0.0376462042 y: 0.667416155 z: 0.0798035 w: 0.739438951 } position { x: 0.115896992 y: 2.05340195 z: 0.0285448562 } }}, this= 0x203ae45b020
[2025-05-23 15:04:05.253] [PSS] [info] [3128|24280]streaming_driver_interface_impl.cpp:87 SubmitViewFrames: submit view frames {view_texture_handles: 3221231170 view_texture_handles: 2147485058 pose { orientation { x: -0.0368512124 y: 0.668101072 z: 0.0812489465 w: 0.738702714 } position { x: 0.116254702 y: 2.05328584 z: 0.028569242 } }}, this= 0x203ae45b020
[2025-05-23 15:04:05.269] [PSS] [info] [3128|24280]streaming_driver_interface_impl.cpp:87 SubmitViewFrames: submit view frames {view_texture_handles: 3221231170 view_texture_handles: 2147485058 pose { orientation { x: -0.0359500758 y: 0.66874671 z: 0.0836420283 w: 0.73789531 } position { x: 0.116609491 y: 2.05322742 z: 0.0285907462 } }}, this= 0x203ae45b020
[2025-05-23 15:04:05.283] [PSS] [info] [3128|24280]streaming_driver_interface_impl.cpp:87 SubmitViewFrames: submit view frames {view_texture_handles: 3221231170 view_texture_handles: 2147485058 pose { orientation { x: -0.0345050916 y: 0.669192612 z: 0.0867489129 w: 0.737201 } position { x: 0.116746493 y: 2.05350518 z: 0.0286741536 } }}, this= 0x203ae45b020
[2025-05-23 15:04:05.296] [PSS] [info] [3128|24280]streaming_driver_interface_impl.cpp:87 SubmitViewFrames: submit view frames {view_texture_handles: 3221231170 view_texture_handles: 2147485058 pose { orientation { x: -0.0322183184 y: 0.669507682 z: 0.0900774598 w: 0.736619055 } position { x: 0.116664909 y: 2.05393338 z: 0.0287948754 } }}, this= 0x203ae45b020
[2025-05-23 15:04:05.310] [PSS] [info] [3128|24280]streaming_driver_interface_impl.cpp:87 SubmitViewFrames: submit view frames {view_texture_handles: 3221231170 view_texture_handles: 2147485058 pose { orientation { x: -0.0299788695 y: 0.669868648 z: 0.0924788937 w: 0.736087561 } position { x: 0.116436012 y: 2.05441976 z: 0.0290585719 } }}, this= 0x203ae45b020
[2025-05-23 15:04:05.324] [PSS] [info] [3128|24280]streaming_driver_interface_impl.cpp:87 SubmitViewFrames: submit view frames {view_texture_handles: 3221231170 view_texture_handles: 2147485058 pose { orientation { x: -0.0275743119 y: 0.67045176 z: 0.0945238397 w: 0.735390604 } position { x: 0.116192959 y: 2.0549407 z: 0.0293945707 } }}, this= 0x203ae45b020
[2025-05-23 15:04:05.338] [PSS] [info] [3128|24280]streaming_driver_interface_impl.cpp:87 SubmitViewFrames: submit view frames {view_texture_handles: 3221231170 view_texture_handles: 2147485058 pose { orientation { x: -0.0252407119 y: 0.671260715 z: 0.0965819061 w: 0.73446846 } position { x: 0.116081253 y: 2.05496645 z: 0.0298572052 } }}, this= 0x203ae45b020
[2025-05-23 15:04:05.365] [PSS] [info] [3128|24280]streaming_driver_interface_impl.cpp:87 SubmitViewFrames: submit view frames {view_texture_handles: 3221231170 view_texture_handles: 2147485058 pose { orientation { x: -0.0242799073 y: 0.673406 z: 0.0995668769 w: 0.7321347 } position { x: 0.115113184 y: 2.05342746 z: 0.0305432603 } }}, this= 0x203ae45b020
[2025-05-23 15:04:05.368] [PSS] [info] [3128|24280]streaming_driver_interface_impl.cpp:87 SubmitViewFrames: submit view frames {view_texture_handles: 3221231170 view_texture_handles: 2147485058 pose { orientation { x: -0.0242799073 y: 0.673406 z: 0.0995668769 w: 0.7321347 } position { x: 0.115113184 y: 2.05342746 z: 0.0305432603 } }}, this= 0x203ae45b020
[2025-05-23 15:04:05.380] [PSS] [info] [3128|24280]streaming_driver_interface_impl.cpp:87 SubmitViewFrames: submit view frames {view_texture_handles: 3221231170 view_texture_handles: 2147485058 pose { orientation { x: -0.025872184 y: 0.674767852 z: 0.100309685 w: 0.73072356 } position { x: 0.114494838 y: 2.05248785 z: 0.0306206327 } }}, this= 0x203ae45b020
[2025-05-23 15:04:05.394] [PSS] [info] [3128|24280]streaming_driver_interface_impl.cpp:87 SubmitViewFrames: submit view frames {view_texture_handles: 3221231170 view_texture_handles: 2147485058 pose { orientation { x: -0.028077228 y: 0.676128805 z: 0.101314597 w: 0.729244053 } position { x: 0.113910131 y: 2.05176377 z: 0.0305617955 } }}, this= 0x203ae45b020
[2025-05-23 15:04:05.408] [PSS] [info] [3128|24280]streaming_driver_interface_impl.cpp:87 SubmitViewFrames: submit view frames {view_texture_handles: 3221231170 view_texture_handles: 2147485058 pose { orientation { x: -0.030539548 y: 0.677533209 z: 0.102918014 w: 0.727615237 } position { x: 0.113299496 y: 2.05124092 z: 0.0303604137 } }}, this= 0x203ae45b020
[2025-05-23 15:04:05.422] [PSS] [info] [3128|24280]streaming_driver_interface_impl.cpp:87 SubmitViewFrames: submit view frames {view_texture_handles: 3221231170 view_texture_handles: 2147485058 pose { orientation { x: -0.0326657631 y: 0.67882 z: 0.104822688 w: 0.72604996 } position { x: 0.112744369 y: 2.05107856 z: 0.0301435255 } }}, this= 0x203ae45b020
[2025-05-23 15:04:05.434] [PSS] [info] [3128|24280]streaming_driver_interface_impl.cpp:87 SubmitViewFrames: submit view frames {view_texture_handles: 3221231170 view_texture_handles: 2147485058 pose { orientation { x: -0.0342553295 y: 0.679706633 z: 0.10697569 w: 0.724832118 } position { x: 0.112285316 y: 2.05102 z: 0.0299569666 } }}, this= 0x203ae45b020
[2025-05-23 15:04:05.448] [PSS] [info] [3128|24280]streaming_driver_interface_impl.cpp:87 SubmitViewFrames: submit view frames {view_texture_handles: 3221231170 view_texture_handles: 2147485058 pose { orientation { x: -0.0354322232 y: 0.680032611 z: 0.109216623 w: 0.72413528 } position { x: 0.11194931 y: 2.05093074 z: 0.0298355818 } }}, this= 0x203ae45b020
[2025-05-23 15:04:05.462] [PSS] [info] [3128|24280]streaming_driver_interface_impl.cpp:87 SubmitViewFrames: submit view frames {view_texture_handles: 3221231170 view_texture_handles: 2147485058 pose { orientation { x: -0.0361977331 y: 0.679943919 z: 0.111352213 w: 0.723855436 } position { x: 0.111730769 y: 2.05082846 z: 0.0297023878 } }}, this= 0x203ae45b020
[2025-05-23 15:04:05.476] [PSS] [info] [3128|24280]streaming_driver_interface_impl.cpp:87 SubmitViewFrames: submit view frames {view_texture_handles: 3221231170 view_texture_handles: 2147485058 pose { orientation { x: -0.0366784483 y: 0.679410279 z: 0.113248244 w: 0.724038124 } position { x: 0.111612618 y: 2.05073762 z: 0.0295795631 } }}, this= 0x203ae45b020
[2025-05-23 15:04:05.490] [PSS] [info] [3128|24280]streaming_driver_interface_impl.cpp:87 SubmitViewFrames: submit view frames {view_texture_handles: 3221231170 view_texture_handles: 2147485058 pose { orientation { x: -0.0369884595 y: 0.678638279 z: 0.114425778 w: 0.724561095 } position { x: 0.111524738 y: 2.05069613 z: 0.0295134019 } }}, this= 0x203ae45b020
[2025-05-23 15:04:05.517] [PSS] [info] [3128|24280]streaming_driver_interface_impl.cpp:87 SubmitViewFrames: submit view frames {view_texture_handles: 3221231170 view_texture_handles: 2147485058 pose { orientation { x: -0.036690481 y: 0.677114189 z: 0.114845902 w: 0.725934267 } position { x: 0.111147463 y: 2.05086017 z: 0.0293846522 } }}, this= 0x203ae45b020
[2025-05-23 15:04:05.520] [PSS] [info] [3128|24280]streaming_driver_interface_impl.cpp:87 SubmitViewFrames: submit view frames {view_texture_handles: 3221231170 view_texture_handles: 2147485058 pose { orientation { x: -0.036690481 y: 0.677114189 z: 0.114845902 w: 0.725934267 } position { x: 0.111147463 y: 2.05086017 z: 0.0293846522 } }}, this= 0x203ae45b020
[2025-05-23 15:04:05.534] [PSS] [info] [3128|24280]streaming_driver_interface_impl.cpp:87 SubmitViewFrames: submit view frames {view_texture_handles: 3221231170 view_texture_handles: 2147485058 pose { orientation { x: -0.0365713164 y: 0.67661804 z: 0.113667928 w: 0.726588 } position { x: 0.110983707 y: 2.05079508 z: 0.0293129086 } }}, this= 0x203ae45b020
[2025-05-23 15:04:05.547] [PSS] [info] [3128|24280]streaming_driver_interface_impl.cpp:87 SubmitViewFrames: submit view frames {view_texture_handles: 3221231170 view_texture_handles: 2147485058 pose { orientation { x: -0.037011195 y: 0.676551342 z: 0.111902773 w: 0.726901829 } position { x: 0.110996954 y: 2.05069017 z: 0.0291794576 } }}, this= 0x203ae45b020
[2025-05-23 15:04:05.562] [PSS] [info] [3128|24280]streaming_driver_interface_impl.cpp:87 SubmitViewFrames: submit view frames {view_texture_handles: 3221231170 view_texture_handles: 2147485058 pose { orientation { x: -0.0374986455 y: 0.676516473 z: 0.11016044 w: 0.727175355 } position { x: 0.111049391 y: 2.05069351 z: 0.0289443061 } }}, this= 0x203ae45b020
[2025-05-23 15:04:05.576] [PSS] [info] [3128|24280]streaming_driver_interface_impl.cpp:87 SubmitViewFrames: submit view frames {view_texture_handles: 3221231170 view_texture_handles: 2147485058 pose { orientation { x: -0.0376699306 y: 0.676393867 z: 0.108506307 w: 0.727529168 } position { x: 0.111129388 y: 2.05071449 z: 0.0286687538 } }}, this= 0x203ae45b020
[2025-05-23 15:04:05.590] [PSS] [info] [3128|24280]streaming_driver_interface_impl.cpp:87 SubmitViewFrames: submit view frames {view_texture_handles: 3221231170 view_texture_handles: 2147485058 pose { orientation { x: -0.0379264429 y: 0.675849557 z: 0.10677316 w: 0.728277743 } position { x: 0.111226186 y: 2.05074048 z: 0.0283160973 } }}, this= 0x203ae45b020
[2025-05-23 15:04:05.601] [PSS] [info] [3128|24280]streaming_driver_interface_impl.cpp:87 SubmitViewFrames: submit view frames {view_texture_handles: 3221231170 view_texture_handles: 2147485058 pose { orientation { x: -0.0382288285 y: 0.675070882 z: 0.105363727 w: 0.729188919 } position { x: 0.111405611 y: 2.05085468 z: 0.0279699657 } }}, this= 0x203ae45b020
[2025-05-23 15:04:05.618] [PSS] [info] [3128|24280]streaming_driver_interface_impl.cpp:87 SubmitViewFrames: submit view frames {view_texture_handles: 3221231170 view_texture_handles: 2147485058 pose { orientation { x: -0.0383506529 y: 0.674141645 z: 0.104371428 w: 0.730184138 } position { x: 0.111501925 y: 2.05103254 z: 0.0276039504 } }}, this= 0x203ae45b020
[2025-05-23 15:04:05.629] [PSS] [info] [3128|24280]streaming_driver_interface_impl.cpp:87 SubmitViewFrames: submit view frames {view_texture_handles: 3221231170 view_texture_handles: 2147485058 pose { orientation { x: -0.0383318849 y: 0.673180759 z: 0.103894822 w: 0.731139 } position { x: 0.111657701 y: 2.05109358 z: 0.0273643751 } }}, this= 0x203ae45b020
[2025-05-23 15:04:05.643] [PSS] [info] [3128|24280]streaming_driver_interface_impl.cpp:87 SubmitViewFrames: submit view frames {view_texture_handles: 3221231170 view_texture_handles: 2147485058 pose { orientation { x: -0.0381358974 y: 0.672235966 z: 0.103843994 w: 0.732025206 } position { x: 0.111871585 y: 2.05102634 z: 0.0272191 } }}, this= 0x203ae45b020
[2025-05-23 15:04:05.667] [PSS] [info] [3128|24280]streaming_driver_interface_impl.cpp:87 SubmitViewFrames: submit view frames {view_texture_handles: 3221231170 view_texture_handles: 2147485058 pose { orientation { x: -0.0378820673 y: 0.671623 z: 0.103906348 w: 0.732591927 } position { x: 0.111994177 y: 2.05097461 z: 0.0270823911 } }}, this= 0x203ae45b020
[2025-05-23 15:04:05.673] [PSS] [info] [3128|24280]streaming_driver_interface_impl.cpp:87 SubmitViewFrames: submit view frames {view_texture_handles: 3221231170 view_texture_handles: 2147485058 pose { orientation { x: -0.0376052186 y: 0.67112112 z: 0.103827491 w: 0.733077168 } position { x: 0.112084381 y: 2.05105639 z: 0.0269650351 } }}, this= 0x203ae45b020
[2025-05-23 15:04:05.687] [PSS] [info] [3128|24280]streaming_driver_interface_impl.cpp:87 SubmitViewFrames: submit view frames {view_texture_handles: 3221231170 view_texture_handles: 2147485058 pose { orientation { x: -0.037273638 y: 0.670959175 z: 0.103545323 w: 0.733282328 } position { x: 0.112205192 y: 2.05118537 z: 0.0267843809 } }}, this= 0x203ae45b020
[2025-05-23 15:04:05.701] [PSS] [info] [3128|24280]streaming_driver_interface_impl.cpp:87 SubmitViewFrames: submit view frames {view_texture_handles: 3221231170 view_texture_handles: 2147485058 pose { orientation { x: -0.0370398909 y: 0.670907676 z: 0.103233315 w: 0.733385146 } position { x: 0.112336203 y: 2.0514164 z: 0.0266137104 } }}, this= 0x203ae45b020
[2025-05-23 15:04:05.714] [PSS] [info] [3128|24280]streaming_driver_interface_impl.cpp:87 SubmitViewFrames: submit view frames {view_texture_handles: 3221231170 view_texture_handles: 2147485058 pose { orientation { x: -0.0363859385 y: 0.670946836 z: 0.103113361 w: 0.733399 } position { x: 0.112484396 y: 2.05155611 z: 0.0264277682 } }}, this= 0x203ae45b020
[2025-05-23 15:04:05.729] [PSS] [info] [3128|24280]streaming_driver_interface_impl.cpp:87 SubmitViewFrames: submit view frames {view_texture_handles: 3221231170 view_texture_handles: 2147485058 pose { orientation { x: -0.03574064 y: 0.671057642 z: 0.103157751 w: 0.733323157 } position { x: 0.11261832 y: 2.05138683 z: 0.0262565129 } }}, this= 0x203ae45b020
[2025-05-23 15:04:05.742] [PSS] [info] [3128|24280]streaming_driver_interface_impl.cpp:87 SubmitViewFrames: submit view frames {view_texture_handles: 3221231170 view_texture_handles: 2147485058 pose { orientation { x: -0.0355309658 y: 0.671170771 z: 0.103103526 w: 0.733237326 } position { x: 0.112709917 y: 2.05113912 z: 0.0260678045 } }}, this= 0x203ae45b020
[2025-05-23 15:04:05.756] [PSS] [info] [3128|24280]streaming_driver_interface_impl.cpp:87 SubmitViewFrames: submit view frames {view_texture_handles: 3221231170 view_texture_handles: 2147485058 pose { orientation { x: -0.0357920639 y: 0.671157777 z: 0.102916732 w: 0.733262777 } position { x: 0.112752885 y: 2.05093622 z: 0.0258921161 } }}, this= 0x203ae45b020
[2025-05-23 15:04:05.770] [PSS] [info] [3128|24280]streaming_driver_interface_impl.cpp:87 SubmitViewFrames: submit view frames {view_texture_handles: 3221231170 view_texture_handles: 2147485058 pose { orientation { x: -0.0363238119 y: 0.671187162 z: 0.102861293 w: 0.733217537 } position { x: 0.112783194 y: 2.0508163 z: 0.0256607477 } }}, this= 0x203ae45b020
[2025-05-23 15:04:05.783] [PSS] [info] [3128|24280]streaming_driver_interface_impl.cpp:87 SubmitViewFrames: submit view frames {view_texture_handles: 3221231170 view_texture_handles: 2147485058 pose { orientation { x: -0.0368620791 y: 0.67120707 z: 0.102752797 w: 0.733187735 } position { x: 0.112762801 y: 2.05095196 z: 0.0254536439 } }}, this= 0x203ae45b020
[2025-05-23 15:04:05.799] [PSS] [info] [3128|24280]streaming_driver_interface_impl.cpp:87 SubmitViewFrames: submit view frames {view_texture_handles: 3221231170 view_texture_handles: 2147485058 pose { orientation { x: -0.0372897796 y: 0.671152651 z: 0.102665603 w: 0.733228 } position { x: 0.112654202 y: 2.05104709 z: 0.0253335591 } }}, this= 0x203ae45b020
[2025-05-23 15:04:05.818] [PSS] [info] [3128|24280]streaming_driver_interface_impl.cpp:87 SubmitViewFrames: submit view frames {view_texture_handles: 3221231170 view_texture_handles: 2147485058 pose { orientation { x: -0.0375980027 y: 0.6712327 z: 0.102737501 w: 0.733129 } position { x: 0.112602413 y: 2.05102086 z: 0.0252898037 } }}, this= 0x203ae45b020
[2025-05-23 15:04:05.827] [PSS] [info] [3128|24280]streaming_driver_interface_impl.cpp:87 SubmitViewFrames: submit view frames {view_texture_handles: 3221231170 view_texture_handles: 2147485058 pose { orientation { x: -0.0379287675 y: 0.671554089 z: 0.103043847 w: 0.732774496 } position { x: 0.112685129 y: 2.05087328 z: 0.0254267603 } }}, this= 0x203ae45b020
[2025-05-23 15:04:05.843] [PSS] [info] [3128|24280]streaming_driver_interface_impl.cpp:87 SubmitViewFrames: submit view frames {view_texture_handles: 3221231170 view_texture_handles: 2147485058 pose { orientation { x: -0.0382979438 y: 0.672143877 z: 0.103532232 w: 0.732145429 } position { x: 0.112838186 y: 2.0507977 z: 0.025630977 } }}, this= 0x203ae45b020
[2025-05-23 15:04:05.855] [PSS] [info] [3128|24280]streaming_driver_interface_impl.cpp:87 SubmitViewFrames: submit view frames {view_texture_handles: 3221231170 view_texture_handles: 2147485058 pose { orientation { x: -0.0382218398 y: 0.672842562 z: 0.104311161 w: 0.731396735 } position { x: 0.113029674 y: 2.05077744 z: 0.025728235 } }}, this= 0x203ae45b020
[2025-05-23 15:04:05.868] [PSS] [info] [3128|24280]streaming_driver_interface_impl.cpp:87 SubmitViewFrames: submit view frames {view_texture_handles: 3221231170 view_texture_handles: 2147485058 pose { orientation { x: -0.0376555622 y: 0.673622966 z: 0.10545595 w: 0.730543077 } position { x: 0.113263875 y: 2.05079317 z: 0.0257777572 } }}, this= 0x203ae45b020
[2025-05-23 15:04:05.883] [PSS] [info] [3128|24280]streaming_driver_interface_impl.cpp:87 SubmitViewFrames: submit view frames {view_texture_handles: 3221231170 view_texture_handles: 2147485058 pose { orientation { x: -0.0366745368 y: 0.674558699 z: 0.106980212 w: 0.729507208 } position { x: 0.113567375 y: 2.05079365 z: 0.0256988462 } }}, this= 0x203ae45b020
[2025-05-23 15:04:05.896] [PSS] [info] [3128|24280]streaming_driver_interface_impl.cpp:87 SubmitViewFrames: submit view frames {view_texture_handles: 3221231170 view_texture_handles: 2147485058 pose { orientation { x: -0.035502214 y: 0.67543751 z: 0.108636953 w: 0.728506565 } position { x: 0.113929316 y: 2.05070543 z: 0.0255637243 } }}, this= 0x203ae45b020
[2025-05-23 15:04:05.911] [PSS] [info] [3128|24280]streaming_driver_interface_impl.cpp:87 SubmitViewFrames: submit view frames {view_texture_handles: 3221231170 view_texture_handles: 2147485058 pose { orientation { x: -0.0346025154 y: 0.67615056 z: 0.109890647 w: 0.727699876 } position { x: 0.114330925 y: 2.05069494 z: 0.0254046936 } }}, this= 0x203ae45b020
[2025-05-23 15:04:05.925] [PSS] [info] [3128|24280]streaming_driver_interface_impl.cpp:87 SubmitViewFrames: submit view frames {view_texture_handles: 3221231170 view_texture_handles: 2147485058 pose { orientation { x: -0.0335812606 y: 0.676633894 z: 0.110975444 w: 0.727133632 } position { x: 0.114750385 y: 2.05080795 z: 0.0251845028 } }}, this= 0x203ae45b020
[2025-05-23 15:04:05.938] [PSS] [info] [3128|24280]streaming_driver_interface_impl.cpp:87 SubmitViewFrames: submit view frames {view_texture_handles: 3221231170 view_texture_handles: 2147485058 pose { orientation { x: -0.0322382823 y: 0.676852345 z: 0.111920342 w: 0.726846218 } position { x: 0.115063801 y: 2.05090046 z: 0.0248915236 } }}, this= 0x203ae45b020
[2025-05-23 15:04:05.952] [PSS] [info] [3128|24280]streaming_driver_interface_impl.cpp:87 SubmitViewFrames: submit view frames {view_texture_handles: 3221231170 view_texture_handles: 2147485058 pose { orientation { x: -0.0309630278 y: 0.67677319 z: 0.112322763 w: 0.726913333 } position { x: 0.115265422 y: 2.05080271 z: 0.0244541764 } }}, this= 0x203ae45b020
[2025-05-23 15:04:05.970] [PSS] [info] [3128|24280]streaming_driver_interface_impl.cpp:87 SubmitViewFrames: submit view frames {view_texture_handles: 3221231170 view_texture_handles: 2147485058 pose { orientation { x: -0.030464666 y: 0.676649868 z: 0.11168918 w: 0.727146745 } position { x: 0.115275845 y: 2.0506041 z: 0.0240869448 } }}, this= 0x203ae45b020
[2025-05-23 15:04:05.981] [PSS] [info] [3128|24280]streaming_driver_interface_impl.cpp:87 SubmitViewFrames: submit view frames {view_texture_handles: 3221231170 view_texture_handles: 2147485058 pose { orientation { x: -0.0306701306 y: 0.676589966 z: 0.110025056 w: 0.72744745 } position { x: 0.11519064 y: 2.0505302 z: 0.0237055384 } }}, this= 0x203ae45b020
[2025-05-23 15:04:05.995] [PSS] [info] [3128|24280]streaming_driver_interface_impl.cpp:87 SubmitViewFrames: submit view frames {view_texture_handles: 3221231170 view_texture_handles: 2147485058 pose { orientation { x: -0.0310482327 y: 0.676538348 z: 0.107656583 w: 0.727833748 } position { x: 0.11501722 y: 2.05063558 z: 0.0233712029 } }}, this= 0x203ae45b020
[2025-05-23 15:04:06.009] [PSS] [info] [3128|24280]streaming_driver_interface_impl.cpp:87 SubmitViewFrames: submit view frames {view_texture_handles: 3221231170 view_texture_handles: 2147485058 pose { orientation { x: -0.031326063 y: 0.676586807 z: 0.104779817 w: 0.728196502 } position { x: 0.114769563 y: 2.05076313 z: 0.0230026785 } }}, this= 0x203ae45b020
[2025-05-23 15:04:06.023] [PSS] [info] [3128|24280]streaming_driver_interface_impl.cpp:87 SubmitViewFrames: submit view frames {view_texture_handles: 3221231170 view_texture_handles: 2147485058 pose { orientation { x: -0.031585604 y: 0.676700056 z: 0.101875171 w: 0.72849226 } position { x: 0.114462122 y: 2.05073953 z: 0.0225268882 } }}, this= 0x203ae45b020
[2025-05-23 15:04:06.037] [PSS] [info] [3128|24280]streaming_driver_interface_impl.cpp:87 SubmitViewFrames: submit view frames {view_texture_handles: 3221231170 view_texture_handles: 2147485058 pose { orientation { x: -0.0322384536 y: 0.677037239 z: 0.0988224521 w: 0.728570819 } position { x: 0.114040844 y: 2.0506897 z: 0.0220316295 } }}, this= 0x203ae45b020
[2025-05-23 15:04:06.050] [PSS] [info] [3128|24280]streaming_driver_interface_impl.cpp:87 SubmitViewFrames: submit view frames {view_texture_handles: 3221231170 view_texture_handles: 2147485058 pose { orientation { x: -0.0331988148 y: 0.677432179 z: 0.0957234204 w: 0.728574276 } position { x: 0.113561 y: 2.05068302 z: 0.0214665048 } }}, this= 0x203ae45b020
[2025-05-23 15:04:06.064] [PSS] [info] [3128|24280]streaming_driver_interface_impl.cpp:87 SubmitViewFrames: submit view frames {view_texture_handles: 3221231170 view_texture_handles: 2147485058 pose { orientation { x: -0.0342010483 y: 0.677893281 z: 0.0924262255 w: 0.728524804 } position { x: 0.112963833 y: 2.05069137 z: 0.0209181663 } }}, this= 0x203ae45b020
[2025-05-23 15:04:06.077] [PSS] [info] [3128|24280]streaming_driver_interface_impl.cpp:87 SubmitViewFrames: submit view frames {view_texture_handles: 3221231170 view_texture_handles: 2147485058 pose { orientation { x: -0.0352454893 y: 0.678171754 z: 0.0893614963 w: 0.728598237 } position { x: 0.112389944 y: 2.0506084 z: 0.0204734839 } }}, this= 0x203ae45b020
[2025-05-23 15:04:06.091] [PSS] [info] [3128|24280]streaming_driver_interface_impl.cpp:87 SubmitViewFrames: submit view frames {view_texture_handles: 3221231170 view_texture_handles: 2147485058 pose { orientation { x: -0.0364293866 y: 0.678380072 z: 0.0864877 w: 0.72869283 } position { x: 0.11185763 y: 2.050421 z: 0.0201253369 } }}, this= 0x203ae45b020
[2025-05-23 15:04:06.105] [PSS] [info] [3128|24280]streaming_driver_interface_impl.cpp:87 SubmitViewFrames: submit view frames {view_texture_handles: 3221231170 view_texture_handles: 2147485058 pose { orientation { x: -0.037564896 y: 0.678608418 z: 0.0842269957 w: 0.728687406 } position { x: 0.111365773 y: 2.05023217 z: 0.0198355298 } }}, this= 0x203ae45b020
[2025-05-23 15:04:06.124] [PSS] [info] [3128|24280]streaming_driver_interface_impl.cpp:87 SubmitViewFrames: submit view frames {view_texture_handles: 3221231170 view_texture_handles: 2147485058 pose { orientation { x: -0.0384793654 y: 0.679013193 z: 0.0831725523 w: 0.72838366 } position { x: 0.111120358 y: 2.05006194 z: 0.0194919072 } }}, this= 0x203ae45b020
[2025-05-23 15:04:06.135] [PSS] [info] [3128|24280]streaming_driver_interface_impl.cpp:87 SubmitViewFrames: submit view frames {view_texture_handles: 3221231170 view_texture_handles: 2147485058 pose { orientation { x: -0.0389188416 y: 0.679478288 z: 0.0834775046 w: 0.727891564 } position { x: 0.111023806 y: 2.04987097 z: 0.0191303752 } }}, this= 0x203ae45b020
[2025-05-23 15:04:06.148] [PSS] [info] [3128|24280]streaming_driver_interface_impl.cpp:87 SubmitViewFrames: submit view frames {view_texture_handles: 3221231170 view_texture_handles: 2147485058 pose { orientation { x: -0.039120134 y: 0.680128753 z: 0.0845451802 w: 0.727149665 } position { x: 0.110932253 y: 2.04967 z: 0.0186782423 } }}, this= 0x203ae45b020
[2025-05-23 15:04:06.162] [PSS] [info] [3128|24280]streaming_driver_interface_impl.cpp:87 SubmitViewFrames: submit view frames {view_texture_handles: 3221231170 view_texture_handles: 2147485058 pose { orientation { x: -0.0392130949 y: 0.680689633 z: 0.0860091746 w: 0.726447761 } position { x: 0.110805467 y: 2.04939127 z: 0.0182282813 } }}, this= 0x203ae45b020
[2025-05-23 15:04:06.176] [PSS] [info] [3128|24280]streaming_driver_interface_impl.cpp:87 SubmitViewFrames: submit view frames {view_texture_handles: 3221231170 view_texture_handles: 2147485058 pose { orientation { x: -0.0395433046 y: 0.681071043 z: 0.0866952538 w: 0.725990713 } position { x: 0.110525079 y: 2.04912949 z: 0.0177911818 } }}, this= 0x203ae45b020
[2025-05-23 15:04:06.189] [PSS] [info] [3128|24280]streaming_driver_interface_impl.cpp:87 SubmitViewFrames: submit view frames {view_texture_handles: 3221231170 view_texture_handles: 2147485058 pose { orientation { x: -0.0402603745 y: 0.681369424 z: 0.0863457 w: 0.725712895 } position { x: 0.110099234 y: 2.04890895 z: 0.0173495803 } }}, this= 0x203ae45b020
[2025-05-23 15:04:06.203] [PSS] [info] [3128|24280]streaming_driver_interface_impl.cpp:87 SubmitViewFrames: submit view frames {view_texture_handles: 3221231170 view_texture_handles: 2147485058 pose { orientation { x: -0.0409545079 y: 0.681611478 z: 0.0855412632 w: 0.725542 } position { x: 0.109805971 y: 2.04883456 z: 0.0169579778 } }}, this= 0x203ae45b020
[2025-05-23 15:04:06.217] [PSS] [info] [3128|24280]streaming_driver_interface_impl.cpp:87 SubmitViewFrames: submit view frames {view_texture_handles: 3221231170 view_texture_handles: 2147485058 pose { orientation { x: -0.0413508043 y: 0.681951225 z: 0.0849981308 w: 0.725264072 } position { x: 0.109733872 y: 2.04862332 z: 0.0166281145 } }}, this= 0x203ae45b020
[2025-05-23 15:04:06.231] [PSS] [info] [3128|24280]streaming_driver_interface_impl.cpp:87 SubmitViewFrames: submit view frames {view_texture_handles: 3221231170 view_texture_handles: 2147485058 pose { orientation { x: -0.0415273421 y: 0.682523847 z: 0.0848036 w: 0.724737942 } position { x: 0.109829083 y: 2.04833436 z: 0.0163128581 } }}, this= 0x203ae45b020
[2025-05-23 15:04:06.245] [PSS] [info] [3128|24280]streaming_driver_interface_impl.cpp:87 SubmitViewFrames: submit view frames {view_texture_handles: 3221231170 view_texture_handles: 2147485058 pose { orientation { x: -0.0414599 y: 0.683203697 z: 0.084866 w: 0.724093616 } position { x: 0.109951042 y: 2.04809523 z: 0.0160055589 } }}, this= 0x203ae45b020
[2025-05-23 15:04:06.259] [PSS] [info] [3128|24280]streaming_driver_interface_impl.cpp:87 SubmitViewFrames: submit view frames {view_texture_handles: 3221231170 view_texture_handles: 2147485058 pose { orientation { x: -0.0412778 y: 0.684083879 z: 0.0846695155 w: 0.723295629 } position { x: 0.110057428 y: 2.04783678 z: 0.0156538431 } }}, this= 0x203ae45b020
[2025-05-23 15:04:06.274] [PSS] [info] [3128|24280]streaming_driver_interface_impl.cpp:87 SubmitViewFrames: submit view frames {view_texture_handles: 3221231170 view_texture_handles: 2147485058 pose { orientation { x: -0.041085083 y: 0.684781611 z: 0.0839681402 w: 0.722727835 } position { x: 0.110175647 y: 2.04775715 z: 0.0153198065 } }}, this= 0x203ae45b020
[2025-05-23 15:04:06.288] [PSS] [info] [3128|24280]streaming_driver_interface_impl.cpp:87 SubmitViewFrames: submit view frames {view_texture_handles: 3221231170 view_texture_handles: 2147485058 pose { orientation { x: -0.0408075191 y: 0.685285866 z: 0.0829322487 w: 0.722385108 } position { x: 0.110294268 y: 2.04770756 z: 0.0149215236 } }}, this= 0x203ae45b020
[2025-05-23 15:04:06.304] [PSS] [info] [3128|24280]streaming_driver_interface_impl.cpp:87 SubmitViewFrames: submit view frames {view_texture_handles: 3221231170 view_texture_handles: 2147485058 pose { orientation { x: -0.0404296815 y: 0.6856668 z: 0.082158722 w: 0.722133219 } position { x: 0.110511325 y: 2.04746366 z: 0.0145482887 } }}, this= 0x203ae45b020
[2025-05-23 15:04:06.317] [PSS] [info] [3128|24280]streaming_driver_interface_impl.cpp:87 SubmitViewFrames: submit view frames {view_texture_handles: 3221231170 view_texture_handles: 2147485058 pose { orientation { x: -0.0403280035 y: 0.685916 z: 0.0813140869 w: 0.721997857 } position { x: 0.110817045 y: 2.04709387 z: 0.0141526097 } }}, this= 0x203ae45b020
[2025-05-23 15:04:06.331] [PSS] [info] [3128|24280]streaming_driver_interface_impl.cpp:87 SubmitViewFrames: submit view frames {view_texture_handles: 3221231170 view_texture_handles: 2147485058 pose { orientation { x: -0.0405726694 y: 0.686128914 z: 0.0805736333 w: 0.72186482 } position { x: 0.110996291 y: 2.04666042 z: 0.0139058819 } }}, this= 0x203ae45b020
[2025-05-23 15:04:06.343] [PSS] [info] [3128|24280]streaming_driver_interface_impl.cpp:87 SubmitViewFrames: submit view frames {view_texture_handles: 3221231170 view_texture_handles: 2147485058 pose { orientation { x: -0.0412798971 y: 0.686340153 z: 0.0795809701 w: 0.721734047 } position { x: 0.111283168 y: 2.04643488 z: 0.0138045177 } }}, this= 0x203ae45b020
[2025-05-23 15:04:06.357] [PSS] [info] [3128|24280]streaming_driver_interface_impl.cpp:87 SubmitViewFrames: submit view frames {view_texture_handles: 3221231170 view_texture_handles: 2147485058 pose { orientation { x: -0.0419097207 y: 0.686529875 z: 0.0782679468 w: 0.721660912 } position { x: 0.111618541 y: 2.04651928 z: 0.0138785634 } }}, this= 0x203ae45b020
[2025-05-23 15:04:06.372] [PSS] [info] [3128|24280]streaming_driver_interface_impl.cpp:87 SubmitViewFrames: submit view frames {view_texture_handles: 3221231170 view_texture_handles: 2147485058 pose { orientation { x: -0.0419329964 y: 0.686549187 z: 0.0769169703 w: 0.72178638 } position { x: 0.111928605 y: 2.04694581 z: 0.0139984498 } }}, this= 0x203ae45b020
[2025-05-23 15:04:06.387] [PSS] [info] [3128|24280]streaming_driver_interface_impl.cpp:87 SubmitViewFrames: submit view frames {view_texture_handles: 3221231170 view_texture_handles: 2147485058 pose { orientation { x: -0.0411201343 y: 0.68640852 z: 0.0758863762 w: 0.722076 } position { x: 0.112237588 y: 2.04723835 z: 0.0140934261 } }}, this= 0x203ae45b020
[2025-05-23 15:04:06.397] [PSS] [info] [3128|24280]streaming_driver_interface_impl.cpp:87 SubmitViewFrames: submit view frames {view_texture_handles: 3221231170 view_texture_handles: 2147485058 pose { orientation { x: -0.0399598479 y: 0.686322451 z: 0.0752264485 w: 0.722291946 } position { x: 0.112381674 y: 2.04727221 z: 0.0140954917 } }}, this= 0x203ae45b020
[2025-05-23 15:04:06.423] [PSS] [info] [3128|24280]streaming_driver_interface_impl.cpp:87 SubmitViewFrames: submit view frames {view_texture_handles: 3221231170 view_texture_handles: 2147485058 pose { orientation { x: -0.0388067439 y: 0.686635911 z: 0.0738086924 w: 0.722203195 } position { x: 0.112460732 y: 2.04717207 z: 0.0139841484 } }}, this= 0x203ae45b020
[2025-05-23 15:04:06.429] [PSS] [info] [3128|24280]streaming_driver_interface_impl.cpp:87 SubmitViewFrames: submit view frames {view_texture_handles: 3221231170 view_texture_handles: 2147485058 pose { orientation { x: -0.0388067439 y: 0.686635911 z: 0.0738086924 w: 0.722203195 } position { x: 0.112460732 y: 2.04717207 z: 0.0139841484 } }}, this= 0x203ae45b020
[2025-05-23 15:04:06.443] [PSS] [info] [3128|24280]streaming_driver_interface_impl.cpp:87 SubmitViewFrames: submit view frames {view_texture_handles: 3221231170 view_texture_handles: 2147485058 pose { orientation { x: -0.0383156091 y: 0.687023 z: 0.0731569901 w: 0.721927524 } position { x: 0.112449072 y: 2.0472 z: 0.0139256828 } }}, this= 0x203ae45b020
[2025-05-23 15:04:06.457] [PSS] [info] [3128|24280]streaming_driver_interface_impl.cpp:87 SubmitViewFrames: submit view frames {view_texture_handles: 3221231170 view_texture_handles: 2147485058 pose { orientation { x: -0.0379495844 y: 0.6875633 z: 0.0726221 w: 0.72148633 } position { x: 0.112455718 y: 2.04717016 z: 0.0138892606 } }}, this= 0x203ae45b020
[2025-05-23 15:04:06.471] [PSS] [info] [3128|24280]streaming_driver_interface_impl.cpp:87 SubmitViewFrames: submit view frames {view_texture_handles: 3221231170 view_texture_handles: 2147485058 pose { orientation { x: -0.0377790406 y: 0.688061416 z: 0.0721453801 w: 0.721068144 } position { x: 0.112527899 y: 2.04719353 z: 0.0138996122 } }}, this= 0x203ae45b020
[2025-05-23 15:04:06.484] [PSS] [info] [3128|24280]streaming_driver_interface_impl.cpp:87 SubmitViewFrames: submit view frames {view_texture_handles: 3221231170 view_texture_handles: 2147485058 pose { orientation { x: -0.0375804454 y: 0.688634574 z: 0.0717754364 w: 0.72056812 } position { x: 0.112648658 y: 2.04731536 z: 0.0139462277 } }}, this= 0x203ae45b020
[2025-05-23 15:04:06.498] [PSS] [info] [3128|24280]streaming_driver_interface_impl.cpp:87 SubmitViewFrames: submit view frames {view_texture_handles: 3221231170 view_texture_handles: 2147485058 pose { orientation { x: -0.0371347778 y: 0.689159334 z: 0.0720510855 w: 0.720061839 } position { x: 0.112905569 y: 2.04735 z: 0.0140240425 } }}, this= 0x203ae45b020
[2025-05-23 15:04:06.512] [PSS] [info] [3128|24280]streaming_driver_interface_impl.cpp:87 SubmitViewFrames: submit view frames {view_texture_handles: 3221231170 view_texture_handles: 2147485058 pose { orientation { x: -0.0365334488 y: 0.68954289 z: 0.0728269592 w: 0.719647229 } position { x: 0.113227978 y: 2.04728794 z: 0.0140568409 } }}, this= 0x203ae45b020
[2025-05-23 15:04:06.525] [PSS] [info] [3128|24280]streaming_driver_interface_impl.cpp:87 SubmitViewFrames: submit view frames {view_texture_handles: 3221231170 view_texture_handles: 2147485058 pose { orientation { x: -0.0359849818 y: 0.689849496 z: 0.0739358962 w: 0.719267845 } position { x: 0.113541588 y: 2.04725313 z: 0.0140968775 } }}, this= 0x203ae45b020
[2025-05-23 15:04:06.539] [PSS] [info] [3128|24280]streaming_driver_interface_impl.cpp:87 SubmitViewFrames: submit view frames {view_texture_handles: 3221231170 view_texture_handles: 2147485058 pose { orientation { x: -0.0354750827 y: 0.690033317 z: 0.0749637261 w: 0.719010413 } position { x: 0.113841087 y: 2.04733014 z: 0.0140594169 } }}, this= 0x203ae45b020
[2025-05-23 15:04:06.552] [PSS] [info] [3128|24280]streaming_driver_interface_impl.cpp:87 SubmitViewFrames: submit view frames {view_texture_handles: 3221231170 view_texture_handles: 2147485058 pose { orientation { x: -0.0346847773 y: 0.690222263 z: 0.0760014877 w: 0.718758643 } position { x: 0.114274122 y: 2.04742122 z: 0.0140409553 } }}, this= 0x203ae45b020
[2025-05-23 15:04:06.574] [PSS] [info] [3128|24280]streaming_driver_interface_impl.cpp:87 SubmitViewFrames: submit view frames {view_texture_handles: 3221231170 view_texture_handles: 2147485058 pose { orientation { x: -0.0334015712 y: 0.690646112 z: 0.0774905458 w: 0.718253076 } position { x: 0.115318097 y: 2.04755402 z: 0.0140288733 } }}, this= 0x203ae45b020
[2025-05-23 15:04:06.583] [PSS] [info] [3128|24280]streaming_driver_interface_impl.cpp:87 SubmitViewFrames: submit view frames {view_texture_handles: 3221231170 view_texture_handles: 2147485058 pose { orientation { x: -0.0334015712 y: 0.690646112 z: 0.0774905458 w: 0.718253076 } position { x: 0.115318097 y: 2.04755402 z: 0.0140288733 } }}, this= 0x203ae45b020
[2025-05-23 15:04:06.597] [PSS] [info] [3128|24280]streaming_driver_interface_impl.cpp:87 SubmitViewFrames: submit view frames {view_texture_handles: 3221231170 view_texture_handles: 2147485058 pose { orientation { x: -0.032898318 y: 0.690734148 z: 0.0772178918 w: 0.718221 } position { x: 0.115854464 y: 2.04767299 z: 0.0140387807 } }}, this= 0x203ae45b020
[2025-05-23 15:04:06.610] [PSS] [info] [3128|24280]streaming_driver_interface_impl.cpp:87 SubmitViewFrames: submit view frames {view_texture_handles: 3221231170 view_texture_handles: 2147485058 pose { orientation { x: -0.0323081352 y: 0.690744638 z: 0.0762134418 w: 0.718345046 } position { x: 0.116393633 y: 2.04772592 z: 0.0139576253 } }}, this= 0x203ae45b020
[2025-05-23 15:04:06.624] [PSS] [info] [3128|24280]streaming_driver_interface_impl.cpp:87 SubmitViewFrames: submit view frames {view_texture_handles: 3221231170 view_texture_handles: 2147485058 pose { orientation { x: -0.0318099186 y: 0.690659046 z: 0.0743613243 w: 0.718643606 } position { x: 0.116987154 y: 2.04768515 z: 0.0137391174 } }}, this= 0x203ae45b020
[2025-05-23 15:04:06.638] [PSS] [info] [3128|24280]streaming_driver_interface_impl.cpp:87 SubmitViewFrames: submit view frames {view_texture_handles: 3221231170 view_texture_handles: 2147485058 pose { orientation { x: -0.0317393802 y: 0.690448701 z: 0.0719374195 w: 0.719095409 } position { x: 0.117442936 y: 2.04753399 z: 0.0134047735 } }}, this= 0x203ae45b020
[2025-05-23 15:04:06.651] [PSS] [info] [3128|24280]streaming_driver_interface_impl.cpp:87 SubmitViewFrames: submit view frames {view_texture_handles: 3221231170 view_texture_handles: 2147485058 pose { orientation { x: -0.0321077034 y: 0.690251827 z: 0.0689537674 w: 0.719560206 } position { x: 0.117859952 y: 2.04750371 z: 0.0129357064 } }}, this= 0x203ae45b020
[2025-05-23 15:04:06.665] [PSS] [info] [3128|24280]streaming_driver_interface_impl.cpp:87 SubmitViewFrames: submit view frames {view_texture_handles: 3221231170 view_texture_handles: 2147485058 pose { orientation { x: -0.0326195061 y: 0.689977407 z: 0.0656053051 w: 0.720113277 } position { x: 0.118268602 y: 2.04752469 z: 0.0124178817 } }}, this= 0x203ae45b020
[2025-05-23 15:04:06.679] [PSS] [info] [3128|24280]streaming_driver_interface_impl.cpp:87 SubmitViewFrames: submit view frames {view_texture_handles: 3221231170 view_texture_handles: 2147485058 pose { orientation { x: -0.0331846811 y: 0.689444542 z: 0.0617428124 w: 0.720938861 } position { x: 0.118609518 y: 2.04748678 z: 0.0118232761 } }}, this= 0x203ae45b020
[2025-05-23 15:04:06.692] [PSS] [info] [3128|24280]streaming_driver_interface_impl.cpp:87 SubmitViewFrames: submit view frames {view_texture_handles: 3221231170 view_texture_handles: 2147485058 pose { orientation { x: -0.033851672 y: 0.688812494 z: 0.0579571202 w: 0.721825719 } position { x: 0.118928097 y: 2.04748607 z: 0.0112992106 } }}, this= 0x203ae45b020
[2025-05-23 15:04:06.706] [PSS] [info] [3128|24280]streaming_driver_interface_impl.cpp:87 SubmitViewFrames: submit view frames {view_texture_handles: 3221231170 view_texture_handles: 2147485058 pose { orientation { x: -0.0346834548 y: 0.687994838 z: 0.0537915081 w: 0.722887814 } position { x: 0.119184919 y: 2.04748 z: 0.0108243683 } }}, this= 0x203ae45b020
[2025-05-23 15:04:06.727] [PSS] [info] [3128|24280]streaming_driver_interface_impl.cpp:87 SubmitViewFrames: submit view frames {view_texture_handles: 3221231170 view_texture_handles: 2147485058 pose { orientation { x: -0.0365989245 y: 0.685616136 z: 0.0441659577 w: 0.725699902 } position { x: 0.119205236 y: 2.04780412 z: 0.0100823781 } }}, this= 0x203ae45b020
[2025-05-23 15:04:06.735] [PSS] [info] [3128|24280]streaming_driver_interface_impl.cpp:87 SubmitViewFrames: submit view frames {view_texture_handles: 3221231170 view_texture_handles: 2147485058 pose { orientation { x: -0.0365989245 y: 0.685616136 z: 0.0441659577 w: 0.725699902 } position { x: 0.119205236 y: 2.04780412 z: 0.0100823781 } }}, this= 0x203ae45b020
[2025-05-23 15:04:06.749] [PSS] [info] [3128|24280]streaming_driver_interface_impl.cpp:87 SubmitViewFrames: submit view frames {view_texture_handles: 3221231170 view_texture_handles: 2147485058 pose { orientation { x: -0.0374085084 y: 0.684317827 z: 0.039383363 w: 0.72715795 } position { x: 0.11906036 y: 2.04810929 z: 0.00982602499 } }}, this= 0x203ae45b020
[2025-05-23 15:04:06.763] [PSS] [info] [3128|24280]streaming_driver_interface_impl.cpp:87 SubmitViewFrames: submit view frames {view_texture_handles: 3221231170 view_texture_handles: 2147485058 pose { orientation { x: -0.0378274433 y: 0.68320328 z: 0.0349018797 w: 0.728412151 } position { x: 0.118924767 y: 2.04831862 z: 0.00965183601 } }}, this= 0x203ae45b020
[2025-05-23 15:04:06.776] [PSS] [info] [3128|24280]streaming_driver_interface_impl.cpp:87 SubmitViewFrames: submit view frames {view_texture_handles: 3221231170 view_texture_handles: 2147485058 pose { orientation { x: -0.0384117775 y: 0.682339966 z: 0.031017255 w: 0.729366 } position { x: 0.118713066 y: 2.04851675 z: 0.00957280397 } }}, this= 0x203ae45b020
[2025-05-23 15:04:06.791] [PSS] [info] [3128|24280]streaming_driver_interface_impl.cpp:87 SubmitViewFrames: submit view frames {view_texture_handles: 3221231170 view_texture_handles: 2147485058 pose { orientation { x: -0.0390036143 y: 0.681573331 z: 0.027418796 w: 0.730195 } position { x: 0.11860206 y: 2.04881787 z: 0.009625935 } }}, this= 0x203ae45b020
[2025-05-23 15:04:06.807] [PSS] [info] [3128|24280]streaming_driver_interface_impl.cpp:87 SubmitViewFrames: submit view frames {view_texture_handles: 3221231170 view_texture_handles: 2147485058 pose { orientation { x: -0.0392642617 y: 0.681078374 z: 0.0249142684 w: 0.730732501 } position { x: 0.118383519 y: 2.04912281 z: 0.0097843362 } }}, this= 0x203ae45b020
[2025-05-23 15:04:06.818] [PSS] [info] [3128|24280]streaming_driver_interface_impl.cpp:87 SubmitViewFrames: submit view frames {view_texture_handles: 3221231170 view_texture_handles: 2147485058 pose { orientation { x: -0.0391822644 y: 0.680827439 z: 0.0233153272 w: 0.731023431 } position { x: 0.118244216 y: 2.04939437 z: 0.0100116087 } }}, this= 0x203ae45b020
[2025-05-23 15:04:06.832] [PSS] [info] [3128|24280]streaming_driver_interface_impl.cpp:87 SubmitViewFrames: submit view frames {view_texture_handles: 3221231170 view_texture_handles: 2147485058 pose { orientation { x: -0.0386187434 y: 0.68082726 z: 0.022935126 w: 0.731065631 } position { x: 0.118095286 y: 2.0496273 z: 0.0102263847 } }}, this= 0x203ae45b020
[2025-05-23 15:04:06.846] [PSS] [info] [3128|24280]streaming_driver_interface_impl.cpp:87 SubmitViewFrames: submit view frames {view_texture_handles: 3221231170 view_texture_handles: 2147485058 pose { orientation { x: -0.0376498401 y: 0.681218207 z: 0.0239833333 w: 0.730718255 } position { x: 0.117971778 y: 2.04963398 z: 0.0103877941 } }}, this= 0x203ae45b020
[2025-05-23 15:04:06.860] [PSS] [info] [3128|24280]streaming_driver_interface_impl.cpp:87 SubmitViewFrames: submit view frames {view_texture_handles: 3221231170 view_texture_handles: 2147485058 pose { orientation { x: -0.0366454348 y: 0.682003796 z: 0.0261330437 w: 0.729962289 } position { x: 0.117942482 y: 2.04938173 z: 0.0105132954 } }}, this= 0x203ae45b020
[2025-05-23 15:04:06.878] [PSS] [info] [3128|24280]streaming_driver_interface_impl.cpp:87 SubmitViewFrames: submit view frames {view_texture_handles: 3221231170 view_texture_handles: 2147485058 pose { orientation { x: -0.0355291255 y: 0.684109151 z: 0.0329218693 w: 0.727769554 } position { x: 0.118107684 y: 2.04868269 z: 0.0106981909 } }}, this= 0x203ae45b020
[2025-05-23 15:04:06.890] [PSS] [info] [3128|24280]streaming_driver_interface_impl.cpp:87 SubmitViewFrames: submit view frames {view_texture_handles: 3221231170 view_texture_handles: 2147485058 pose { orientation { x: -0.0355291255 y: 0.684109151 z: 0.0329218693 w: 0.727769554 } position { x: 0.118107684 y: 2.04868269 z: 0.0106981909 } }}, this= 0x203ae45b020
[2025-05-23 15:04:06.904] [PSS] [info] [3128|24280]streaming_driver_interface_impl.cpp:87 SubmitViewFrames: submit view frames {view_texture_handles: 3221231170 view_texture_handles: 2147485058 pose { orientation { x: -0.0351589508 y: 0.685063839 z: 0.0367950723 w: 0.726703286 } position { x: 0.118337654 y: 2.04842901 z: 0.0107463133 } }}, this= 0x203ae45b020
[2025-05-23 15:04:06.917] [PSS] [info] [3128|24280]streaming_driver_interface_impl.cpp:87 SubmitViewFrames: submit view frames {view_texture_handles: 3221231170 view_texture_handles: 2147485058 pose { orientation { x: -0.034722317 y: 0.685936332 z: 0.0406606 w: 0.725694418 } position { x: 0.118573196 y: 2.04826903 z: 0.0108332634 } }}, this= 0x203ae45b020
[2025-05-23 15:04:06.931] [PSS] [info] [3128|24280]streaming_driver_interface_impl.cpp:87 SubmitViewFrames: submit view frames {view_texture_handles: 3221231170 view_texture_handles: 2147485058 pose { orientation { x: -0.0343229 y: 0.686646 z: 0.043720793 w: 0.724863946 } position { x: 0.118675552 y: 2.04815865 z: 0.0109840883 } }}, this= 0x203ae45b020
[2025-05-23 15:04:06.945] [PSS] [info] [3128|24280]streaming_driver_interface_impl.cpp:87 SubmitViewFrames: submit view frames {view_texture_handles: 3221231170 view_texture_handles: 2147485058 pose { orientation { x: -0.0339591354 y: 0.687300801 z: 0.0457145311 w: 0.724137127 } position { x: 0.118736528 y: 2.04803 z: 0.0110944677 } }}, this= 0x203ae45b020
[2025-05-23 15:04:06.958] [PSS] [info] [3128|24280]streaming_driver_interface_impl.cpp:87 SubmitViewFrames: submit view frames {view_texture_handles: 3221231170 view_texture_handles: 2147485058 pose { orientation { x: -0.033702556 y: 0.687828064 z: 0.0468782745 w: 0.723573864 } position { x: 0.118759237 y: 2.04776669 z: 0.0112182824 } }}, this= 0x203ae45b020
[2025-05-23 15:04:06.972] [PSS] [info] [3128|24280]streaming_driver_interface_impl.cpp:87 SubmitViewFrames: submit view frames {view_texture_handles: 3221231170 view_texture_handles: 2147485058 pose { orientation { x: -0.033712931 y: 0.688343704 z: 0.0474773683 w: 0.723043799 } position { x: 0.118787825 y: 2.04723525 z: 0.011237382 } }}, this= 0x203ae45b020
[2025-05-23 15:04:06.986] [PSS] [info] [3128|24280]streaming_driver_interface_impl.cpp:87 SubmitViewFrames: submit view frames {view_texture_handles: 3221231170 view_texture_handles: 2147485058 pose { orientation { x: -0.0342404097 y: 0.688769698 z: 0.0474884436 w: 0.722612441 } position { x: 0.118787669 y: 2.04672194 z: 0.0111408038 } }}, this= 0x203ae45b020
[2025-05-23 15:04:07.000] [PSS] [info] [3128|24280]streaming_driver_interface_impl.cpp:87 SubmitViewFrames: submit view frames {view_texture_handles: 3221231170 view_texture_handles: 2147485058 pose { orientation { x: -0.0352729075 y: 0.689146698 z: 0.04706195 w: 0.72223115 } position { x: 0.118733935 y: 2.04624104 z: 0.010983265 } }}, this= 0x203ae45b020
[2025-05-23 15:04:07.015] [PSS] [info] [3128|24280]streaming_driver_interface_impl.cpp:87 SubmitViewFrames: submit view frames {view_texture_handles: 3221231170 view_texture_handles: 2147485058 pose { orientation { x: -0.0365816243 y: 0.689495385 z: 0.0462784134 w: 0.721883774 } position { x: 0.118681744 y: 2.04580736 z: 0.0107947383 } }}, this= 0x203ae45b020
[2025-05-23 15:04:07.030] [PSS] [info] [3128|24280]streaming_driver_interface_impl.cpp:87 SubmitViewFrames: submit view frames {view_texture_handles: 3221231170 view_texture_handles: 2147485058 pose { orientation { x: -0.0395831242 y: 0.68972826 z: 0.0438736677 w: 0.721653104 } position { x: 0.118646078 y: 2.04536581 z: 0.0105105974 } }}, this= 0x203ae45b020
[2025-05-23 15:04:07.044] [PSS] [info] [3128|24280]streaming_driver_interface_impl.cpp:87 SubmitViewFrames: submit view frames {view_texture_handles: 3221231170 view_texture_handles: 2147485058 pose { orientation { x: -0.0406211875 y: 0.689675 z: 0.0424298607 w: 0.721732676 } position { x: 0.118640393 y: 2.04527092 z: 0.0105200084 } }}, this= 0x203ae45b020
[2025-05-23 15:04:07.058] [PSS] [info] [3128|24280]streaming_driver_interface_impl.cpp:87 SubmitViewFrames: submit view frames {view_texture_handles: 3221231170 view_texture_handles: 2147485058 pose { orientation { x: -0.04137839 y: 0.689436615 z: 0.0409504212 w: 0.722002804 } position { x: 0.11862725 y: 2.04524183 z: 0.010590137 } }}, this= 0x203ae45b020
[2025-05-23 15:04:07.072] [PSS] [info] [3128|24280]streaming_driver_interface_impl.cpp:87 SubmitViewFrames: submit view frames {view_texture_handles: 3221231170 view_texture_handles: 2147485058 pose { orientation { x: -0.0418515801 y: 0.689392865 z: 0.0395483412 w: 0.72209549 } position { x: 0.118610449 y: 2.04509401 z: 0.0106691681 } }}, this= 0x203ae45b020
[2025-05-23 15:04:07.085] [PSS] [info] [3128|24280]streaming_driver_interface_impl.cpp:87 SubmitViewFrames: submit view frames {view_texture_handles: 3221231170 view_texture_handles: 2147485058 pose { orientation { x: -0.0422027297 y: 0.689413726 z: 0.0384859 w: 0.722112536 } position { x: 0.118531637 y: 2.04480553 z: 0.0107613951 } }}, this= 0x203ae45b020
[2025-05-23 15:04:07.099] [PSS] [info] [3128|24280]streaming_driver_interface_impl.cpp:87 SubmitViewFrames: submit view frames {view_texture_handles: 3221231170 view_texture_handles: 2147485058 pose { orientation { x: -0.0426513776 y: 0.689651728 z: 0.0377398133 w: 0.721898258 } position { x: 0.11855974 y: 2.04472399 z: 0.0109066805 } }}, this= 0x203ae45b020
[2025-05-23 15:04:07.114] [PSS] [info] [3128|24280]streaming_driver_interface_impl.cpp:87 SubmitViewFrames: submit view frames {view_texture_handles: 3221231170 view_texture_handles: 2147485058 pose { orientation { x: -0.0430498347 y: 0.689959645 z: 0.0371171758 w: 0.721612573 } position { x: 0.11855533 y: 2.04491043 z: 0.0110685173 } }}, this= 0x203ae45b020
[2025-05-23 15:04:07.127] [PSS] [info] [3128|24280]streaming_driver_interface_impl.cpp:87 SubmitViewFrames: submit view frames {view_texture_handles: 3221231170 view_texture_handles: 2147485058 pose { orientation { x: -0.0430283137 y: 0.690376222 z: 0.0366884023 w: 0.721237302 } position { x: 0.118590303 y: 2.04519963 z: 0.0113197844 } }}, this= 0x203ae45b020
[2025-05-23 15:04:07.141] [PSS] [info] [3128|24280]streaming_driver_interface_impl.cpp:87 SubmitViewFrames: submit view frames {view_texture_handles: 3221231170 view_texture_handles: 2147485058 pose { orientation { x: -0.0424408093 y: 0.690699756 z: 0.036608763 w: 0.720966339 } position { x: 0.118746132 y: 2.04542565 z: 0.0117170317 } }}, this= 0x203ae45b020
[2025-05-23 15:04:07.155] [PSS] [info] [3128|24280]streaming_driver_interface_impl.cpp:87 SubmitViewFrames: submit view frames {view_texture_handles: 3221231170 view_texture_handles: 2147485058 pose { orientation { x: -0.0416682027 y: 0.691022873 z: 0.0368997678 w: 0.720686853 } position { x: 0.118937992 y: 2.04557037 z: 0.0122550838 } }}, this= 0x203ae45b020
[2025-05-23 15:04:07.181] [PSS] [info] [3128|24280]streaming_driver_interface_impl.cpp:87 SubmitViewFrames: submit view frames {view_texture_handles: 3221231170 view_texture_handles: 2147485058 pose { orientation { x: -0.0407098904 y: 0.691392 z: 0.0376909934 w: 0.72034657 } position { x: 0.119165324 y: 2.04575181 z: 0.0127780316 } }}, this= 0x203ae45b020
[2025-05-23 15:04:07.185] [PSS] [info] [3128|24280]streaming_driver_interface_impl.cpp:87 SubmitViewFrames: submit view frames {view_texture_handles: 3221231170 view_texture_handles: 2147485058 pose { orientation { x: -0.0396577232 y: 0.691882133 z: 0.0386878364 w: 0.719881773 } position { x: 0.119364329 y: 2.04613686 z: 0.0133099006 } }}, this= 0x203ae45b020
[2025-05-23 15:04:07.196] [PSS] [info] [3128|24280]streaming_driver_interface_impl.cpp:87 SubmitViewFrames: submit view frames {view_texture_handles: 3221231170 view_texture_handles: 2147485058 pose { orientation { x: -0.0396577232 y: 0.691882133 z: 0.0386878364 w: 0.719881773 } position { x: 0.119364329 y: 2.04613686 z: 0.0133099006 } }}, this= 0x203ae45b020
[2025-05-23 15:04:07.210] [PSS] [info] [3128|24280]streaming_driver_interface_impl.cpp:87 SubmitViewFrames: submit view frames {view_texture_handles: 3221231170 view_texture_handles: 2147485058 pose { orientation { x: -0.036398381 y: 0.692924917 z: 0.0410783179 w: 0.718917787 } position { x: 0.119828403 y: 2.04698467 z: 0.0144547522 } }}, this= 0x203ae45b020
[2025-05-23 15:04:07.224] [PSS] [info] [3128|24280]streaming_driver_interface_impl.cpp:87 SubmitViewFrames: submit view frames {view_texture_handles: 3221231170 view_texture_handles: 2147485058 pose { orientation { x: -0.036398381 y: 0.692924917 z: 0.0410783179 w: 0.718917787 } position { x: 0.119828403 y: 2.04698467 z: 0.0144547522 } }}, this= 0x203ae45b020
[2025-05-23 15:04:07.238] [PSS] [info] [3128|24280]streaming_driver_interface_impl.cpp:87 SubmitViewFrames: submit view frames {view_texture_handles: 3221231170 view_texture_handles: 2147485058 pose { orientation { x: -0.0346085653 y: 0.693372309 z: 0.0425182842 w: 0.718490958 } position { x: 0.120052852 y: 2.04721975 z: 0.0151507286 } }}, this= 0x203ae45b020
[2025-05-23 15:04:07.252] [PSS] [info] [3128|24280]streaming_driver_interface_impl.cpp:87 SubmitViewFrames: submit view frames {view_texture_handles: 3221231170 view_texture_handles: 2147485058 pose { orientation { x: -0.0314377211 y: 0.694131553 z: 0.0460872874 w: 0.717683136 } position { x: 0.120751359 y: 2.04755807 z: 0.0164233278 } }}, this= 0x203ae45b020
[2025-05-23 15:04:07.266] [PSS] [info] [3128|24280]streaming_driver_interface_impl.cpp:87 SubmitViewFrames: submit view frames {view_texture_handles: 3221231170 view_texture_handles: 2147485058 pose { orientation { x: -0.0314377211 y: 0.694131553 z: 0.0460872874 w: 0.717683136 } position { x: 0.120751359 y: 2.04755807 z: 0.0164233278 } }}, this= 0x203ae45b020
[2025-05-23 15:04:07.280] [PSS] [info] [3128|24280]streaming_driver_interface_impl.cpp:87 SubmitViewFrames: submit view frames {view_texture_handles: 3221231170 view_texture_handles: 2147485058 pose { orientation { x: -0.0289308764 y: 0.694677889 z: 0.050398849 w: 0.716969728 } position { x: 0.121474177 y: 2.04832578 z: 0.0174693465 } }}, this= 0x203ae45b020
[2025-05-23 15:04:07.294] [PSS] [info] [3128|24280]streaming_driver_interface_impl.cpp:87 SubmitViewFrames: submit view frames {view_texture_handles: 3221231170 view_texture_handles: 2147485058 pose { orientation { x: -0.0289308764 y: 0.694677889 z: 0.050398849 w: 0.716969728 } position { x: 0.121474177 y: 2.04832578 z: 0.0174693465 } }}, this= 0x203ae45b020
[2025-05-23 15:04:07.307] [PSS] [info] [3128|24280]streaming_driver_interface_impl.cpp:87 SubmitViewFrames: submit view frames {view_texture_handles: 3221231170 view_texture_handles: 2147485058 pose { orientation { x: -0.027465241 y: 0.694645107 z: 0.052208703 w: 0.716929734 } position { x: 0.121740192 y: 2.04887509 z: 0.0181315187 } }}, this= 0x203ae45b020
[2025-05-23 15:04:07.334] [PSS] [info] [3128|24280]streaming_driver_interface_impl.cpp:87 SubmitViewFrames: submit view frames {view_texture_handles: 3221231170 view_texture_handles: 2147485058 pose { orientation { x: -0.0240770858 y: 0.69455862 z: 0.0563332215 w: 0.716823 } position { x: 0.122381501 y: 2.0495441 z: 0.0194837172 } }}, this= 0x203ae45b020
[2025-05-23 15:04:07.342] [PSS] [info] [3128|24280]streaming_driver_interface_impl.cpp:87 SubmitViewFrames: submit view frames {view_texture_handles: 3221231170 view_texture_handles: 2147485058 pose { orientation { x: -0.0227876455 y: 0.694650769 z: 0.0585942 w: 0.716594636 } position { x: 0.122795179 y: 2.04979277 z: 0.0200894494 } }}, this= 0x203ae45b020
[2025-05-23 15:04:07.352] [PSS] [info] [3128|24280]streaming_driver_interface_impl.cpp:87 SubmitViewFrames: submit view frames {view_texture_handles: 3221231170 view_texture_handles: 2147485058 pose { orientation { x: -0.02142887 y: 0.694754362 z: 0.0612649955 w: 0.716312647 } position { x: 0.123132862 y: 2.05016351 z: 0.0205788873 } }}, this= 0x203ae45b020
[2025-05-23 15:04:07.368] [PSS] [info] [3128|24280]streaming_driver_interface_impl.cpp:87 SubmitViewFrames: submit view frames {view_texture_handles: 3221231170 view_texture_handles: 2147485058 pose { orientation { x: -0.0199457742 y: 0.694876075 z: 0.0640273541 w: 0.715995789 } position { x: 0.123445176 y: 2.05043101 z: 0.0210072957 } }}, this= 0x203ae45b020
[2025-05-23 15:04:07.382] [PSS] [info] [3128|24280]streaming_driver_interface_impl.cpp:87 SubmitViewFrames: submit view frames {view_texture_handles: 3221231170 view_texture_handles: 2147485058 pose { orientation { x: -0.0186220314 y: 0.694772661 z: 0.0665828958 w: 0.715898693 } position { x: 0.123668991 y: 2.05063581 z: 0.0214519184 } }}, this= 0x203ae45b020
[2025-05-23 15:04:07.396] [PSS] [info] [3128|24280]streaming_driver_interface_impl.cpp:87 SubmitViewFrames: submit view frames {view_texture_handles: 3221231170 view_texture_handles: 2147485058 pose { orientation { x: -0.0175711345 y: 0.694532275 z: 0.069200784 w: 0.715910196 } position { x: 0.124016568 y: 2.05090642 z: 0.021911433 } }}, this= 0x203ae45b020
[2025-05-23 15:04:07.410] [PSS] [info] [3128|24280]streaming_driver_interface_impl.cpp:87 SubmitViewFrames: submit view frames {view_texture_handles: 3221231170 view_texture_handles: 2147485058 pose { orientation { x: -0.016732974 y: 0.694135964 z: 0.0714723393 w: 0.716091454 } position { x: 0.124402225 y: 2.05123687 z: 0.0223755836 } }}, this= 0x203ae45b020
[2025-05-23 15:04:07.424] [PSS] [info] [3128|24280]streaming_driver_interface_impl.cpp:87 SubmitViewFrames: submit view frames {view_texture_handles: 3221231170 view_texture_handles: 2147485058 pose { orientation { x: -0.0157466214 y: 0.693825185 z: 0.0740688145 w: 0.716151178 } position { x: 0.124724686 y: 2.05165911 z: 0.0227192082 } }}, this= 0x203ae45b020
[2025-05-23 15:04:07.437] [PSS] [info] [3128|24280]streaming_driver_interface_impl.cpp:87 SubmitViewFrames: submit view frames {view_texture_handles: 3221231170 view_texture_handles: 2147485058 pose { orientation { x: -0.0143754799 y: 0.693411767 z: 0.076481536 w: 0.716326773 } position { x: 0.124841802 y: 2.05216265 z: 0.0229936149 } }}, this= 0x203ae45b020
[2025-05-23 15:04:07.451] [PSS] [info] [3128|24280]streaming_driver_interface_impl.cpp:87 SubmitViewFrames: submit view frames {view_texture_handles: 3221231170 view_texture_handles: 2147485058 pose { orientation { x: -0.0127650946 y: 0.692878664 z: 0.0783336163 w: 0.716672957 } position { x: 0.124767862 y: 2.05270648 z: 0.0232405066 } }}, this= 0x203ae45b020
[2025-05-23 15:04:07.465] [PSS] [info] [3128|24280]streaming_driver_interface_impl.cpp:87 SubmitViewFrames: submit view frames {view_texture_handles: 3221231170 view_texture_handles: 2147485058 pose { orientation { x: -0.0113588301 y: 0.692434728 z: 0.0790366754 w: 0.717048347 } position { x: 0.124607779 y: 2.05323029 z: 0.0234689135 } }}, this= 0x203ae45b020
[2025-05-23 15:04:07.484] [PSS] [info] [3128|24280]streaming_driver_interface_impl.cpp:87 SubmitViewFrames: submit view frames {view_texture_handles: 3221231170 view_texture_handles: 2147485058 pose { orientation { x: -0.0102755567 y: 0.692099 z: 0.0789504126 w: 0.717398226 } position { x: 0.124343425 y: 2.05352712 z: 0.0237181112 } }}, this= 0x203ae45b020
[2025-05-23 15:04:07.492] [PSS] [info] [3128|24280]streaming_driver_interface_impl.cpp:87 SubmitViewFrames: submit view frames {view_texture_handles: 3221231170 view_texture_handles: 2147485058 pose { orientation { x: -0.00942004 y: 0.692033112 z: 0.0788133219 w: 0.717488706 } position { x: 0.124134541 y: 2.05362582 z: 0.0239475239 } }}, this= 0x203ae45b020
[2025-05-23 15:04:07.508] [PSS] [info] [3128|24280]streaming_driver_interface_impl.cpp:87 SubmitViewFrames: submit view frames {view_texture_handles: 3221231170 view_texture_handles: 2147485058 pose { orientation { x: -0.00890611112 y: 0.692317903 z: 0.0788605139 w: 0.7172153 } position { x: 0.123908609 y: 2.05357385 z: 0.0240492802 } }}, this= 0x203ae45b020
[2025-05-23 15:04:07.520] [PSS] [info] [3128|24280]streaming_driver_interface_impl.cpp:87 SubmitViewFrames: submit view frames {view_texture_handles: 3221231170 view_texture_handles: 2147485058 pose { orientation { x: -0.00878658611 y: 0.692971 z: 0.0792224184 w: 0.716545761 } position { x: 0.123735383 y: 2.0536921 z: 0.0240656734 } }}, this= 0x203ae45b020
[2025-05-23 15:04:07.536] [PSS] [info] [3128|24280]streaming_driver_interface_impl.cpp:87 SubmitViewFrames: submit view frames {view_texture_handles: 3221231170 view_texture_handles: 2147485058 pose { orientation { x: -0.00879252423 y: 0.693566859 z: 0.0797699392 w: 0.71590817 } position { x: 0.123492934 y: 2.05387855 z: 0.0239468701 } }}, this= 0x203ae45b020
[2025-05-23 15:04:07.550] [PSS] [info] [3128|24280]streaming_driver_interface_impl.cpp:87 SubmitViewFrames: submit view frames {view_texture_handles: 3221231170 view_texture_handles: 2147485058 pose { orientation { x: -0.0089901 y: 0.693962216 z: 0.0801901892 w: 0.71547544 } position { x: 0.123112969 y: 2.05398345 z: 0.0238283891 } }}, this= 0x203ae45b020
[2025-05-23 15:04:07.564] [PSS] [info] [3128|24280]streaming_driver_interface_impl.cpp:87 SubmitViewFrames: submit view frames {view_texture_handles: 3221231170 view_texture_handles: 2147485058 pose { orientation { x: -0.0094519984 y: 0.694077194 z: 0.0804143399 w: 0.715332806 } position { x: 0.122764044 y: 2.05401373 z: 0.0237159338 } }}, this= 0x203ae45b020
[2025-05-23 15:04:07.577] [PSS] [info] [3128|24280]streaming_driver_interface_impl.cpp:87 SubmitViewFrames: submit view frames {view_texture_handles: 3221231170 view_texture_handles: 2147485058 pose { orientation { x: -0.0105485162 y: 0.693953156 z: 0.080686681 w: 0.715407252 } position { x: 0.122406326 y: 2.05393219 z: 0.0236373506 } }}, this= 0x203ae45b020
[2025-05-23 15:04:07.591] [PSS] [info] [3128|24280]streaming_driver_interface_impl.cpp:87 SubmitViewFrames: submit view frames {view_texture_handles: 3221231170 view_texture_handles: 2147485058 pose { orientation { x: -0.0117483204 y: 0.693802834 z: 0.0814478844 w: 0.715448081 } position { x: 0.122208185 y: 2.05395913 z: 0.0235583391 } }}, this= 0x203ae45b020
[2025-05-23 15:04:07.605] [PSS] [info] [3128|24280]streaming_driver_interface_impl.cpp:87 SubmitViewFrames: submit view frames {view_texture_handles: 3221231170 view_texture_handles: 2147485058 pose { orientation { x: -0.0126790628 y: 0.693627298 z: 0.0830590129 w: 0.715417087 } position { x: 0.12207596 y: 2.05395389 z: 0.0235235598 } }}, this= 0x203ae45b020
[2025-05-23 15:04:07.618] [PSS] [info] [3128|24280]streaming_driver_interface_impl.cpp:87 SubmitViewFrames: submit view frames {view_texture_handles: 3221231170 view_texture_handles: 2147485058 pose { orientation { x: -0.0132228704 y: 0.693488359 z: 0.0850601271 w: 0.715306818 } position { x: 0.121903129 y: 2.05395484 z: 0.023477735 } }}, this= 0x203ae45b020
[2025-05-23 15:04:07.636] [PSS] [info] [3128|24280]streaming_driver_interface_impl.cpp:87 SubmitViewFrames: submit view frames {view_texture_handles: 3221231170 view_texture_handles: 2147485058 pose { orientation { x: -0.013648795 y: 0.693253338 z: 0.0871195942 w: 0.715278745 } position { x: 0.121768989 y: 2.05386758 z: 0.0234749 } }}, this= 0x203ae45b020
[2025-05-23 15:04:07.648] [PSS] [info] [3128|24280]streaming_driver_interface_impl.cpp:87 SubmitViewFrames: submit view frames {view_texture_handles: 3221231170 view_texture_handles: 2147485058 pose { orientation { x: -0.0140246181 y: 0.693000138 z: 0.0883830339 w: 0.715361834 } position { x: 0.121632405 y: 2.0537374 z: 0.0235547051 } }}, this= 0x203ae45b020
[2025-05-23 15:04:07.662] [PSS] [info] [3128|24280]streaming_driver_interface_impl.cpp:87 SubmitViewFrames: submit view frames {view_texture_handles: 3221231170 view_texture_handles: 2147485058 pose { orientation { x: -0.01449038 y: 0.692677379 z: 0.0891854465 w: 0.715565503 } position { x: 0.121475451 y: 2.05365705 z: 0.0236470196 } }}, this= 0x203ae45b020
[2025-05-23 15:04:07.675] [PSS] [info] [3128|24280]streaming_driver_interface_impl.cpp:87 SubmitViewFrames: submit view frames {view_texture_handles: 3221231170 view_texture_handles: 2147485058 pose { orientation { x: -0.014931256 y: 0.692545056 z: 0.089659974 w: 0.715625286 } position { x: 0.121360444 y: 2.05363441 z: 0.0237285271 } }}, this= 0x203ae45b020
[2025-05-23 15:04:07.689] [PSS] [info] [3128|24280]streaming_driver_interface_impl.cpp:87 SubmitViewFrames: submit view frames {view_texture_handles: 3221231170 view_texture_handles: 2147485058 pose { orientation { x: -0.015078377 y: 0.692645907 z: 0.090195328 w: 0.715457261 } position { x: 0.12128631 y: 2.05353737 z: 0.0237949714 } }}, this= 0x203ae45b020
[2025-05-23 15:04:07.704] [PSS] [info] [3128|24280]streaming_driver_interface_impl.cpp:87 SubmitViewFrames: submit view frames {view_texture_handles: 3221231170 view_texture_handles: 2147485058 pose { orientation { x: -0.0151756387 y: 0.692814 z: 0.0905423835 w: 0.715248585 } position { x: 0.121286705 y: 2.0534513 z: 0.0237689298 } }}, this= 0x203ae45b020
[2025-05-23 15:04:07.717] [PSS] [info] [3128|24280]streaming_driver_interface_impl.cpp:87 SubmitViewFrames: submit view frames {view_texture_handles: 3221231170 view_texture_handles: 2147485058 pose { orientation { x: -0.0152547425 y: 0.693003953 z: 0.0907084122 w: 0.715041816 } position { x: 0.121283844 y: 2.05337739 z: 0.0237593036 } }}, this= 0x203ae45b020
[2025-05-23 15:04:07.731] [PSS] [info] [3128|24280]streaming_driver_interface_impl.cpp:87 SubmitViewFrames: submit view frames {view_texture_handles: 3221231170 view_texture_handles: 2147485058 pose { orientation { x: -0.0153795695 y: 0.693161845 z: 0.0905477256 w: 0.714906454 } position { x: 0.121329986 y: 2.05336261 z: 0.0237818044 } }}, this= 0x203ae45b020
[2025-05-23 15:04:07.745] [PSS] [info] [3128|24280]streaming_driver_interface_impl.cpp:87 SubmitViewFrames: submit view frames {view_texture_handles: 3221231170 view_texture_handles: 2147485058 pose { orientation { x: -0.0155677861 y: 0.693019 z: 0.090141125 w: 0.715092242 } position { x: 0.121418625 y: 2.05339313 z: 0.0238019414 } }}, this= 0x203ae45b020
[2025-05-23 15:04:07.757] [PSS] [info] [3128|24280]streaming_driver_interface_impl.cpp:87 SubmitViewFrames: submit view frames {view_texture_handles: 3221231170 view_texture_handles: 2147485058 pose { orientation { x: -0.0155800097 y: 0.692855716 z: 0.0898178145 w: 0.715290844 } position { x: 0.121538326 y: 2.05343771 z: 0.0238005724 } }}, this= 0x203ae45b020
[2025-05-23 15:04:07.772] [PSS] [info] [3128|24280]streaming_driver_interface_impl.cpp:87 SubmitViewFrames: submit view frames {view_texture_handles: 3221231170 view_texture_handles: 2147485058 pose { orientation { x: -0.0155643821 y: 0.692489862 z: 0.0895248204 w: 0.715682089 } position { x: 0.121657602 y: 2.05345035 z: 0.0238424819 } }}, this= 0x203ae45b020
[2025-05-23 15:04:07.788] [PSS] [info] [3128|24280]streaming_driver_interface_impl.cpp:87 SubmitViewFrames: submit view frames {view_texture_handles: 3221231170 view_texture_handles: 2147485058 pose { orientation { x: -0.0156204309 y: 0.692065477 z: 0.0890882313 w: 0.716145694 } position { x: 0.121649951 y: 2.05345535 z: 0.023920482 } }}, this= 0x203ae45b020
[2025-05-23 15:04:07.802] [PSS] [info] [3128|24280]streaming_driver_interface_impl.cpp:87 SubmitViewFrames: submit view frames {view_texture_handles: 3221231170 view_texture_handles: 2147485058 pose { orientation { x: -0.015771661 y: 0.691700399 z: 0.0884966403 w: 0.716568351 } position { x: 0.121607281 y: 2.05356383 z: 0.0240412317 } }}, this= 0x203ae45b020
[2025-05-23 15:04:07.815] [PSS] [info] [3128|24280]streaming_driver_interface_impl.cpp:87 SubmitViewFrames: submit view frames {view_texture_handles: 3221231170 view_texture_handles: 2147485058 pose { orientation { x: -0.0158598404 y: 0.69155252 z: 0.0879094452 w: 0.716781318 } position { x: 0.121593371 y: 2.05362105 z: 0.0241280477 } }}, this= 0x203ae45b020
[2025-05-23 15:04:07.829] [PSS] [info] [3128|24280]streaming_driver_interface_impl.cpp:87 SubmitViewFrames: submit view frames {view_texture_handles: 3221231170 view_texture_handles: 2147485058 pose { orientation { x: -0.0159454197 y: 0.691470385 z: 0.0876171514 w: 0.716894567 } position { x: 0.121514231 y: 2.05359983 z: 0.0242329352 } }}, this= 0x203ae45b020
[2025-05-23 15:04:07.843] [PSS] [info] [3128|24280]streaming_driver_interface_impl.cpp:87 SubmitViewFrames: submit view frames {view_texture_handles: 3221231170 view_texture_handles: 2147485058 pose { orientation { x: -0.0161162373 y: 0.691549718 z: 0.0871972516 w: 0.716865361 } position { x: 0.121498786 y: 2.05353427 z: 0.0243574772 } }}, this= 0x203ae45b020
[2025-05-23 15:04:07.856] [PSS] [info] [3128|24280]streaming_driver_interface_impl.cpp:87 SubmitViewFrames: submit view frames {view_texture_handles: 3221231170 view_texture_handles: 2147485058 pose { orientation { x: -0.0164923444 y: 0.691627085 z: 0.0867523104 w: 0.716836095 } position { x: 0.121502653 y: 2.05354691 z: 0.0244143587 } }}, this= 0x203ae45b020
[2025-05-23 15:04:07.870] [PSS] [info] [3128|24280]streaming_driver_interface_impl.cpp:87 SubmitViewFrames: submit view frames {view_texture_handles: 3221231170 view_texture_handles: 2147485058 pose { orientation { x: -0.0168510526 y: 0.691742063 z: 0.0863827765 w: 0.71676147 } position { x: 0.121496364 y: 2.05357 z: 0.0245679952 } }}, this= 0x203ae45b020
[2025-05-23 15:04:07.884] [PSS] [info] [3128|24280]streaming_driver_interface_impl.cpp:87 SubmitViewFrames: submit view frames {view_texture_handles: 3221231170 view_texture_handles: 2147485058 pose { orientation { x: -0.0170700941 y: 0.691787183 z: 0.0862974897 w: 0.716723 } position { x: 0.12152084 y: 2.05362177 z: 0.0247011967 } }}, this= 0x203ae45b020
[2025-05-23 15:04:07.900] [PSS] [info] [3128|24280]streaming_driver_interface_impl.cpp:87 SubmitViewFrames: submit view frames {view_texture_handles: 3221231170 view_texture_handles: 2147485058 pose { orientation { x: -0.017137941 y: 0.691875815 z: 0.0865401477 w: 0.716606557 } position { x: 0.121577874 y: 2.05366755 z: 0.0248708967 } }}, this= 0x203ae45b020
[2025-05-23 15:04:07.913] [PSS] [info] [3128|24280]streaming_driver_interface_impl.cpp:87 SubmitViewFrames: submit view frames {view_texture_handles: 3221231170 view_texture_handles: 2147485058 pose { orientation { x: -0.0171802286 y: 0.691937804 z: 0.0869799703 w: 0.716492474 } position { x: 0.121595711 y: 2.05371451 z: 0.0250171442 } }}, this= 0x203ae45b020
[2025-05-23 15:04:07.937] [PSS] [info] [3128|24280]streaming_driver_interface_impl.cpp:87 SubmitViewFrames: submit view frames {view_texture_handles: 3221231170 view_texture_handles: 2147485058 pose { orientation { x: -0.0172499958 y: 0.692133844 z: 0.0878065899 w: 0.71620059 } position { x: 0.121648505 y: 2.05378151 z: 0.0253335442 } }}, this= 0x203ae45b020
[2025-05-23 15:04:07.941] [PSS] [info] [3128|24280]streaming_driver_interface_impl.cpp:87 SubmitViewFrames: submit view frames {view_texture_handles: 3221231170 view_texture_handles: 2147485058 pose { orientation { x: -0.0172499958 y: 0.692133844 z: 0.0878065899 w: 0.71620059 } position { x: 0.121648505 y: 2.05378151 z: 0.0253335442 } }}, this= 0x203ae45b020
[2025-05-23 15:04:07.954] [PSS] [info] [3128|24280]streaming_driver_interface_impl.cpp:87 SubmitViewFrames: submit view frames {view_texture_handles: 3221231170 view_texture_handles: 2147485058 pose { orientation { x: -0.0172599573 y: 0.692247 z: 0.088141337 w: 0.71604979 } position { x: 0.121651255 y: 2.05380034 z: 0.0254343152 } }}, this= 0x203ae45b020
[2025-05-23 15:04:07.968] [PSS] [info] [3128|24280]streaming_driver_interface_impl.cpp:87 SubmitViewFrames: submit view frames {view_texture_handles: 3221231170 view_texture_handles: 2147485058 pose { orientation { x: -0.0172310956 y: 0.692340195 z: 0.0885207132 w: 0.715913594 } position { x: 0.121666022 y: 2.0538125 z: 0.0255583189 } }}, this= 0x203ae45b020
[2025-05-23 15:04:07.982] [PSS] [info] [3128|24280]streaming_driver_interface_impl.cpp:87 SubmitViewFrames: submit view frames {view_texture_handles: 3221231170 view_texture_handles: 2147485058 pose { orientation { x: -0.0171163622 y: 0.69249475 z: 0.0890237689 w: 0.715704441 } position { x: 0.121740095 y: 2.05380297 z: 0.0255740732 } }}, this= 0x203ae45b020
[2025-05-23 15:04:07.996] [PSS] [info] [3128|24280]streaming_driver_interface_impl.cpp:87 SubmitViewFrames: submit view frames {view_texture_handles: 3221231170 view_texture_handles: 2147485058 pose { orientation { x: -0.0170852374 y: 0.69255507 z: 0.0894913748 w: 0.71558845 } position { x: 0.121801689 y: 2.05371928 z: 0.0255721342 } }}, this= 0x203ae45b020
[2025-05-23 15:04:08.010] [PSS] [info] [3128|24280]streaming_driver_interface_impl.cpp:87 SubmitViewFrames: submit view frames {view_texture_handles: 3221231170 view_texture_handles: 2147485058 pose { orientation { x: -0.0171911642 y: 0.692519903 z: 0.0897873268 w: 0.715582907 } position { x: 0.121797211 y: 2.05367827 z: 0.0255538113 } }}, this= 0x203ae45b020
[2025-05-23 15:04:08.023] [PSS] [info] [3128|24280]streaming_driver_interface_impl.cpp:87 SubmitViewFrames: submit view frames {view_texture_handles: 3221231170 view_texture_handles: 2147485058 pose { orientation { x: -0.0173736271 y: 0.692397 z: 0.0899365395 w: 0.715678692 } position { x: 0.121801205 y: 2.05361319 z: 0.0255558621 } }}, this= 0x203ae45b020
[2025-05-23 15:04:08.039] [PSS] [info] [3128|24280]streaming_driver_interface_impl.cpp:87 SubmitViewFrames: submit view frames {view_texture_handles: 3221231170 view_texture_handles: 2147485058 pose { orientation { x: -0.0176456012 y: 0.692135572 z: 0.0899937674 w: 0.715917647 } position { x: 0.121784255 y: 2.05351067 z: 0.0255650692 } }}, this= 0x203ae45b020
[2025-05-23 15:04:08.053] [PSS] [info] [3128|24280]streaming_driver_interface_impl.cpp:87 SubmitViewFrames: submit view frames {view_texture_handles: 3221231170 view_texture_handles: 2147485058 pose { orientation { x: -0.0180514213 y: 0.691933 z: 0.0899300575 w: 0.716111362 } position { x: 0.121818632 y: 2.05341554 z: 0.0255554169 } }}, this= 0x203ae45b020
[2025-05-23 15:04:08.067] [PSS] [info] [3128|24280]streaming_driver_interface_impl.cpp:87 SubmitViewFrames: submit view frames {view_texture_handles: 3221231170 view_texture_handles: 2147485058 pose { orientation { x: -0.0184731316 y: 0.691721439 z: 0.0898810178 w: 0.716311097 } position { x: 0.121786259 y: 2.05335212 z: 0.0256165341 } }}, this= 0x203ae45b020
[2025-05-23 15:04:08.089] [PSS] [info] [3128|24280]streaming_driver_interface_impl.cpp:87 SubmitViewFrames: submit view frames {view_texture_handles: 3221231170 view_texture_handles: 2147485058 pose { orientation { x: -0.0191992112 y: 0.691477776 z: 0.0895446539 w: 0.716569364 } position { x: 0.121670201 y: 2.05334902 z: 0.0258170515 } }}, this= 0x203ae45b020
[2025-05-23 15:04:08.095] [PSS] [info] [3128|24280]streaming_driver_interface_impl.cpp:87 SubmitViewFrames: submit view frames {view_texture_handles: 3221231170 view_texture_handles: 2147485058 pose { orientation { x: -0.0191992112 y: 0.691477776 z: 0.0895446539 w: 0.716569364 } position { x: 0.121670201 y: 2.05334902 z: 0.0258170515 } }}, this= 0x203ae45b020
[2025-05-23 15:04:08.109] [PSS] [info] [3128|24280]streaming_driver_interface_impl.cpp:87 SubmitViewFrames: submit view frames {view_texture_handles: 3221231170 view_texture_handles: 2147485058 pose { orientation { x: -0.0193484779 y: 0.691478372 z: 0.0894014463 w: 0.716582716 } position { x: 0.12164025 y: 2.05335236 z: 0.0259055477 } }}, this= 0x203ae45b020
[2025-05-23 15:04:08.123] [PSS] [info] [3128|24280]streaming_driver_interface_impl.cpp:87 SubmitViewFrames: submit view frames {view_texture_handles: 3221231170 view_texture_handles: 2147485058 pose { orientation { x: -0.0194191448 y: 0.691651046 z: 0.0893878564 w: 0.716415763 } position { x: 0.121660896 y: 2.05330062 z: 0.0260117147 } }}, this= 0x203ae45b020
[2025-05-23 15:04:08.137] [PSS] [info] [3128|24280]streaming_driver_interface_impl.cpp:87 SubmitViewFrames: submit view frames {view_texture_handles: 3221231170 view_texture_handles: 2147485058 pose { orientation { x: -0.0194339603 y: 0.691919208 z: 0.0894742757 w: 0.716145575 } position { x: 0.121734232 y: 2.05324244 z: 0.0261074919 } }}, this= 0x203ae45b020
[2025-05-23 15:04:08.150] [PSS] [info] [3128|24280]streaming_driver_interface_impl.cpp:87 SubmitViewFrames: submit view frames {view_texture_handles: 3221231170 view_texture_handles: 2147485058 pose { orientation { x: -0.0194675699 y: 0.6921134 z: 0.0897140801 w: 0.715927064 } position { x: 0.121796295 y: 2.05324125 z: 0.0261971783 } }}, this= 0x203ae45b020
[2025-05-23 15:04:08.164] [PSS] [info] [3128|24280]streaming_driver_interface_impl.cpp:87 SubmitViewFrames: submit view frames {view_texture_handles: 3221231170 view_texture_handles: 2147485058 pose { orientation { x: -0.0193548705 y: 0.692261815 z: 0.0899669603 w: 0.715754807 } position { x: 0.12184573 y: 2.05326223 z: 0.0262480024 } }}, this= 0x203ae45b020
[2025-05-23 15:04:08.177] [PSS] [info] [3128|24280]streaming_driver_interface_impl.cpp:87 SubmitViewFrames: submit view frames {view_texture_handles: 3221231170 view_texture_handles: 2147485058 pose { orientation { x: -0.0191248897 y: 0.692282557 z: 0.0903744698 w: 0.71568954 } position { x: 0.121966086 y: 2.053267 z: 0.0263618063 } }}, this= 0x203ae45b020
[2025-05-23 15:04:08.191] [PSS] [info] [3128|24280]streaming_driver_interface_impl.cpp:87 SubmitViewFrames: submit view frames {view_texture_handles: 3221231170 view_texture_handles: 2147485058 pose { orientation { x: -0.0188599825 y: 0.692289233 z: 0.0909158215 w: 0.71562165 } position { x: 0.122080244 y: 2.0532105 z: 0.0264661182 } }}, this= 0x203ae45b020
[2025-05-23 15:04:08.205] [PSS] [info] [3128|24280]streaming_driver_interface_impl.cpp:87 SubmitViewFrames: submit view frames {view_texture_handles: 3221231170 view_texture_handles: 2147485058 pose { orientation { x: -0.0186093915 y: 0.69217062 z: 0.0915835947 w: 0.715657711 } position { x: 0.122207873 y: 2.05317783 z: 0.0265491288 } }}, this= 0x203ae45b020
[2025-05-23 15:04:08.219] [PSS] [info] [3128|24280]streaming_driver_interface_impl.cpp:87 SubmitViewFrames: submit view frames {view_texture_handles: 3221231170 view_texture_handles: 2147485058 pose { orientation { x: -0.0184480716 y: 0.692118347 z: 0.0922761708 w: 0.715623498 } position { x: 0.122241125 y: 2.05319262 z: 0.0265978035 } }}, this= 0x203ae45b020
[2025-05-23 15:04:08.239] [PSS] [info] [3128|24280]streaming_driver_interface_impl.cpp:87 SubmitViewFrames: submit view frames {view_texture_handles: 3221231170 view_texture_handles: 2147485058 pose { orientation { x: -0.0181272682 y: 0.691935539 z: 0.0936551839 w: 0.715629339 } position { x: 0.122323774 y: 2.05311656 z: 0.0266227517 } }}, this= 0x203ae45b020
[2025-05-23 15:04:08.248] [PSS] [info] [3128|24280]streaming_driver_interface_impl.cpp:87 SubmitViewFrames: submit view frames {view_texture_handles: 3221231170 view_texture_handles: 2147485058 pose { orientation { x: -0.0181272682 y: 0.691935539 z: 0.0936551839 w: 0.715629339 } position { x: 0.122323774 y: 2.05311656 z: 0.0266227517 } }}, this= 0x203ae45b020
[2025-05-23 15:04:08.262] [PSS] [info] [3128|24280]streaming_driver_interface_impl.cpp:87 SubmitViewFrames: submit view frames {view_texture_handles: 3221231170 view_texture_handles: 2147485058 pose { orientation { x: -0.0180633944 y: 0.691769421 z: 0.0942651406 w: 0.715711415 } position { x: 0.122323908 y: 2.05304122 z: 0.0266406573 } }}, this= 0x203ae45b020
[2025-05-23 15:04:08.276] [PSS] [info] [3128|24280]streaming_driver_interface_impl.cpp:87 SubmitViewFrames: submit view frames {view_texture_handles: 3221231170 view_texture_handles: 2147485058 pose { orientation { x: -0.0180510171 y: 0.691658616 z: 0.0948958099 w: 0.715735614 } position { x: 0.122358322 y: 2.05298114 z: 0.0266035628 } }}, this= 0x203ae45b020
[2025-05-23 15:04:08.290] [PSS] [info] [3128|24280]streaming_driver_interface_impl.cpp:87 SubmitViewFrames: submit view frames {view_texture_handles: 3221231170 view_texture_handles: 2147485058 pose { orientation { x: -0.0180868544 y: 0.691572905 z: 0.0956113487 w: 0.715722203 } position { x: 0.122362822 y: 2.05288839 z: 0.0265456196 } }}, this= 0x203ae45b020
[2025-05-23 15:04:08.312] [PSS] [info] [3128|24280]streaming_driver_interface_impl.cpp:87 SubmitViewFrames: submit view frames {view_texture_handles: 3221231170 view_texture_handles: 2147485058 pose { orientation { x: -0.0184796527 y: 0.691280246 z: 0.0967700332 w: 0.715839148 } position { x: 0.122329451 y: 2.05272746 z: 0.0264436062 } }}, this= 0x203ae45b020
[2025-05-23 15:04:08.316] [PSS] [info] [3128|24280]streaming_driver_interface_impl.cpp:87 SubmitViewFrames: submit view frames {view_texture_handles: 3221231170 view_texture_handles: 2147485058 pose { orientation { x: -0.0184796527 y: 0.691280246 z: 0.0967700332 w: 0.715839148 } position { x: 0.122329451 y: 2.05272746 z: 0.0264436062 } }}, this= 0x203ae45b020
[2025-05-23 15:04:08.330] [PSS] [info] [3128|24280]streaming_driver_interface_impl.cpp:87 SubmitViewFrames: submit view frames {view_texture_handles: 3221231170 view_texture_handles: 2147485058 pose { orientation { x: -0.0187776163 y: 0.691108048 z: 0.0970321894 w: 0.715962172 } position { x: 0.12225493 y: 2.05268526 z: 0.0263519064 } }}, this= 0x203ae45b020
[2025-05-23 15:04:08.344] [PSS] [info] [3128|24280]streaming_driver_interface_impl.cpp:87 SubmitViewFrames: submit view frames {view_texture_handles: 3221231170 view_texture_handles: 2147485058 pose { orientation { x: -0.0191332884 y: 0.690879881 z: 0.0972274244 w: 0.716146469 } position { x: 0.122168094 y: 2.05266047 z: 0.0263007246 } }}, this= 0x203ae45b020
[2025-05-23 15:04:08.358] [PSS] [info] [3128|24280]streaming_driver_interface_impl.cpp:87 SubmitViewFrames: submit view frames {view_texture_handles: 3221231170 view_texture_handles: 2147485058 pose { orientation { x: -0.0194274951 y: 0.69064039 z: 0.0973582417 w: 0.716351748 } position { x: 0.122058146 y: 2.052598 z: 0.0262397528 } }}, this= 0x203ae45b020
[2025-05-23 15:04:08.374] [PSS] [info] [3128|24280]streaming_driver_interface_impl.cpp:87 SubmitViewFrames: submit view frames {view_texture_handles: 3221231170 view_texture_handles: 2147485058 pose { orientation { x: -0.0197644234 y: 0.690433383 z: 0.0974313542 w: 0.716532111 } position { x: 0.121988535 y: 2.05249214 z: 0.0261994787 } }}, this= 0x203ae45b020
[2025-05-23 15:04:08.393] [PSS] [info] [3128|24280]streaming_driver_interface_impl.cpp:87 SubmitViewFrames: submit view frames {view_texture_handles: 3221231170 view_texture_handles: 2147485058 pose { orientation { x: -0.0205812156 y: 0.689925253 z: 0.0970551297 w: 0.717049479 } position { x: 0.121612661 y: 2.05254841 z: 0.0262062177 } }}, this= 0x203ae45b020
[2025-05-23 15:04:08.402] [PSS] [info] [3128|24280]streaming_driver_interface_impl.cpp:87 SubmitViewFrames: submit view frames {view_texture_handles: 3221231170 view_texture_handles: 2147485058 pose { orientation { x: -0.0205812156 y: 0.689925253 z: 0.0970551297 w: 0.717049479 } position { x: 0.121612661 y: 2.05254841 z: 0.0262062177 } }}, this= 0x203ae45b020
[2025-05-23 15:04:08.416] [PSS] [info] [3128|24280]streaming_driver_interface_impl.cpp:87 SubmitViewFrames: submit view frames {view_texture_handles: 3221231170 view_texture_handles: 2147485058 pose { orientation { x: -0.020820193 y: 0.689836621 z: 0.0968343392 w: 0.717157662 } position { x: 0.121410795 y: 2.05258512 z: 0.0262407772 } }}, this= 0x203ae45b020
[2025-05-23 15:04:08.429] [PSS] [info] [3128|24280]streaming_driver_interface_impl.cpp:87 SubmitViewFrames: submit view frames {view_texture_handles: 3221231170 view_texture_handles: 2147485058 pose { orientation { x: -0.0209182147 y: 0.689957 z: 0.0967437625 w: 0.717051148 } position { x: 0.121239662 y: 2.05252838 z: 0.0262799151 } }}, this= 0x203ae45b020
[2025-05-23 15:04:08.444] [PSS] [info] [3128|24280]streaming_driver_interface_impl.cpp:87 SubmitViewFrames: submit view frames {view_texture_handles: 3221231170 view_texture_handles: 2147485058 pose { orientation { x: -0.0210214984 y: 0.690076 z: 0.0966518894 w: 0.716946065 } position { x: 0.121034376 y: 2.05244565 z: 0.0263586398 } }}, this= 0x203ae45b020
[2025-05-23 15:04:08.458] [PSS] [info] [3128|24280]streaming_driver_interface_impl.cpp:87 SubmitViewFrames: submit view frames {view_texture_handles: 3221231170 view_texture_handles: 2147485058 pose { orientation { x: -0.0211847853 y: 0.690253615 z: 0.0965755507 w: 0.716780603 } position { x: 0.120854735 y: 2.05236411 z: 0.0264160577 } }}, this= 0x203ae45b020
[2025-05-23 15:04:08.472] [PSS] [info] [3128|24280]streaming_driver_interface_impl.cpp:87 SubmitViewFrames: submit view frames {view_texture_handles: 3221231170 view_texture_handles: 2147485058 pose { orientation { x: -0.021405492 y: 0.690440178 z: 0.0964431316 w: 0.71661216 } position { x: 0.120735094 y: 2.05238509 z: 0.0265193097 } }}, this= 0x203ae45b020
[2025-05-23 15:04:08.485] [PSS] [info] [3128|24280]streaming_driver_interface_impl.cpp:87 SubmitViewFrames: submit view frames {view_texture_handles: 3221231170 view_texture_handles: 2147485058 pose { orientation { x: -0.0215489846 y: 0.690677404 z: 0.0963962153 w: 0.716385543 } position { x: 0.12053854 y: 2.05246162 z: 0.0266421977 } }}, this= 0x203ae45b020
[2025-05-23 15:04:08.499] [PSS] [info] [3128|24280]streaming_driver_interface_impl.cpp:87 SubmitViewFrames: submit view frames {view_texture_handles: 3221231170 view_texture_handles: 2147485058 pose { orientation { x: -0.0215183385 y: 0.690914571 z: 0.0966334194 w: 0.716125667 } position { x: 0.120424785 y: 2.05253124 z: 0.0267488826 } }}, this= 0x203ae45b020
[2025-05-23 15:04:08.513] [PSS] [info] [3128|24280]streaming_driver_interface_impl.cpp:87 SubmitViewFrames: submit view frames {view_texture_handles: 3221231170 view_texture_handles: 2147485058 pose { orientation { x: -0.0212946031 y: 0.691204607 z: 0.0971722 w: 0.715779543 } position { x: 0.120368168 y: 2.05250263 z: 0.0268813111 } }}, this= 0x203ae45b020
[2025-05-23 15:04:08.527] [PSS] [info] [3128|24280]streaming_driver_interface_impl.cpp:87 SubmitViewFrames: submit view frames {view_texture_handles: 3221231170 view_texture_handles: 2147485058 pose { orientation { x: -0.0209790654 y: 0.691583276 z: 0.0978805944 w: 0.715326369 } position { x: 0.1202939 y: 2.05251503 z: 0.0269753635 } }}, this= 0x203ae45b020
[2025-05-23 15:04:08.545] [PSS] [info] [3128|24280]streaming_driver_interface_impl.cpp:87 SubmitViewFrames: submit view frames {view_texture_handles: 3221231170 view_texture_handles: 2147485058 pose { orientation { x: -0.0199732948 y: 0.691935539 z: 0.0992494449 w: 0.714825749 } position { x: 0.120182045 y: 2.05253124 z: 0.0270582885 } }}, this= 0x203ae45b020
[2025-05-23 15:04:08.556] [PSS] [info] [3128|24280]streaming_driver_interface_impl.cpp:87 SubmitViewFrames: submit view frames {view_texture_handles: 3221231170 view_texture_handles: 2147485058 pose { orientation { x: -0.0199732948 y: 0.691935539 z: 0.0992494449 w: 0.714825749 } position { x: 0.120182045 y: 2.05253124 z: 0.0270582885 } }}, this= 0x203ae45b020
[2025-05-23 15:04:08.570] [PSS] [info] [3128|24280]streaming_driver_interface_impl.cpp:87 SubmitViewFrames: submit view frames {view_texture_handles: 3221231170 view_texture_handles: 2147485058 pose { orientation { x: -0.0197305456 y: 0.69190675 z: 0.0995461792 w: 0.714819074 } position { x: 0.120081306 y: 2.05249643 z: 0.0271179825 } }}, this= 0x203ae45b020
[2025-05-23 15:04:08.583] [PSS] [info] [3128|24280]streaming_driver_interface_impl.cpp:87 SubmitViewFrames: submit view frames {view_texture_handles: 3221231170 view_texture_handles: 2147485058 pose { orientation { x: -0.0195254609 y: 0.691942 z: 0.0997252092 w: 0.714765668 } position { x: 0.119956747 y: 2.05257201 z: 0.0271556396 } }}, this= 0x203ae45b020
[2025-05-23 15:04:08.597] [PSS] [info] [3128|24280]streaming_driver_interface_impl.cpp:87 SubmitViewFrames: submit view frames {view_texture_handles: 3221231170 view_texture_handles: 2147485058 pose { orientation { x: -0.0191777945 y: 0.691915154 z: 0.0999402329 w: 0.714771 } position { x: 0.119851872 y: 2.05269742 z: 0.0272494555 } }}, this= 0x203ae45b020
[2025-05-23 15:04:08.611] [PSS] [info] [3128|24280]streaming_driver_interface_impl.cpp:87 SubmitViewFrames: submit view frames {view_texture_handles: 3221231170 view_texture_handles: 2147485058 pose { orientation { x: -0.0187817551 y: 0.691921413 z: 0.100021511 w: 0.714764118 } position { x: 0.119726293 y: 2.0528059 z: 0.0272998177 } }}, this= 0x203ae45b020
[2025-05-23 15:04:08.625] [PSS] [info] [3128|24280]streaming_driver_interface_impl.cpp:87 SubmitViewFrames: submit view frames {view_texture_handles: 3221231170 view_texture_handles: 2147485058 pose { orientation { x: -0.018574331 y: 0.691905737 z: 0.0999294743 w: 0.714797556 } position { x: 0.119647585 y: 2.05284929 z: 0.0273968503 } }}, this= 0x203ae45b020
[2025-05-23 15:04:08.639] [PSS] [info] [3128|24280]streaming_driver_interface_impl.cpp:87 SubmitViewFrames: submit view frames {view_texture_handles: 3221231170 view_texture_handles: 2147485058 pose { orientation { x: -0.0182026587 y: 0.691891074 z: 0.0998981446 w: 0.71482569 } position { x: 0.119509414 y: 2.05298901 z: 0.0273682568 } }}, this= 0x203ae45b020
[2025-05-23 15:04:08.652] [PSS] [info] [3128|24280]streaming_driver_interface_impl.cpp:87 SubmitViewFrames: submit view frames {view_texture_handles: 3221231170 view_texture_handles: 2147485058 pose { orientation { x: -0.0176205412 y: 0.691784382 z: 0.0995819271 w: 0.714987636 } position { x: 0.119320109 y: 2.05296731 z: 0.0272928439 } }}, this= 0x203ae45b020
[2025-05-23 15:04:08.666] [PSS] [info] [3128|24280]streaming_driver_interface_impl.cpp:87 SubmitViewFrames: submit view frames {view_texture_handles: 3221231170 view_texture_handles: 2147485058 pose { orientation { x: -0.017062597 y: 0.691472113 z: 0.0993467271 w: 0.715335965 } position { x: 0.119105451 y: 2.05291963 z: 0.0270212479 } }}, this= 0x203ae45b020
[2025-05-23 15:04:08.680] [PSS] [info] [3128|24280]streaming_driver_interface_impl.cpp:87 SubmitViewFrames: submit view frames {view_texture_handles: 3221231170 view_texture_handles: 2147485058 pose { orientation { x: -0.0162931 y: 0.69112432 z: 0.0994524062 w: 0.715675175 } position { x: 0.119243547 y: 2.05309963 z: 0.0264961869 } }}, this= 0x203ae45b020
[2025-05-23 15:04:08.699] [PSS] [info] [3128|24280]streaming_driver_interface_impl.cpp:87 SubmitViewFrames: submit view frames {view_texture_handles: 3221231170 view_texture_handles: 2147485058 pose { orientation { x: -0.0145053156 y: 0.68933475 z: 0.0992329642 w: 0.717467785 } position { x: 0.120093197 y: 2.05378032 z: 0.025679959 } }}, this= 0x203ae45b020
[2025-05-23 15:04:08.710] [PSS] [info] [3128|24280]streaming_driver_interface_impl.cpp:87 SubmitViewFrames: submit view frames {view_texture_handles: 3221231170 view_texture_handles: 2147485058 pose { orientation { x: -0.0145053156 y: 0.68933475 z: 0.0992329642 w: 0.717467785 } position { x: 0.120093197 y: 2.05378032 z: 0.025679959 } }}, this= 0x203ae45b020
[2025-05-23 15:04:08.724] [PSS] [info] [3128|24280]streaming_driver_interface_impl.cpp:87 SubmitViewFrames: submit view frames {view_texture_handles: 3221231170 view_texture_handles: 2147485058 pose { orientation { x: -0.0133253653 y: 0.687919796 z: 0.098684296 w: 0.718923032 } position { x: 0.120349996 y: 2.05440331 z: 0.0254335459 } }}, this= 0x203ae45b020
[2025-05-23 15:04:08.737] [PSS] [info] [3128|24280]streaming_driver_interface_impl.cpp:87 SubmitViewFrames: submit view frames {view_texture_handles: 3221231170 view_texture_handles: 2147485058 pose { orientation { x: -0.0114880549 y: 0.686111629 z: 0.097799629 w: 0.720801 } position { x: 0.120549873 y: 2.05498338 z: 0.0249785613 } }}, this= 0x203ae45b020
[2025-05-23 15:04:08.751] [PSS] [info] [3128|24280]streaming_driver_interface_impl.cpp:87 SubmitViewFrames: submit view frames {view_texture_handles: 3221231170 view_texture_handles: 2147485058 pose { orientation { x: -0.00999624 y: 0.684369862 z: 0.0959803537 w: 0.7227211 } position { x: 0.120665438 y: 2.05529952 z: 0.0245008413 } }}, this= 0x203ae45b020
[2025-05-23 15:04:08.765] [PSS] [info] [3128|24280]streaming_driver_interface_impl.cpp:87 SubmitViewFrames: submit view frames {view_texture_handles: 3221231170 view_texture_handles: 2147485058 pose { orientation { x: -0.00917939097 y: 0.682629347 z: 0.0934228152 w: 0.724710345 } position { x: 0.120660603 y: 2.05547285 z: 0.0240907371 } }}, this= 0x203ae45b020
[2025-05-23 15:04:08.779] [PSS] [info] [3128|24280]streaming_driver_interface_impl.cpp:87 SubmitViewFrames: submit view frames {view_texture_handles: 3221231170 view_texture_handles: 2147485058 pose { orientation { x: -0.00884285942 y: 0.681171358 z: 0.0902729779 w: 0.726483524 } position { x: 0.120541304 y: 2.05579805 z: 0.0236803256 } }}, this= 0x203ae45b020
[2025-05-23 15:04:08.793] [PSS] [info] [3128|24280]streaming_driver_interface_impl.cpp:87 SubmitViewFrames: submit view frames {view_texture_handles: 3221231170 view_texture_handles: 2147485058 pose { orientation { x: -0.00846202485 y: 0.680033207 z: 0.0872236043 w: 0.72792536 } position { x: 0.120415628 y: 2.05634046 z: 0.0233011898 } }}, this= 0x203ae45b020
[2025-05-23 15:04:08.806] [PSS] [info] [3128|24280]streaming_driver_interface_impl.cpp:87 SubmitViewFrames: submit view frames {view_texture_handles: 3221231170 view_texture_handles: 2147485058 pose { orientation { x: -0.00798040815 y: 0.679202378 z: 0.0841210634 w: 0.729070723 } position { x: 0.120375186 y: 2.05677557 z: 0.022968024 } }}, this= 0x203ae45b020
[2025-05-23 15:04:08.820] [PSS] [info] [3128|24280]streaming_driver_interface_impl.cpp:87 SubmitViewFrames: submit view frames {view_texture_handles: 3221231170 view_texture_handles: 2147485058 pose { orientation { x: -0.00761130964 y: 0.678744435 z: 0.0817857832 w: 0.729766488 } position { x: 0.12029472 y: 2.0571084 z: 0.0225857683 } }}, this= 0x203ae45b020
[2025-05-23 15:04:08.834] [PSS] [info] [3128|24280]streaming_driver_interface_impl.cpp:87 SubmitViewFrames: submit view frames {view_texture_handles: 3221231170 view_texture_handles: 2147485058 pose { orientation { x: -0.00716688251 y: 0.678450584 z: 0.0797990486 w: 0.730264068 } position { x: 0.120126568 y: 2.05722237 z: 0.0223240405 } }}, this= 0x203ae45b020
[2025-05-23 15:04:08.850] [PSS] [info] [3128|24280]streaming_driver_interface_impl.cpp:87 SubmitViewFrames: submit view frames {view_texture_handles: 3221231170 view_texture_handles: 2147485058 pose { orientation { x: -0.00699463114 y: 0.678295076 z: 0.0762247294 w: 0.730791867 } position { x: 0.119612508 y: 2.05759716 z: 0.0218973476 } }}, this= 0x203ae45b020
[2025-05-23 15:04:08.864] [PSS] [info] [3128|24280]streaming_driver_interface_impl.cpp:87 SubmitViewFrames: submit view frames {view_texture_handles: 3221231170 view_texture_handles: 2147485058 pose { orientation { x: -0.00699463114 y: 0.678295076 z: 0.0762247294 w: 0.730791867 } position { x: 0.119612508 y: 2.05759716 z: 0.0218973476 } }}, this= 0x203ae45b020
[2025-05-23 15:04:08.878] [PSS] [info] [3128|24280]streaming_driver_interface_impl.cpp:87 SubmitViewFrames: submit view frames {view_texture_handles: 3221231170 view_texture_handles: 2147485058 pose { orientation { x: -0.00729512377 y: 0.678544 z: 0.0744968206 w: 0.730736 } position { x: 0.119088523 y: 2.05774951 z: 0.0217332616 } }}, this= 0x203ae45b020
[2025-05-23 15:04:08.892] [PSS] [info] [3128|24280]streaming_driver_interface_impl.cpp:87 SubmitViewFrames: submit view frames {view_texture_handles: 3221231170 view_texture_handles: 2147485058 pose { orientation { x: -0.00752495369 y: 0.678804517 z: 0.0747269839 w: 0.730468214 } position { x: 0.11877872 y: 2.05775547 z: 0.0217225738 } }}, this= 0x203ae45b020
[2025-05-23 15:04:08.905] [PSS] [info] [3128|24280]streaming_driver_interface_impl.cpp:87 SubmitViewFrames: submit view frames {view_texture_handles: 3221231170 view_texture_handles: 2147485058 pose { orientation { x: -0.00752495369 y: 0.678804517 z: 0.0747269839 w: 0.730468214 } position { x: 0.11877872 y: 2.05775547 z: 0.0217225738 } }}, this= 0x203ae45b020
[2025-05-23 15:04:08.919] [PSS] [info] [3128|24280]streaming_driver_interface_impl.cpp:87 SubmitViewFrames: submit view frames {view_texture_handles: 3221231170 view_texture_handles: 2147485058 pose { orientation { x: -0.007682567 y: 0.679296076 z: 0.0758473724 w: 0.729893863 } position { x: 0.118503973 y: 2.05760312 z: 0.0218665954 } }}, this= 0x203ae45b020
[2025-05-23 15:04:08.933] [PSS] [info] [3128|24280]streaming_driver_interface_impl.cpp:87 SubmitViewFrames: submit view frames {view_texture_handles: 3221231170 view_texture_handles: 2147485058 pose { orientation { x: -0.00777299562 y: 0.680048227 z: 0.0775113106 w: 0.729017138 } position { x: 0.118249826 y: 2.05751014 z: 0.0219950639 } }}, this= 0x203ae45b020
[2025-05-23 15:04:08.948] [PSS] [info] [3128|24280]streaming_driver_interface_impl.cpp:87 SubmitViewFrames: submit view frames {view_texture_handles: 3221231170 view_texture_handles: 2147485058 pose { orientation { x: -0.00798347406 y: 0.68161428 z: 0.0813034326 w: 0.72713685 } position { x: 0.117564619 y: 2.0573051 z: 0.0221287161 } }}, this= 0x203ae45b020
[2025-05-23 15:04:08.962] [PSS] [info] [3128|24280]streaming_driver_interface_impl.cpp:87 SubmitViewFrames: submit view frames {view_texture_handles: 3221231170 view_texture_handles: 2147485058 pose { orientation { x: -0.00835191272 y: 0.682265103 z: 0.0828374699 w: 0.726348758 } position { x: 0.117110319 y: 2.05722952 z: 0.0222228393 } }}, this= 0x203ae45b020
[2025-05-23 15:04:08.975] [PSS] [info] [3128|24280]streaming_driver_interface_impl.cpp:87 SubmitViewFrames: submit view frames {view_texture_handles: 3221231170 view_texture_handles: 2147485058 pose { orientation { x: -0.00874934159 y: 0.682916 z: 0.0842518434 w: 0.725569367 } position { x: 0.116585702 y: 2.05714679 z: 0.0222182 } }}, this= 0x203ae45b020
[2025-05-23 15:04:08.999] [PSS] [info] [3128|24280]streaming_driver_interface_impl.cpp:87 SubmitViewFrames: submit view frames {view_texture_handles: 3221231170 view_texture_handles: 2147485058 pose { orientation { x: -0.00917137414 y: 0.683389962 z: 0.0851868689 w: 0.725008428 } position { x: 0.116029985 y: 2.05716205 z: 0.0222390033 } }}, this= 0x203ae45b020
[2025-05-23 15:04:09.003] [PSS] [info] [3128|24280]streaming_driver_interface_impl.cpp:87 SubmitViewFrames: submit view frames {view_texture_handles: 3221231170 view_texture_handles: 2147485058 pose { orientation { x: -0.00917137414 y: 0.683389962 z: 0.0851868689 w: 0.725008428 } position { x: 0.116029985 y: 2.05716205 z: 0.0222390033 } }}, this= 0x203ae45b020
[2025-05-23 15:04:09.017] [PSS] [info] [3128|24280]streaming_driver_interface_impl.cpp:87 SubmitViewFrames: submit view frames {view_texture_handles: 3221231170 view_texture_handles: 2147485058 pose { orientation { x: -0.0100475755 y: 0.684092283 z: 0.086242564 w: 0.724209249 } position { x: 0.115109 y: 2.0572505 z: 0.0225871708 } }}, this= 0x203ae45b020
[2025-05-23 15:04:09.030] [PSS] [info] [3128|24280]streaming_driver_interface_impl.cpp:87 SubmitViewFrames: submit view frames {view_texture_handles: 3221231170 view_texture_handles: 2147485058 pose { orientation { x: -0.0100475755 y: 0.684092283 z: 0.086242564 w: 0.724209249 } position { x: 0.115109 y: 2.0572505 z: 0.0225871708 } }}, this= 0x203ae45b020
[2025-05-23 15:04:09.046] [PSS] [info] [3128|24280]streaming_driver_interface_impl.cpp:87 SubmitViewFrames: submit view frames {view_texture_handles: 3221231170 view_texture_handles: 2147485058 pose { orientation { x: -0.0102129159 y: 0.685209155 z: 0.0871949196 w: 0.723036051 } position { x: 0.114136018 y: 2.05699325 z: 0.0230667517 } }}, this= 0x203ae45b020
[2025-05-23 15:04:09.060] [PSS] [info] [3128|24280]streaming_driver_interface_impl.cpp:87 SubmitViewFrames: submit view frames {view_texture_handles: 3221231170 view_texture_handles: 2147485058 pose { orientation { x: -0.010543583 y: 0.686042607 z: 0.087140128 w: 0.722247243 } position { x: 0.113618344 y: 2.05669427 z: 0.0233092196 } }}, this= 0x203ae45b020
[2025-05-23 15:04:09.074] [PSS] [info] [3128|24280]streaming_driver_interface_impl.cpp:87 SubmitViewFrames: submit view frames {view_texture_handles: 3221231170 view_texture_handles: 2147485058 pose { orientation { x: -0.0112923989 y: 0.687243879 z: 0.0868340358 w: 0.721129835 } position { x: 0.11308372 y: 2.05638862 z: 0.0234797243 } }}, this= 0x203ae45b020
[2025-05-23 15:04:09.088] [PSS] [info] [3128|24280]streaming_driver_interface_impl.cpp:87 SubmitViewFrames: submit view frames {view_texture_handles: 3221231170 view_texture_handles: 2147485058 pose { orientation { x: -0.0121398307 y: 0.688707769 z: 0.0863068402 w: 0.719781458 } position { x: 0.112541638 y: 2.05623221 z: 0.0236367453 } }}, this= 0x203ae45b020
[2025-05-23 15:04:09.102] [PSS] [info] [3128|24280]streaming_driver_interface_impl.cpp:87 SubmitViewFrames: submit view frames {view_texture_handles: 3221231170 view_texture_handles: 2147485058 pose { orientation { x: -0.0130355749 y: 0.690271556 z: 0.0858597234 w: 0.718319833 } position { x: 0.111999393 y: 2.05602765 z: 0.0236789901 } }}, this= 0x203ae45b020
[2025-05-23 15:04:09.115] [PSS] [info] [3128|24280]streaming_driver_interface_impl.cpp:87 SubmitViewFrames: submit view frames {view_texture_handles: 3221231170 view_texture_handles: 2147485058 pose { orientation { x: -0.0138838952 y: 0.691702545 z: 0.0855758935 w: 0.716960073 } position { x: 0.111631267 y: 2.05584764 z: 0.0236769114 } }}, this= 0x203ae45b020
[2025-05-23 15:04:09.129] [PSS] [info] [3128|24280]streaming_driver_interface_impl.cpp:87 SubmitViewFrames: submit view frames {view_texture_handles: 3221231170 view_texture_handles: 2147485058 pose { orientation { x: -0.0148059633 y: 0.692971289 z: 0.0853718519 w: 0.715739608 } position { x: 0.111384556 y: 2.05584407 z: 0.0237486921 } }}, this= 0x203ae45b020
[2025-05-23 15:04:09.150] [PSS] [info] [3128|24280]streaming_driver_interface_impl.cpp:87 SubmitViewFrames: submit view frames {view_texture_handles: 3221231170 view_texture_handles: 2147485058 pose { orientation { x: -0.015104441 y: 0.694099903 z: 0.0853871107 w: 0.71463716 } position { x: 0.111225069 y: 2.05608797 z: 0.0238968376 } }}, this= 0x203ae45b020
[2025-05-23 15:04:09.156] [PSS] [info] [3128|24280]streaming_driver_interface_impl.cpp:87 SubmitViewFrames: submit view frames {view_texture_handles: 3221231170 view_texture_handles: 2147485058 pose { orientation { x: -0.0145376781 y: 0.695104659 z: 0.0854239538 w: 0.713667214 } position { x: 0.110951632 y: 2.056458 z: 0.0241708383 } }}, this= 0x203ae45b020
[2025-05-23 15:04:09.170] [PSS] [info] [3128|24280]streaming_driver_interface_impl.cpp:87 SubmitViewFrames: submit view frames {view_texture_handles: 3221231170 view_texture_handles: 2147485058 pose { orientation { x: -0.0133652445 y: 0.696003199 z: 0.0851895064 w: 0.712842 } position { x: 0.110695511 y: 2.05683637 z: 0.024453124 } }}, this= 0x203ae45b020
[2025-05-23 15:04:09.184] [PSS] [info] [3128|24280]streaming_driver_interface_impl.cpp:87 SubmitViewFrames: submit view frames {view_texture_handles: 3221231170 view_texture_handles: 2147485058 pose { orientation { x: -0.0118934987 y: 0.696869195 z: 0.0844577774 w: 0.712108672 } position { x: 0.110404707 y: 2.05706382 z: 0.0247559417 } }}, this= 0x203ae45b020
[2025-05-23 15:04:09.198] [PSS] [info] [3128|24280]streaming_driver_interface_impl.cpp:87 SubmitViewFrames: submit view frames {view_texture_handles: 3221231170 view_texture_handles: 2147485058 pose { orientation { x: -0.0105696116 y: 0.697726965 z: 0.0833808929 w: 0.711416185 } position { x: 0.110103495 y: 2.05723143 z: 0.0249786116 } }}, this= 0x203ae45b020
[2025-05-23 15:04:09.212] [PSS] [info] [3128|24280]streaming_driver_interface_impl.cpp:87 SubmitViewFrames: submit view frames {view_texture_handles: 3221231170 view_texture_handles: 2147485058 pose { orientation { x: -0.00947908591 y: 0.698552847 z: 0.0819594488 w: 0.710786 } position { x: 0.109794788 y: 2.05740285 z: 0.025134705 } }}, this= 0x203ae45b020
[2025-05-23 15:04:09.225] [PSS] [info] [3128|24280]streaming_driver_interface_impl.cpp:87 SubmitViewFrames: submit view frames {view_texture_handles: 3221231170 view_texture_handles: 2147485058 pose { orientation { x: -0.00870620832 y: 0.69927752 z: 0.0804123059 w: 0.710259914 } position { x: 0.109491147 y: 2.0575521 z: 0.0251794588 } }}, this= 0x203ae45b020
[2025-05-23 15:04:09.239] [PSS] [info] [3128|24280]streaming_driver_interface_impl.cpp:87 SubmitViewFrames: submit view frames {view_texture_handles: 3221231170 view_texture_handles: 2147485058 pose { orientation { x: -0.00845924672 y: 0.699950635 z: 0.0787899122 w: 0.709781468 } position { x: 0.109195277 y: 2.05754447 z: 0.0252082124 } }}, this= 0x203ae45b020
[2025-05-23 15:04:09.253] [PSS] [info] [3128|24280]streaming_driver_interface_impl.cpp:87 SubmitViewFrames: submit view frames {view_texture_handles: 3221231170 view_texture_handles: 2147485058 pose { orientation { x: -0.00845924672 y: 0.699950635 z: 0.0787899122 w: 0.709781468 } position { x: 0.109195277 y: 2.05754447 z: 0.0252082124 } }}, this= 0x203ae45b020
[2025-05-23 15:04:09.267] [PSS] [info] [3128|24280]streaming_driver_interface_impl.cpp:87 SubmitViewFrames: submit view frames {view_texture_handles: 3221231170 view_texture_handles: 2147485058 pose { orientation { x: -0.0096948212 y: 0.700638413 z: 0.0757037 w: 0.709422827 } position { x: 0.108746484 y: 2.05807018 z: 0.025496196 } }}, this= 0x203ae45b020
[2025-05-23 15:04:09.284] [PSS] [info] [3128|24280]streaming_driver_interface_impl.cpp:87 SubmitViewFrames: submit view frames {view_texture_handles: 3221231170 view_texture_handles: 2147485058 pose { orientation { x: -0.00954992604 y: 0.700631917 z: 0.0745162517 w: 0.709556937 } position { x: 0.108447164 y: 2.05874014 z: 0.0256612133 } }}, this= 0x203ae45b020
[2025-05-23 15:04:09.308] [PSS] [info] [3128|24280]streaming_driver_interface_impl.cpp:87 SubmitViewFrames: submit view frames {view_texture_handles: 3221231170 view_texture_handles: 2147485058 pose { orientation { x: -0.00834832713 y: 0.700424433 z: 0.0744653493 w: 0.709782243 } position { x: 0.108238161 y: 2.05916047 z: 0.0257360525 } }}, this= 0x203ae45b020
[2025-05-23 15:04:09.317] [PSS] [info] [3128|24280]streaming_driver_interface_impl.cpp:87 SubmitViewFrames: submit view frames {view_texture_handles: 3221231170 view_texture_handles: 2147485058 pose { orientation { x: -0.00694309734 y: 0.700357258 z: 0.07487607 w: 0.709820449 } position { x: 0.108032666 y: 2.05907083 z: 0.0258185752 } }}, this= 0x203ae45b020
[2025-05-23 15:04:09.330] [PSS] [info] [3128|24280]streaming_driver_interface_impl.cpp:87 SubmitViewFrames: submit view frames {view_texture_handles: 3221231170 view_texture_handles: 2147485058 pose { orientation { x: -0.00628222479 y: 0.700541317 z: 0.0752075464 w: 0.709609926 } position { x: 0.107745416 y: 2.05871749 z: 0.0258368049 } }}, this= 0x203ae45b020
[2025-05-23 15:04:09.343] [PSS] [info] [3128|24280]streaming_driver_interface_impl.cpp:87 SubmitViewFrames: submit view frames {view_texture_handles: 3221231170 view_texture_handles: 2147485058 pose { orientation { x: -0.00637229579 y: 0.700898826 z: 0.0753941089 w: 0.709236205 } position { x: 0.107419439 y: 2.05842614 z: 0.0258108974 } }}, this= 0x203ae45b020
[2025-05-23 15:04:09.357] [PSS] [info] [3128|24280]streaming_driver_interface_impl.cpp:87 SubmitViewFrames: submit view frames {view_texture_handles: 3221231170 view_texture_handles: 2147485058 pose { orientation { x: -0.00696966052 y: 0.701198459 z: 0.0753452629 w: 0.708939493 } position { x: 0.1071373 y: 2.05829883 z: 0.0257311948 } }}, this= 0x203ae45b020
[2025-05-23 15:04:09.370] [PSS] [info] [3128|24280]streaming_driver_interface_impl.cpp:87 SubmitViewFrames: submit view frames {view_texture_handles: 3221231170 view_texture_handles: 2147485058 pose { orientation { x: -0.00757531356 y: 0.701358378 z: 0.0754988864 w: 0.708758771 } position { x: 0.106830135 y: 2.05831432 z: 0.0255040824 } }}, this= 0x203ae45b020
[2025-05-23 15:04:09.386] [PSS] [info] [3128|24280]streaming_driver_interface_impl.cpp:87 SubmitViewFrames: submit view frames {view_texture_handles: 3221231170 view_texture_handles: 2147485058 pose { orientation { x: -0.00824203249 y: 0.701227188 z: 0.0756957456 w: 0.708860099 } position { x: 0.106556848 y: 2.05826926 z: 0.0252818912 } }}, this= 0x203ae45b020
[2025-05-23 15:04:09.400] [PSS] [info] [3128|24280]streaming_driver_interface_impl.cpp:87 SubmitViewFrames: submit view frames {view_texture_handles: 3221231170 view_texture_handles: 2147485058 pose { orientation { x: -0.00905262213 y: 0.70093137 z: 0.0755891 w: 0.709154129 } position { x: 0.106279589 y: 2.0582428 z: 0.0252163094 } }}, this= 0x203ae45b020
[2025-05-23 15:04:09.412] [PSS] [info] [3128|24280]streaming_driver_interface_impl.cpp:87 SubmitViewFrames: submit view frames {view_texture_handles: 3221231170 view_texture_handles: 2147485058 pose { orientation { x: -0.0100356881 y: 0.700251937 z: 0.0750664249 w: 0.709867299 } position { x: 0.105908155 y: 2.05820036 z: 0.0253744535 } }}, this= 0x203ae45b020
[2025-05-23 15:04:09.426] [PSS] [info] [3128|24280]streaming_driver_interface_impl.cpp:87 SubmitViewFrames: submit view frames {view_texture_handles: 3221231170 view_texture_handles: 2147485058 pose { orientation { x: -0.0107709132 y: 0.69966346 z: 0.0744476467 w: 0.71050173 } position { x: 0.105463155 y: 2.05809164 z: 0.025665788 } }}, this= 0x203ae45b020
[2025-05-23 15:04:09.454] [PSS] [info] [3128|24280]streaming_driver_interface_impl.cpp:87 SubmitViewFrames: submit view frames {view_texture_handles: 3221231170 view_texture_handles: 2147485058 pose { orientation { x: -0.0119015677 y: 0.699094713 z: 0.07312572 w: 0.711180389 } position { x: 0.104470521 y: 2.05766892 z: 0.0262400154 } }}, this= 0x203ae45b020
[2025-05-23 15:04:09.458] [PSS] [info] [3128|24280]streaming_driver_interface_impl.cpp:87 SubmitViewFrames: submit view frames {view_texture_handles: 3221231170 view_texture_handles: 2147485058 pose { orientation { x: -0.0119015677 y: 0.699094713 z: 0.07312572 w: 0.711180389 } position { x: 0.104470521 y: 2.05766892 z: 0.0262400154 } }}, this= 0x203ae45b020
[2025-05-23 15:04:09.470] [PSS] [info] [3128|24280]streaming_driver_interface_impl.cpp:87 SubmitViewFrames: submit view frames {view_texture_handles: 3221231170 view_texture_handles: 2147485058 pose { orientation { x: -0.0124128498 y: 0.69935745 z: 0.0725555941 w: 0.710971713 } position { x: 0.10380511 y: 2.05722427 z: 0.0265464764 } }}, this= 0x203ae45b020
[2025-05-23 15:04:09.484] [PSS] [info] [3128|24280]streaming_driver_interface_impl.cpp:87 SubmitViewFrames: submit view frames {view_texture_handles: 3221231170 view_texture_handles: 2147485058 pose { orientation { x: -0.0132158017 y: 0.700222671 z: 0.0720598 w: 0.710155606 } position { x: 0.103268601 y: 2.05670166 z: 0.0268705692 } }}, this= 0x203ae45b020
[2025-05-23 15:04:09.498] [PSS] [info] [3128|24280]streaming_driver_interface_impl.cpp:87 SubmitViewFrames: submit view frames {view_texture_handles: 3221231170 view_texture_handles: 2147485058 pose { orientation { x: -0.0141354473 y: 0.701541722 z: 0.0715828836 w: 0.708883166 } position { x: 0.102686435 y: 2.05627537 z: 0.0272530988 } }}, this= 0x203ae45b020
[2025-05-23 15:04:09.512] [PSS] [info] [3128|24280]streaming_driver_interface_impl.cpp:87 SubmitViewFrames: submit view frames {view_texture_handles: 3221231170 view_texture_handles: 2147485058 pose { orientation { x: -0.0148648871 y: 0.703402162 z: 0.0714007 w: 0.707040548 } position { x: 0.102093399 y: 2.05587649 z: 0.0276283417 } }}, this= 0x203ae45b020
[2025-05-23 15:04:09.525] [PSS] [info] [3128|24280]streaming_driver_interface_impl.cpp:87 SubmitViewFrames: submit view frames {view_texture_handles: 3221231170 view_texture_handles: 2147485058 pose { orientation { x: -0.0150954612 y: 0.705602467 z: 0.0717207491 w: 0.704807341 } position { x: 0.101540841 y: 2.05538321 z: 0.0279239435 } }}, this= 0x203ae45b020
[2025-05-23 15:04:09.540] [PSS] [info] [3128|24280]streaming_driver_interface_impl.cpp:87 SubmitViewFrames: submit view frames {view_texture_handles: 3221231170 view_texture_handles: 2147485058 pose { orientation { x: -0.0151255438 y: 0.708299577 z: 0.0729685 w: 0.701967597 } position { x: 0.101139113 y: 2.05446887 z: 0.0280921757 } }}, this= 0x203ae45b020
[2025-05-23 15:04:09.553] [PSS] [info] [3128|24280]streaming_driver_interface_impl.cpp:87 SubmitViewFrames: submit view frames {view_texture_handles: 3221231170 view_texture_handles: 2147485058 pose { orientation { x: -0.0155750979 y: 0.710731685 z: 0.0749878 w: 0.699281573 } position { x: 0.101195052 y: 2.05349851 z: 0.0281081628 } }}, this= 0x203ae45b020
[2025-05-23 15:04:09.567] [PSS] [info] [3128|24280]streaming_driver_interface_impl.cpp:87 SubmitViewFrames: submit view frames {view_texture_handles: 3221231170 view_texture_handles: 2147485058 pose { orientation { x: -0.0157828033 y: 0.712828875 z: 0.0782442 w: 0.696781 } position { x: 0.101510741 y: 2.05298352 z: 0.0280037373 } }}, this= 0x203ae45b020
[2025-05-23 15:04:09.580] [PSS] [info] [3128|24280]streaming_driver_interface_impl.cpp:87 SubmitViewFrames: submit view frames {view_texture_handles: 3221231170 view_texture_handles: 2147485058 pose { orientation { x: -0.0154226525 y: 0.714309871 z: 0.0821056366 w: 0.694825351 } position { x: 0.101876825 y: 2.05310178 z: 0.0278972425 } }}, this= 0x203ae45b020
[2025-05-23 15:04:09.607] [PSS] [info] [3128|24280]streaming_driver_interface_impl.cpp:87 SubmitViewFrames: submit view frames {view_texture_handles: 3221231170 view_texture_handles: 2147485058 pose { orientation { x: -0.013465452 y: 0.714693189 z: 0.086598061 w: 0.693925858 } position { x: 0.102196641 y: 2.05379558 z: 0.0280016102 } }}, this= 0x203ae45b020
[2025-05-23 15:04:09.610] [PSS] [info] [3128|24280]streaming_driver_interface_impl.cpp:87 SubmitViewFrames: submit view frames {view_texture_handles: 3221231170 view_texture_handles: 2147485058 pose { orientation { x: -0.013465452 y: 0.714693189 z: 0.086598061 w: 0.693925858 } position { x: 0.102196641 y: 2.05379558 z: 0.0280016102 } }}, this= 0x203ae45b020
[2025-05-23 15:04:09.623] [PSS] [info] [3128|24280]streaming_driver_interface_impl.cpp:87 SubmitViewFrames: submit view frames {view_texture_handles: 3221231170 view_texture_handles: 2147485058 pose { orientation { x: -0.0127878115 y: 0.714031637 z: 0.0869182125 w: 0.694579422 } position { x: 0.102268897 y: 2.05374646 z: 0.0281948112 } }}, this= 0x203ae45b020
[2025-05-23 15:04:09.638] [PSS] [info] [3128|24280]streaming_driver_interface_impl.cpp:87 SubmitViewFrames: submit view frames {view_texture_handles: 3221231170 view_texture_handles: 2147485058 pose { orientation { x: -0.0124787297 y: 0.713048697 z: 0.0861626193 w: 0.695688 } position { x: 0.102356717 y: 2.05353689 z: 0.0285050031 } }}, this= 0x203ae45b020
[2025-05-23 15:04:09.649] [PSS] [info] [3128|24280]streaming_driver_interface_impl.cpp:87 SubmitViewFrames: submit view frames {view_texture_handles: 3221231170 view_texture_handles: 2147485058 pose { orientation { x: -0.0128057264 y: 0.71214968 z: 0.0846938193 w: 0.69678247 } position { x: 0.102413595 y: 2.05347586 z: 0.0287970118 } }}, this= 0x203ae45b020
[2025-05-23 15:04:09.664] [PSS] [info] [3128|24280]streaming_driver_interface_impl.cpp:87 SubmitViewFrames: submit view frames {view_texture_handles: 3221231170 view_texture_handles: 2147485058 pose { orientation { x: -0.0135559598 y: 0.711209238 z: 0.0823260173 w: 0.698011518 } position { x: 0.10239549 y: 2.05378389 z: 0.029127948 } }}, this= 0x203ae45b020
[2025-05-23 15:04:09.678] [PSS] [info] [3128|24280]streaming_driver_interface_impl.cpp:87 SubmitViewFrames: submit view frames {view_texture_handles: 3221231170 view_texture_handles: 2147485058 pose { orientation { x: -0.0140128927 y: 0.710430443 z: 0.0796386749 w: 0.699106514 } position { x: 0.102381594 y: 2.05445242 z: 0.0294684246 } }}, this= 0x203ae45b020
[2025-05-23 15:04:09.693] [PSS] [info] [3128|24280]streaming_driver_interface_impl.cpp:87 SubmitViewFrames: submit view frames {view_texture_handles: 3221231170 view_texture_handles: 2147485058 pose { orientation { x: -0.0138276126 y: 0.709563 z: 0.0770404562 w: 0.700281322 } position { x: 0.102432229 y: 2.05516076 z: 0.0299112648 } }}, this= 0x203ae45b020
[2025-05-23 15:04:09.707] [PSS] [info] [3128|24280]streaming_driver_interface_impl.cpp:87 SubmitViewFrames: submit view frames {view_texture_handles: 3221231170 view_texture_handles: 2147485058 pose { orientation { x: -0.013075904 y: 0.70881784 z: 0.0749324933 w: 0.701278389 } position { x: 0.102527201 y: 2.05583191 z: 0.0304956585 } }}, this= 0x203ae45b020
[2025-05-23 15:04:09.722] [PSS] [info] [3128|24280]streaming_driver_interface_impl.cpp:87 SubmitViewFrames: submit view frames {view_texture_handles: 3221231170 view_texture_handles: 2147485058 pose { orientation { x: -0.0116420696 y: 0.70822382 z: 0.0731259361 w: 0.702094078 } position { x: 0.10258121 y: 2.0565691 z: 0.0311519951 } }}, this= 0x203ae45b020
[2025-05-23 15:04:09.735] [PSS] [info] [3128|24280]streaming_driver_interface_impl.cpp:87 SubmitViewFrames: submit view frames {view_texture_handles: 3221231170 view_texture_handles: 2147485058 pose { orientation { x: -0.00982213 y: 0.707864642 z: 0.0718101263 w: 0.702619731 } position { x: 0.102527648 y: 2.05728245 z: 0.0317855701 } }}, this= 0x203ae45b020
[2025-05-23 15:04:09.759] [PSS] [info] [3128|24280]streaming_driver_interface_impl.cpp:87 SubmitViewFrames: submit view frames {view_texture_handles: 3221231170 view_texture_handles: 2147485058 pose { orientation { x: -0.00606441684 y: 0.708070338 z: 0.0701852888 w: 0.702619135 } position { x: 0.102331854 y: 2.05787277 z: 0.0329364724 } }}, this= 0x203ae45b020
[2025-05-23 15:04:09.764] [PSS] [info] [3128|24280]streaming_driver_interface_impl.cpp:87 SubmitViewFrames: submit view frames {view_texture_handles: 3221231170 view_texture_handles: 2147485058 pose { orientation { x: -0.00606441684 y: 0.708070338 z: 0.0701852888 w: 0.702619135 } position { x: 0.102331854 y: 2.05787277 z: 0.0329364724 } }}, this= 0x203ae45b020
[2025-05-23 15:04:09.776] [PSS] [info] [3128|24280]streaming_driver_interface_impl.cpp:87 SubmitViewFrames: submit view frames {view_texture_handles: 3221231170 view_texture_handles: 2147485058 pose { orientation { x: -0.00467443885 y: 0.708674371 z: 0.0701998696 w: 0.702019036 } position { x: 0.102290183 y: 2.05788708 z: 0.0334930755 } }}, this= 0x203ae45b020
[2025-05-23 15:04:09.790] [PSS] [info] [3128|24280]streaming_driver_interface_impl.cpp:87 SubmitViewFrames: submit view frames {view_texture_handles: 3221231170 view_texture_handles: 2147485058 pose { orientation { x: -0.0036521419 y: 0.709632 z: 0.0708572119 w: 0.700991 } position { x: 0.102259569 y: 2.05789256 z: 0.0339815058 } }}, this= 0x203ae45b020
[2025-05-23 15:04:09.804] [PSS] [info] [3128|24280]streaming_driver_interface_impl.cpp:87 SubmitViewFrames: submit view frames {view_texture_handles: 3221231170 view_texture_handles: 2147485058 pose { orientation { x: -0.00296204188 y: 0.710679471 z: 0.0721825659 w: 0.699796915 } position { x: 0.102229461 y: 2.05778527 z: 0.0344164595 } }}, this= 0x203ae45b020
[2025-05-23 15:04:09.818] [PSS] [info] [3128|24280]streaming_driver_interface_impl.cpp:87 SubmitViewFrames: submit view frames {view_texture_handles: 3221231170 view_texture_handles: 2147485058 pose { orientation { x: -0.00273467111 y: 0.711843729 z: 0.0739834234 w: 0.698425 } position { x: 0.102136374 y: 2.0575738 z: 0.0348411053 } }}, this= 0x203ae45b020
[2025-05-23 15:04:09.833] [PSS] [info] [3128|24280]streaming_driver_interface_impl.cpp:87 SubmitViewFrames: submit view frames {view_texture_handles: 3221231170 view_texture_handles: 2147485058 pose { orientation { x: -0.00298657 y: 0.712804139 z: 0.0760786161 w: 0.697218299 } position { x: 0.102060594 y: 2.05732679 z: 0.0351542942 } }}, this= 0x203ae45b020
[2025-05-23 15:04:09.845] [PSS] [info] [3128|24280]streaming_driver_interface_impl.cpp:87 SubmitViewFrames: submit view frames {view_texture_handles: 3221231170 view_texture_handles: 2147485058 pose { orientation { x: -0.00358428573 y: 0.713597 z: 0.0785849616 w: 0.696125627 } position { x: 0.101939991 y: 2.05703831 z: 0.0353878774 } }}, this= 0x203ae45b020
[2025-05-23 15:04:09.860] [PSS] [info] [3128|24280]streaming_driver_interface_impl.cpp:87 SubmitViewFrames: submit view frames {view_texture_handles: 3221231170 view_texture_handles: 2147485058 pose { orientation { x: -0.00430610776 y: 0.713990569 z: 0.0813921168 w: 0.695395052 } position { x: 0.101864286 y: 2.05665064 z: 0.0354737118 } }}, this= 0x203ae45b020
[2025-05-23 15:04:09.874] [PSS] [info] [3128|24280]streaming_driver_interface_impl.cpp:87 SubmitViewFrames: submit view frames {view_texture_handles: 3221231170 view_texture_handles: 2147485058 pose { orientation { x: -0.00506753894 y: 0.714178562 z: 0.0847234651 w: 0.694798708 } position { x: 0.101804093 y: 2.05614519 z: 0.0354216471 } }}, this= 0x203ae45b020
[2025-05-23 15:04:09.889] [PSS] [info] [3128|24280]streaming_driver_interface_impl.cpp:87 SubmitViewFrames: submit view frames {view_texture_handles: 3221231170 view_texture_handles: 2147485058 pose { orientation { x: -0.00610076217 y: 0.714072 z: 0.0881548151 w: 0.694472969 } position { x: 0.101774201 y: 2.05560923 z: 0.0353448801 } }}, this= 0x203ae45b020
[2025-05-23 15:04:09.911] [PSS] [info] [3128|24280]streaming_driver_interface_impl.cpp:87 SubmitViewFrames: submit view frames {view_texture_handles: 3221231170 view_texture_handles: 2147485058 pose { orientation { x: -0.0090141939 y: 0.713307917 z: 0.0938685611 w: 0.694477677 } position { x: 0.101700179 y: 2.05470085 z: 0.0351097547 } }}, this= 0x203ae45b020
[2025-05-23 15:04:09.917] [PSS] [info] [3128|24280]streaming_driver_interface_impl.cpp:87 SubmitViewFrames: submit view frames {view_texture_handles: 3221231170 view_texture_handles: 2147485058 pose { orientation { x: -0.0090141939 y: 0.713307917 z: 0.0938685611 w: 0.694477677 } position { x: 0.101700179 y: 2.05470085 z: 0.0351097547 } }}, this= 0x203ae45b020
[2025-05-23 15:04:09.929] [PSS] [info] [3128|24280]streaming_driver_interface_impl.cpp:87 SubmitViewFrames: submit view frames {view_texture_handles: 3221231170 view_texture_handles: 2147485058 pose { orientation { x: -0.0104189906 y: 0.712785184 z: 0.0955943838 w: 0.69475925 } position { x: 0.101670995 y: 2.05438566 z: 0.0349871889 } }}, this= 0x203ae45b020
[2025-05-23 15:04:09.944] [PSS] [info] [3128|24280]streaming_driver_interface_impl.cpp:87 SubmitViewFrames: submit view frames {view_texture_handles: 3221231170 view_texture_handles: 2147485058 pose { orientation { x: -0.0116814403 y: 0.71219945 z: 0.0966934338 w: 0.695187747 } position { x: 0.101762153 y: 2.05409575 z: 0.0349014103 } }}, this= 0x203ae45b020
[2025-05-23 15:04:09.958] [PSS] [info] [3128|24280]streaming_driver_interface_impl.cpp:87 SubmitViewFrames: submit view frames {view_texture_handles: 3221231170 view_texture_handles: 2147485058 pose { orientation { x: -0.0127201807 y: 0.711675346 z: 0.0970780328 w: 0.695652425 } position { x: 0.101907924 y: 2.05380392 z: 0.0347775221 } }}, this= 0x203ae45b020
[2025-05-23 15:04:09.972] [PSS] [info] [3128|24280]streaming_driver_interface_impl.cpp:87 SubmitViewFrames: submit view frames {view_texture_handles: 3221231170 view_texture_handles: 2147485058 pose { orientation { x: -0.0135865603 y: 0.711267769 z: 0.096828483 w: 0.696087539 } position { x: 0.102117501 y: 2.05354548 z: 0.0346563198 } }}, this= 0x203ae45b020
[2025-05-23 15:04:09.985] [PSS] [info] [3128|24280]streaming_driver_interface_impl.cpp:87 SubmitViewFrames: submit view frames {view_texture_handles: 3221231170 view_texture_handles: 2147485058 pose { orientation { x: -0.0142542673 y: 0.71097666 z: 0.0958117545 w: 0.696512103 } position { x: 0.102317736 y: 2.05337858 z: 0.0345769078 } }}, this= 0x203ae45b020
[2025-05-23 15:04:09.999] [PSS] [info] [3128|24280]streaming_driver_interface_impl.cpp:87 SubmitViewFrames: submit view frames {view_texture_handles: 3221231170 view_texture_handles: 2147485058 pose { orientation { x: -0.0148152197 y: 0.710830092 z: 0.0939399898 w: 0.696904838 } position { x: 0.102524661 y: 2.05335951 z: 0.0344706364 } }}, this= 0x203ae45b020
[2025-05-23 15:04:10.013] [PSS] [info] [3128|24280]streaming_driver_interface_impl.cpp:87 SubmitViewFrames: submit view frames {view_texture_handles: 3221231170 view_texture_handles: 2147485058 pose { orientation { x: -0.0151592465 y: 0.710771322 z: 0.0913784429 w: 0.697297871 } position { x: 0.102731124 y: 2.05334544 z: 0.0343703292 } }}, this= 0x203ae45b020
[2025-05-23 15:04:10.026] [PSS] [info] [3128|24280]streaming_driver_interface_impl.cpp:87 SubmitViewFrames: submit view frames {view_texture_handles: 3221231170 view_texture_handles: 2147485058 pose { orientation { x: -0.0154089257 y: 0.710674226 z: 0.0883131698 w: 0.697786152 } position { x: 0.102912642 y: 2.05335 z: 0.0342400782 } }}, this= 0x203ae45b020
[2025-05-23 15:04:10.040] [PSS] [info] [3128|24280]streaming_driver_interface_impl.cpp:87 SubmitViewFrames: submit view frames {view_texture_handles: 3221231170 view_texture_handles: 2147485058 pose { orientation { x: -0.0155672636 y: 0.710578501 z: 0.0847887918 w: 0.698317051 } position { x: 0.103048697 y: 2.05331707 z: 0.0341101959 } }}, this= 0x203ae45b020
[2025-05-23 15:04:10.062] [PSS] [info] [3128|24280]streaming_driver_interface_impl.cpp:87 SubmitViewFrames: submit view frames {view_texture_handles: 3221231170 view_texture_handles: 2147485058 pose { orientation { x: -0.0161316022 y: 0.710261464 z: 0.0779138356 w: 0.699426889 } position { x: 0.103241675 y: 2.05334187 z: 0.0337633938 } }}, this= 0x203ae45b020
[2025-05-23 15:04:10.070] [PSS] [info] [3128|24280]streaming_driver_interface_impl.cpp:87 SubmitViewFrames: submit view frames {view_texture_handles: 3221231170 view_texture_handles: 2147485058 pose { orientation { x: -0.0161316022 y: 0.710261464 z: 0.0779138356 w: 0.699426889 } position { x: 0.103241675 y: 2.05334187 z: 0.0337633938 } }}, this= 0x203ae45b020
[2025-05-23 15:04:10.084] [PSS] [info] [3128|24280]streaming_driver_interface_impl.cpp:87 SubmitViewFrames: submit view frames {view_texture_handles: 3221231170 view_texture_handles: 2147485058 pose { orientation { x: -0.0164920632 y: 0.710010886 z: 0.0745252594 w: 0.700041831 } position { x: 0.103234917 y: 2.05334687 z: 0.0336389467 } }}, this= 0x203ae45b020
[2025-05-23 15:04:10.098] [PSS] [info] [3128|24280]streaming_driver_interface_impl.cpp:87 SubmitViewFrames: submit view frames {view_texture_handles: 3221231170 view_texture_handles: 2147485058 pose { orientation { x: -0.0169891156 y: 0.709570646 z: 0.0710968226 w: 0.700832546 } position { x: 0.103133939 y: 2.05336189 z: 0.0335995 } }}, this= 0x203ae45b020
[2025-05-23 15:04:10.112] [PSS] [info] [3128|24280]streaming_driver_interface_impl.cpp:87 SubmitViewFrames: submit view frames {view_texture_handles: 3221231170 view_texture_handles: 2147485058 pose { orientation { x: -0.0175381061 y: 0.709183395 z: 0.0680755451 w: 0.701510549 } position { x: 0.10299623 y: 2.05334377 z: 0.0336681269 } }}, this= 0x203ae45b020
[2025-05-23 15:04:10.127] [PSS] [info] [3128|24280]streaming_driver_interface_impl.cpp:87 SubmitViewFrames: submit view frames {view_texture_handles: 3221231170 view_texture_handles: 2147485058 pose { orientation { x: -0.0181658622 y: 0.708868146 z: 0.0653126165 w: 0.70207572 } position { x: 0.10279198 y: 2.05344296 z: 0.0337705165 } }}, this= 0x203ae45b020
[2025-05-23 15:04:10.138] [PSS] [info] [3128|24280]streaming_driver_interface_impl.cpp:87 SubmitViewFrames: submit view frames {view_texture_handles: 3221231170 view_texture_handles: 2147485058 pose { orientation { x: -0.0187017769 y: 0.708693504 z: 0.0631150082 w: 0.702438891 } position { x: 0.102592632 y: 2.05362225 z: 0.033909183 } }}, this= 0x203ae45b020
[2025-05-23 15:04:10.154] [PSS] [info] [3128|24280]streaming_driver_interface_impl.cpp:87 SubmitViewFrames: submit view frames {view_texture_handles: 3221231170 view_texture_handles: 2147485058 pose { orientation { x: -0.0189012382 y: 0.708746135 z: 0.0615320839 w: 0.702520788 } position { x: 0.10237059 y: 2.0538156 z: 0.0340877213 } }}, this= 0x203ae45b020
[2025-05-23 15:04:10.168] [PSS] [info] [3128|24280]streaming_driver_interface_impl.cpp:87 SubmitViewFrames: submit view frames {view_texture_handles: 3221231170 view_texture_handles: 2147485058 pose { orientation { x: -0.0187488031 y: 0.708892047 z: 0.0609626621 w: 0.702427387 } position { x: 0.102190457 y: 2.0539391 z: 0.0342833586 } }}, this= 0x203ae45b020
[2025-05-23 15:04:10.182] [PSS] [info] [3128|24280]streaming_driver_interface_impl.cpp:87 SubmitViewFrames: submit view frames {view_texture_handles: 3221231170 view_texture_handles: 2147485058 pose { orientation { x: -0.0183166284 y: 0.709086895 z: 0.0610951558 w: 0.702230513 } position { x: 0.102028996 y: 2.05404806 z: 0.0346218385 } }}, this= 0x203ae45b020
[2025-05-23 15:04:10.194] [PSS] [info] [3128|24280]streaming_driver_interface_impl.cpp:87 SubmitViewFrames: submit view frames {view_texture_handles: 3221231170 view_texture_handles: 2147485058 pose { orientation { x: -0.0176081266 y: 0.709341049 z: 0.0618847981 w: 0.701922715 } position { x: 0.101904407 y: 2.05416679 z: 0.0349865817 } }}, this= 0x203ae45b020
[2025-05-23 15:04:10.213] [PSS] [info] [3128|24280]streaming_driver_interface_impl.cpp:87 SubmitViewFrames: submit view frames {view_texture_handles: 3221231170 view_texture_handles: 2147485058 pose { orientation { x: -0.015157952 y: 0.709816635 z: 0.0661938936 w: 0.701105475 } position { x: 0.101633765 y: 2.0542531 z: 0.0357399471 } }}, this= 0x203ae45b020
[2025-05-23 15:04:10.225] [PSS] [info] [3128|24280]streaming_driver_interface_impl.cpp:87 SubmitViewFrames: submit view frames {view_texture_handles: 3221231170 view_texture_handles: 2147485058 pose { orientation { x: -0.015157952 y: 0.709816635 z: 0.0661938936 w: 0.701105475 } position { x: 0.101633765 y: 2.0542531 z: 0.0357399471 } }}, this= 0x203ae45b020
[2025-05-23 15:04:10.237] [PSS] [info] [3128|24280]streaming_driver_interface_impl.cpp:87 SubmitViewFrames: submit view frames {view_texture_handles: 3221231170 view_texture_handles: 2147485058 pose { orientation { x: -0.0139043182 y: 0.710056603 z: 0.0694536 w: 0.700572968 } position { x: 0.101452895 y: 2.05400276 z: 0.0360184051 } }}, this= 0x203ae45b020
[2025-05-23 15:04:10.252] [PSS] [info] [3128|24280]streaming_driver_interface_impl.cpp:87 SubmitViewFrames: submit view frames {view_texture_handles: 3221231170 view_texture_handles: 2147485058 pose { orientation { x: -0.0129456213 y: 0.710371554 z: 0.0731808394 w: 0.699892282 } position { x: 0.101276055 y: 2.05370355 z: 0.0362242348 } }}, this= 0x203ae45b020
[2025-05-23 15:04:10.264] [PSS] [info] [3128|24280]streaming_driver_interface_impl.cpp:87 SubmitViewFrames: submit view frames {view_texture_handles: 3221231170 view_texture_handles: 2147485058 pose { orientation { x: -0.0124260364 y: 0.710691631 z: 0.0770170242 w: 0.699164808 } position { x: 0.101162218 y: 2.05338502 z: 0.0363225862 } }}, this= 0x203ae45b020
[2025-05-23 15:04:10.281] [PSS] [info] [3128|24280]streaming_driver_interface_impl.cpp:87 SubmitViewFrames: submit view frames {view_texture_handles: 3221231170 view_texture_handles: 2147485058 pose { orientation { x: -0.0123018539 y: 0.710973382 z: 0.0810827464 w: 0.698420465 } position { x: 0.100941867 y: 2.05308104 z: 0.0363299027 } }}, this= 0x203ae45b020
[2025-05-23 15:04:10.292] [PSS] [info] [3128|24280]streaming_driver_interface_impl.cpp:87 SubmitViewFrames: submit view frames {view_texture_handles: 3221231170 view_texture_handles: 2147485058 pose { orientation { x: -0.0126675619 y: 0.711216331 z: 0.0845186859 w: 0.697759 } position { x: 0.100777484 y: 2.05284762 z: 0.0362713747 } }}, this= 0x203ae45b020
[2025-05-23 15:04:10.307] [PSS] [info] [3128|24280]streaming_driver_interface_impl.cpp:87 SubmitViewFrames: submit view frames {view_texture_handles: 3221231170 view_texture_handles: 2147485058 pose { orientation { x: -0.0134458225 y: 0.711429 z: 0.0875261128 w: 0.697156489 } position { x: 0.100658402 y: 2.05259466 z: 0.0361414365 } }}, this= 0x203ae45b020
[2025-05-23 15:04:10.320] [PSS] [info] [3128|24280]streaming_driver_interface_impl.cpp:87 SubmitViewFrames: submit view frames {view_texture_handles: 3221231170 view_texture_handles: 2147485058 pose { orientation { x: -0.0144569734 y: 0.711545229 z: 0.0899985 w: 0.696702719 } position { x: 0.100543514 y: 2.05243731 z: 0.0360249244 } }}, this= 0x203ae45b020
[2025-05-23 15:04:10.336] [PSS] [info] [3128|24280]streaming_driver_interface_impl.cpp:87 SubmitViewFrames: submit view frames {view_texture_handles: 3221231170 view_texture_handles: 2147485058 pose { orientation { x: -0.0153885838 y: 0.711543 z: 0.0920104533 w: 0.69642216 } position { x: 0.100554697 y: 2.05231142 z: 0.0358922109 } }}, this= 0x203ae45b020
[2025-05-23 15:04:10.350] [PSS] [info] [3128|24280]streaming_driver_interface_impl.cpp:87 SubmitViewFrames: submit view frames {view_texture_handles: 3221231170 view_texture_handles: 2147485058 pose { orientation { x: -0.01616445 y: 0.711399 z: 0.0935802 w: 0.696342528 } position { x: 0.100559473 y: 2.05222297 z: 0.035768915 } }}, this= 0x203ae45b020
[2025-05-23 15:04:10.366] [PSS] [info] [3128|24280]streaming_driver_interface_impl.cpp:87 SubmitViewFrames: submit view frames {view_texture_handles: 3221231170 view_texture_handles: 2147485058 pose { orientation { x: -0.0170225538 y: 0.711021 z: 0.0946886167 w: 0.696558356 } position { x: 0.100713357 y: 2.05209231 z: 0.0354873501 } }}, this= 0x203ae45b020
[2025-05-23 15:04:10.377] [PSS] [info] [3128|24280]streaming_driver_interface_impl.cpp:87 SubmitViewFrames: submit view frames {view_texture_handles: 3221231170 view_texture_handles: 2147485058 pose { orientation { x: -0.0170225538 y: 0.711021 z: 0.0946886167 w: 0.696558356 } position { x: 0.100713357 y: 2.05209231 z: 0.0354873501 } }}, this= 0x203ae45b020
[2025-05-23 15:04:10.393] [PSS] [info] [3128|24280]streaming_driver_interface_impl.cpp:87 SubmitViewFrames: submit view frames {view_texture_handles: 3221231170 view_texture_handles: 2147485058 pose { orientation { x: -0.0176180694 y: 0.710472047 z: 0.0926378 w: 0.697378874 } position { x: 0.100884281 y: 2.05215 z: 0.0352428779 } }}, this= 0x203ae45b020
[2025-05-23 15:04:10.407] [PSS] [info] [3128|24280]streaming_driver_interface_impl.cpp:87 SubmitViewFrames: submit view frames {view_texture_handles: 3221231170 view_texture_handles: 2147485058 pose { orientation { x: -0.017851552 y: 0.71008563 z: 0.0906392783 w: 0.698028862 } position { x: 0.100932181 y: 2.05230689 z: 0.0350904 } }}, this= 0x203ae45b020
[2025-05-23 15:04:10.421] [PSS] [info] [3128|24280]streaming_driver_interface_impl.cpp:87 SubmitViewFrames: submit view frames {view_texture_handles: 3221231170 view_texture_handles: 2147485058 pose { orientation { x: -0.0180043951 y: 0.709751606 z: 0.0882583186 w: 0.698669493 } position { x: 0.100988433 y: 2.0524776 z: 0.0348983333 } }}, this= 0x203ae45b020
[2025-05-23 15:04:10.435] [PSS] [info] [3128|24280]streaming_driver_interface_impl.cpp:87 SubmitViewFrames: submit view frames {view_texture_handles: 3221231170 view_texture_handles: 2147485058 pose { orientation { x: -0.0181315076 y: 0.709349453 z: 0.0856283456 w: 0.699401438 } position { x: 0.101058647 y: 2.05260682 z: 0.0346908532 } }}, this= 0x203ae45b020
[2025-05-23 15:04:10.448] [PSS] [info] [3128|24280]streaming_driver_interface_impl.cpp:87 SubmitViewFrames: submit view frames {view_texture_handles: 3221231170 view_texture_handles: 2147485058 pose { orientation { x: -0.0184010249 y: 0.708965898 z: 0.0827504918 w: 0.70012933 } position { x: 0.101076052 y: 2.05279922 z: 0.0345414 } }}, this= 0x203ae45b020
[2025-05-23 15:04:10.462] [PSS] [info] [3128|24280]streaming_driver_interface_impl.cpp:87 SubmitViewFrames: submit view frames {view_texture_handles: 3221231170 view_texture_handles: 2147485058 pose { orientation { x: -0.0185603891 y: 0.708588123 z: 0.0802976862 w: 0.700792909 } position { x: 0.101110533 y: 2.05303335 z: 0.034489911 } }}, this= 0x203ae45b020
[2025-05-23 15:04:10.476] [PSS] [info] [3128|24280]streaming_driver_interface_impl.cpp:87 SubmitViewFrames: submit view frames {view_texture_handles: 3221231170 view_texture_handles: 2147485058 pose { orientation { x: -0.0184529237 y: 0.70825845 z: 0.0778896511 w: 0.701400518 } position { x: 0.101131342 y: 2.05320883 z: 0.0344220288 } }}, this= 0x203ae45b020
[2025-05-23 15:04:10.490] [PSS] [info] [3128|24280]streaming_driver_interface_impl.cpp:87 SubmitViewFrames: submit view frames {view_texture_handles: 3221231170 view_texture_handles: 2147485058 pose { orientation { x: -0.0183563028 y: 0.708073139 z: 0.0759642348 w: 0.701801181 } position { x: 0.101160958 y: 2.05336976 z: 0.0343859866 } }}, this= 0x203ae45b020
[2025-05-23 15:04:10.516] [PSS] [info] [3128|24280]streaming_driver_interface_impl.cpp:87 SubmitViewFrames: submit view frames {view_texture_handles: 3221231170 view_texture_handles: 2147485058 pose { orientation { x: -0.0180294123 y: 0.708051562 z: 0.073160477 w: 0.702129245 } position { x: 0.101146296 y: 2.0535624 z: 0.0343034342 } }}, this= 0x203ae45b020
[2025-05-23 15:04:10.520] [PSS] [info] [3128|24280]streaming_driver_interface_impl.cpp:87 SubmitViewFrames: submit view frames {view_texture_handles: 3221231170 view_texture_handles: 2147485058 pose { orientation { x: -0.0180294123 y: 0.708051562 z: 0.073160477 w: 0.702129245 } position { x: 0.101146296 y: 2.0535624 z: 0.0343034342 } }}, this= 0x203ae45b020
[2025-05-23 15:04:10.531] [PSS] [info] [3128|24280]streaming_driver_interface_impl.cpp:87 SubmitViewFrames: submit view frames {view_texture_handles: 3221231170 view_texture_handles: 2147485058 pose { orientation { x: -0.0179166216 y: 0.708190203 z: 0.0723825544 w: 0.702073 } position { x: 0.101090237 y: 2.05357504 z: 0.0343259498 } }}, this= 0x203ae45b020
[2025-05-23 15:04:10.546] [PSS] [info] [3128|24280]streaming_driver_interface_impl.cpp:87 SubmitViewFrames: submit view frames {view_texture_handles: 3221231170 view_texture_handles: 2147485058 pose { orientation { x: -0.017700905 y: 0.708425164 z: 0.0720318779 w: 0.701877475 } position { x: 0.101034418 y: 2.0535779 z: 0.0342829861 } }}, this= 0x203ae45b020
[2025-05-23 15:04:10.561] [PSS] [info] [3128|24280]streaming_driver_interface_impl.cpp:87 SubmitViewFrames: submit view frames {view_texture_handles: 3221231170 view_texture_handles: 2147485058 pose { orientation { x: -0.0176656507 y: 0.708575189 z: 0.0720841 w: 0.701721489 } position { x: 0.100990012 y: 2.0534482 z: 0.0342931449 } }}, this= 0x203ae45b020
[2025-05-23 15:04:10.573] [PSS] [info] [3128|24280]streaming_driver_interface_impl.cpp:87 SubmitViewFrames: submit view frames {view_texture_handles: 3221231170 view_texture_handles: 2147485058 pose { orientation { x: -0.0177872591 y: 0.708802581 z: 0.0724963546 w: 0.701446295 } position { x: 0.100963011 y: 2.05335903 z: 0.034316171 } }}, this= 0x203ae45b020
[2025-05-23 15:04:10.587] [PSS] [info] [3128|24280]streaming_driver_interface_impl.cpp:87 SubmitViewFrames: submit view frames {view_texture_handles: 3221231170 view_texture_handles: 2147485058 pose { orientation { x: -0.0179764256 y: 0.70884788 z: 0.0733012557 w: 0.701311946 } position { x: 0.100929819 y: 2.05330324 z: 0.0343880318 } }}, this= 0x203ae45b020
[2025-05-23 15:04:10.601] [PSS] [info] [3128|24280]streaming_driver_interface_impl.cpp:87 SubmitViewFrames: submit view frames {view_texture_handles: 3221231170 view_texture_handles: 2147485058 pose { orientation { x: -0.0180028975 y: 0.708789 z: 0.0744981095 w: 0.701244712 } position { x: 0.100912698 y: 2.05332541 z: 0.0345099792 } }}, this= 0x203ae45b020
[2025-05-23 15:04:10.616] [PSS] [info] [3128|24280]streaming_driver_interface_impl.cpp:87 SubmitViewFrames: submit view frames {view_texture_handles: 3221231170 view_texture_handles: 2147485058 pose { orientation { x: -0.01786636 y: 0.708644807 z: 0.0757061243 w: 0.70126462 } position { x: 0.100860178 y: 2.05333781 z: 0.0346499421 } }}, this= 0x203ae45b020
[2025-05-23 15:04:10.628] [PSS] [info] [3128|24280]streaming_driver_interface_impl.cpp:87 SubmitViewFrames: submit view frames {view_texture_handles: 3221231170 view_texture_handles: 2147485058 pose { orientation { x: -0.0175863132 y: 0.708466351 z: 0.0769989341 w: 0.701311111 } position { x: 0.100803643 y: 2.05329728 z: 0.0348150618 } }}, this= 0x203ae45b020
[2025-05-23 15:04:10.642] [PSS] [info] [3128|24280]streaming_driver_interface_impl.cpp:87 SubmitViewFrames: submit view frames {view_texture_handles: 3221231170 view_texture_handles: 2147485058 pose { orientation { x: -0.017397413 y: 0.708323 z: 0.0783203617 w: 0.70131433 } position { x: 0.100768462 y: 2.05326486 z: 0.0349877626 } }}, this= 0x203ae45b020
[2025-05-23 15:04:10.666] [PSS] [info] [3128|24280]streaming_driver_interface_impl.cpp:87 SubmitViewFrames: submit view frames {view_texture_handles: 3221231170 view_texture_handles: 2147485058 pose { orientation { x: -0.0173707493 y: 0.708307385 z: 0.0794652924 w: 0.701202035 } position { x: 0.100747041 y: 2.0532279 z: 0.0351868831 } }}, this= 0x203ae45b020
[2025-05-23 15:04:10.670] [PSS] [info] [3128|24280]streaming_driver_interface_impl.cpp:87 SubmitViewFrames: submit view frames {view_texture_handles: 3221231170 view_texture_handles: 2147485058 pose { orientation { x: -0.0172096584 y: 0.70842272 z: 0.0804963335 w: 0.700971782 } position { x: 0.100748032 y: 2.05323052 z: 0.0353795663 } }}, this= 0x203ae45b020
[2025-05-23 15:04:10.685] [PSS] [info] [3128|24280]streaming_driver_interface_impl.cpp:87 SubmitViewFrames: submit view frames {view_texture_handles: 3221231170 view_texture_handles: 2147485058 pose { orientation { x: -0.0170387775 y: 0.70856148 z: 0.0814899728 w: 0.700720787 } position { x: 0.100841679 y: 2.05318642 z: 0.0355727933 } }}, this= 0x203ae45b020
[2025-05-23 15:04:10.699] [PSS] [info] [3128|24280]streaming_driver_interface_impl.cpp:87 SubmitViewFrames: submit view frames {view_texture_handles: 3221231170 view_texture_handles: 2147485058 pose { orientation { x: -0.0168032181 y: 0.70872128 z: 0.0822584331 w: 0.700475097 } position { x: 0.100941814 y: 2.05315161 z: 0.0357240774 } }}, this= 0x203ae45b020
[2025-05-23 15:04:10.714] [PSS] [info] [3128|24280]streaming_driver_interface_impl.cpp:87 SubmitViewFrames: submit view frames {view_texture_handles: 3221231170 view_texture_handles: 2147485058 pose { orientation { x: -0.0167071298 y: 0.708792627 z: 0.0828366056 w: 0.700337052 } position { x: 0.101051711 y: 2.05317831 z: 0.0358725041 } }}, this= 0x203ae45b020
[2025-05-23 15:04:10.728] [PSS] [info] [3128|24280]streaming_driver_interface_impl.cpp:87 SubmitViewFrames: submit view frames {view_texture_handles: 3221231170 view_texture_handles: 2147485058 pose { orientation { x: -0.0166274533 y: 0.708737612 z: 0.0830612779 w: 0.700368 } position { x: 0.1011457 y: 2.05311012 z: 0.0359849371 } }}, this= 0x203ae45b020
[2025-05-23 15:04:10.740] [PSS] [info] [3128|24280]streaming_driver_interface_impl.cpp:87 SubmitViewFrames: submit view frames {view_texture_handles: 3221231170 view_texture_handles: 2147485058 pose { orientation { x: -0.0168776028 y: 0.708666563 z: 0.0828644857 w: 0.700457215 } position { x: 0.101252794 y: 2.05313969 z: 0.0360305868 } }}, this= 0x203ae45b020
[2025-05-23 15:04:10.757] [PSS] [info] [3128|24280]streaming_driver_interface_impl.cpp:87 SubmitViewFrames: submit view frames {view_texture_handles: 3221231170 view_texture_handles: 2147485058 pose { orientation { x: -0.0171854272 y: 0.708442926 z: 0.0825565234 w: 0.700712264 } position { x: 0.101310365 y: 2.05335283 z: 0.036062777 } }}, this= 0x203ae45b020
[2025-05-23 15:04:10.767] [PSS] [info] [3128|24280]streaming_driver_interface_impl.cpp:87 SubmitViewFrames: submit view frames {view_texture_handles: 3221231170 view_texture_handles: 2147485058 pose { orientation { x: -0.0170580428 y: 0.708072543 z: 0.0821821764 w: 0.701133728 } position { x: 0.101411909 y: 2.05353618 z: 0.0360207 } }}, this= 0x203ae45b020
[2025-05-23 15:04:10.785] [PSS] [info] [3128|24280]streaming_driver_interface_impl.cpp:87 SubmitViewFrames: submit view frames {view_texture_handles: 3221231170 view_texture_handles: 2147485058 pose { orientation { x: -0.016717108 y: 0.70765537 z: 0.0818232 w: 0.701604843 } position { x: 0.101521991 y: 2.05361 z: 0.0360422395 } }}, this= 0x203ae45b020
[2025-05-23 15:04:10.799] [PSS] [info] [3128|24280]streaming_driver_interface_impl.cpp:87 SubmitViewFrames: submit view frames {view_texture_handles: 3221231170 view_texture_handles: 2147485058 pose { orientation { x: -0.0165877957 y: 0.707191169 z: 0.0810283273 w: 0.702168047 } position { x: 0.10156668 y: 2.05370855 z: 0.0361090228 } }}, this= 0x203ae45b020
[2025-05-23 15:04:10.824] [PSS] [info] [3128|24280]streaming_driver_interface_impl.cpp:87 SubmitViewFrames: submit view frames {view_texture_handles: 3221231170 view_texture_handles: 2147485058 pose { orientation { x: -0.0164062306 y: 0.706633151 z: 0.0785036534 w: 0.703020394 } position { x: 0.101451471 y: 2.05403376 z: 0.036430452 } }}, this= 0x203ae45b020
[2025-05-23 15:04:10.827] [PSS] [info] [3128|24280]streaming_driver_interface_impl.cpp:87 SubmitViewFrames: submit view frames {view_texture_handles: 3221231170 view_texture_handles: 2147485058 pose { orientation { x: -0.0164062306 y: 0.706633151 z: 0.0785036534 w: 0.703020394 } position { x: 0.101451471 y: 2.05403376 z: 0.036430452 } }}, this= 0x203ae45b020
[2025-05-23 15:04:10.844] [PSS] [info] [3128|24280]streaming_driver_interface_impl.cpp:87 SubmitViewFrames: submit view frames {view_texture_handles: 3221231170 view_texture_handles: 2147485058 pose { orientation { x: -0.0161953624 y: 0.706810951 z: 0.0775199458 w: 0.702955663 } position { x: 0.101465479 y: 2.05398369 z: 0.0365417413 } }}, this= 0x203ae45b020
[2025-05-23 15:04:10.856] [PSS] [info] [3128|24280]streaming_driver_interface_impl.cpp:87 SubmitViewFrames: submit view frames {view_texture_handles: 3221231170 view_texture_handles: 2147485058 pose { orientation { x: -0.016040042 y: 0.707257509 z: 0.0770407468 w: 0.70256263 } position { x: 0.101474 y: 2.05392575 z: 0.0365740433 } }}, this= 0x203ae45b020
[2025-05-23 15:04:10.871] [PSS] [info] [3128|24280]streaming_driver_interface_impl.cpp:87 SubmitViewFrames: submit view frames {view_texture_handles: 3221231170 view_texture_handles: 2147485058 pose { orientation { x: -0.0160105489 y: 0.707647681 z: 0.0767402053 w: 0.702203274 } position { x: 0.101432189 y: 2.05383849 z: 0.036529392 } }}, this= 0x203ae45b020
[2025-05-23 15:04:10.885] [PSS] [info] [3128|24280]streaming_driver_interface_impl.cpp:87 SubmitViewFrames: submit view frames {view_texture_handles: 3221231170 view_texture_handles: 2147485058 pose { orientation { x: -0.0161866527 y: 0.708176315 z: 0.076525405 w: 0.701689541 } position { x: 0.101337053 y: 2.05377388 z: 0.0364133604 } }}, this= 0x203ae45b020
[2025-05-23 15:04:10.899] [PSS] [info] [3128|24280]streaming_driver_interface_impl.cpp:87 SubmitViewFrames: submit view frames {view_texture_handles: 3221231170 view_texture_handles: 2147485058 pose { orientation { x: -0.0165108982 y: 0.708561718 z: 0.0762890503 w: 0.701318562 } position { x: 0.101285711 y: 2.05374956 z: 0.0362956 } }}, this= 0x203ae45b020
[2025-05-23 15:04:10.914] [PSS] [info] [3128|24280]streaming_driver_interface_impl.cpp:87 SubmitViewFrames: submit view frames {view_texture_handles: 3221231170 view_texture_handles: 2147485058 pose { orientation { x: -0.0168104731 y: 0.708874524 z: 0.0761852488 w: 0.701006532 } position { x: 0.101209119 y: 2.05366683 z: 0.0362376571 } }}, this= 0x203ae45b020
[2025-05-23 15:04:10.928] [PSS] [info] [3128|24280]streaming_driver_interface_impl.cpp:87 SubmitViewFrames: submit view frames {view_texture_handles: 3221231170 view_texture_handles: 2147485058 pose { orientation { x: -0.0171474684 y: 0.709039867 z: 0.0760873258 w: 0.700841784 } position { x: 0.101164468 y: 2.05357862 z: 0.0361591466 } }}, this= 0x203ae45b020
[2025-05-23 15:04:10.939] [PSS] [info] [3128|24280]streaming_driver_interface_impl.cpp:87 SubmitViewFrames: submit view frames {view_texture_handles: 3221231170 view_texture_handles: 2147485058 pose { orientation { x: -0.0175506957 y: 0.709266841 z: 0.0760314 w: 0.700608134 } position { x: 0.101057842 y: 2.05348 z: 0.0361468047 } }}, this= 0x203ae45b020
[2025-05-23 15:04:10.954] [PSS] [info] [3128|24280]streaming_driver_interface_impl.cpp:87 SubmitViewFrames: submit view frames {view_texture_handles: 3221231170 view_texture_handles: 2147485058 pose { orientation { x: -0.0178607609 y: 0.709539592 z: 0.0758387 w: 0.700345 } position { x: 0.10098251 y: 2.0533824 z: 0.0361940823 } }}, this= 0x203ae45b020
[2025-05-23 15:04:10.969] [PSS] [info] [3128|24280]streaming_driver_interface_impl.cpp:87 SubmitViewFrames: submit view frames {view_texture_handles: 3221231170 view_texture_handles: 2147485058 pose { orientation { x: -0.0181352217 y: 0.709772229 z: 0.0754725337 w: 0.700141728 } position { x: 0.100914076 y: 2.05336094 z: 0.0362432525 } }}, this= 0x203ae45b020
[2025-05-23 15:04:10.984] [PSS] [info] [3128|24280]streaming_driver_interface_impl.cpp:87 SubmitViewFrames: submit view frames {view_texture_handles: 3221231170 view_texture_handles: 2147485058 pose { orientation { x: -0.0183118787 y: 0.710063159 z: 0.0750705227 w: 0.699885249 } position { x: 0.100845717 y: 2.05329633 z: 0.0362823047 } }}, this= 0x203ae45b020
[2025-05-23 15:04:10.998] [PSS] [info] [3128|24280]streaming_driver_interface_impl.cpp:87 SubmitViewFrames: submit view frames {view_texture_handles: 3221231170 view_texture_handles: 2147485058 pose { orientation { x: -0.0183904544 y: 0.710339308 z: 0.0746544823 w: 0.699647486 } position { x: 0.100826576 y: 2.05327797 z: 0.0363637283 } }}, this= 0x203ae45b020
[2025-05-23 15:04:11.012] [PSS] [info] [3128|24280]streaming_driver_interface_impl.cpp:87 SubmitViewFrames: submit view frames {view_texture_handles: 3221231170 view_texture_handles: 2147485058 pose { orientation { x: -0.0183568615 y: 0.71044296 z: 0.074476853 w: 0.699562 } position { x: 0.100917324 y: 2.05326056 z: 0.0365062393 } }}, this= 0x203ae45b020
[2025-05-23 15:04:11.024] [PSS] [info] [3128|24280]streaming_driver_interface_impl.cpp:87 SubmitViewFrames: submit view frames {view_texture_handles: 3221231170 view_texture_handles: 2147485058 pose { orientation { x: -0.0182212777 y: 0.710534155 z: 0.0745934 w: 0.699460506 } position { x: 0.101063251 y: 2.05320549 z: 0.036625389 } }}, this= 0x203ae45b020
[2025-05-23 15:04:11.039] [PSS] [info] [3128|24280]streaming_driver_interface_impl.cpp:87 SubmitViewFrames: submit view frames {view_texture_handles: 3221231170 view_texture_handles: 2147485058 pose { orientation { x: -0.0179391298 y: 0.710549414 z: 0.074984841 w: 0.699410558 } position { x: 0.101210758 y: 2.05316257 z: 0.0366866924 } }}, this= 0x203ae45b020
[2025-05-23 15:04:11.054] [PSS] [info] [3128|24280]streaming_driver_interface_impl.cpp:87 SubmitViewFrames: submit view frames {view_texture_handles: 3221231170 view_texture_handles: 2147485058 pose { orientation { x: -0.0175570697 y: 0.710527837 z: 0.0755939707 w: 0.699376523 } position { x: 0.10129074 y: 2.05301785 z: 0.0367069505 } }}, this= 0x203ae45b020
[2025-05-23 15:04:11.066] [PSS] [info] [3128|24280]streaming_driver_interface_impl.cpp:87 SubmitViewFrames: submit view frames {view_texture_handles: 3221231170 view_texture_handles: 2147485058 pose { orientation { x: -0.0173939131 y: 0.710541129 z: 0.076331161 w: 0.699287 } position { x: 0.101382248 y: 2.0526998 z: 0.0366799459 } }}, this= 0x203ae45b020
[2025-05-23 15:04:11.082] [PSS] [info] [3128|24280]streaming_driver_interface_impl.cpp:87 SubmitViewFrames: submit view frames {view_texture_handles: 3221231170 view_texture_handles: 2147485058 pose { orientation { x: -0.017554678 y: 0.710571885 z: 0.0768381581 w: 0.699196279 } position { x: 0.10145729 y: 2.05243683 z: 0.0365823098 } }}, this= 0x203ae45b020
[2025-05-23 15:04:11.095] [PSS] [info] [3128|24280]streaming_driver_interface_impl.cpp:87 SubmitViewFrames: submit view frames {view_texture_handles: 3221231170 view_texture_handles: 2147485058 pose { orientation { x: -0.0179656278 y: 0.710631669 z: 0.0771740377 w: 0.699088 } position { x: 0.101500817 y: 2.05231071 z: 0.0364210792 } }}, this= 0x203ae45b020
[2025-05-23 15:04:11.121] [PSS] [info] [3128|24280]streaming_driver_interface_impl.cpp:87 SubmitViewFrames: submit view frames {view_texture_handles: 3221231170 view_texture_handles: 2147485058 pose { orientation { x: -0.0187269896 y: 0.710689783 z: 0.0775560066 w: 0.698966742 } position { x: 0.101675063 y: 2.05229068 z: 0.0361334309 } }}, this= 0x203ae45b020
[2025-05-23 15:04:11.125] [PSS] [info] [3128|24280]streaming_driver_interface_impl.cpp:87 SubmitViewFrames: submit view frames {view_texture_handles: 3221231170 view_texture_handles: 2147485058 pose { orientation { x: -0.0187269896 y: 0.710689783 z: 0.0775560066 w: 0.698966742 } position { x: 0.101675063 y: 2.05229068 z: 0.0361334309 } }}, this= 0x203ae45b020
[2025-05-23 15:04:11.139] [PSS] [info] [3128|24280]streaming_driver_interface_impl.cpp:87 SubmitViewFrames: submit view frames {view_texture_handles: 3221231170 view_texture_handles: 2147485058 pose { orientation { x: -0.0188761465 y: 0.710666776 z: 0.0775075927 w: 0.698991418 } position { x: 0.101839781 y: 2.05233645 z: 0.036073409 } }}, this= 0x203ae45b020
[2025-05-23 15:04:11.152] [PSS] [info] [3128|24280]streaming_driver_interface_impl.cpp:87 SubmitViewFrames: submit view frames {view_texture_handles: 3221231170 view_texture_handles: 2147485058 pose { orientation { x: -0.0187734775 y: 0.710574925 z: 0.077228 w: 0.699118495 } position { x: 0.10202349 y: 2.05231452 z: 0.0360015891 } }}, this= 0x203ae45b020
[2025-05-23 15:04:11.164] [PSS] [info] [3128|24280]streaming_driver_interface_impl.cpp:87 SubmitViewFrames: submit view frames {view_texture_handles: 3221231170 view_texture_handles: 2147485058 pose { orientation { x: -0.0186253469 y: 0.710432351 z: 0.0768628269 w: 0.69930768 } position { x: 0.102102771 y: 2.05228567 z: 0.0359865203 } }}, this= 0x203ae45b020
[2025-05-23 15:04:11.179] [PSS] [info] [3128|24280]streaming_driver_interface_impl.cpp:87 SubmitViewFrames: submit view frames {view_texture_handles: 3221231170 view_texture_handles: 2147485058 pose { orientation { x: -0.0184606649 y: 0.710363746 z: 0.0763132498 w: 0.699441791 } position { x: 0.102223858 y: 2.05228305 z: 0.0358748399 } }}, this= 0x203ae45b020
[2025-05-23 15:04:11.193] [PSS] [info] [3128|24280]streaming_driver_interface_impl.cpp:87 SubmitViewFrames: submit view frames {view_texture_handles: 3221231170 view_texture_handles: 2147485058 pose { orientation { x: -0.0182893798 y: 0.710219264 z: 0.0756645873 w: 0.69966346 } position { x: 0.102237023 y: 2.05230904 z: 0.0356919169 } }}, this= 0x203ae45b020
[2025-05-23 15:04:11.208] [PSS] [info] [3128|24280]streaming_driver_interface_impl.cpp:87 SubmitViewFrames: submit view frames {view_texture_handles: 3221231170 view_texture_handles: 2147485058 pose { orientation { x: -0.0181963928 y: 0.710159123 z: 0.0749745369 w: 0.699801207 } position { x: 0.102244906 y: 2.05229712 z: 0.0354718 } }}, this= 0x203ae45b020
[2025-05-23 15:04:11.222] [PSS] [info] [3128|24280]streaming_driver_interface_impl.cpp:87 SubmitViewFrames: submit view frames {view_texture_handles: 3221231170 view_texture_handles: 2147485058 pose { orientation { x: -0.0184134915 y: 0.710002899 z: 0.0741833821 w: 0.700038433 } position { x: 0.102221854 y: 2.05230474 z: 0.0352872051 } }}, this= 0x203ae45b020
[2025-05-23 15:04:11.234] [PSS] [info] [3128|24280]streaming_driver_interface_impl.cpp:87 SubmitViewFrames: submit view frames {view_texture_handles: 3221231170 view_texture_handles: 2147485058 pose { orientation { x: -0.018775031 y: 0.70994693 z: 0.0732966661 w: 0.700178862 } position { x: 0.102200322 y: 2.05234313 z: 0.0351053961 } }}, this= 0x203ae45b020
[2025-05-23 15:04:11.248] [PSS] [info] [3128|24280]streaming_driver_interface_impl.cpp:87 SubmitViewFrames: submit view frames {view_texture_handles: 3221231170 view_texture_handles: 2147485058 pose { orientation { x: -0.0191761516 y: 0.709887683 z: 0.0725833625 w: 0.700302362 } position { x: 0.102209024 y: 2.05237937 z: 0.0349486768 } }}, this= 0x203ae45b020
[2025-05-23 15:04:11.273] [PSS] [info] [3128|24280]streaming_driver_interface_impl.cpp:87 SubmitViewFrames: submit view frames {view_texture_handles: 3221231170 view_texture_handles: 2147485058 pose { orientation { x: -0.0195438489 y: 0.710032165 z: 0.0721136406 w: 0.700194359 } position { x: 0.102215596 y: 2.05229449 z: 0.0346924365 } }}, this= 0x203ae45b020
[2025-05-23 15:04:11.276] [PSS] [info] [3128|24280]streaming_driver_interface_impl.cpp:87 SubmitViewFrames: submit view frames {view_texture_handles: 3221231170 view_texture_handles: 2147485058 pose { orientation { x: -0.0195438489 y: 0.710032165 z: 0.0721136406 w: 0.700194359 } position { x: 0.102215596 y: 2.05229449 z: 0.0346924365 } }}, this= 0x203ae45b020
[2025-05-23 15:04:11.291] [PSS] [info] [3128|24280]streaming_driver_interface_impl.cpp:87 SubmitViewFrames: submit view frames {view_texture_handles: 3221231170 view_texture_handles: 2147485058 pose { orientation { x: -0.0197056234 y: 0.71012193 z: 0.0721365213 w: 0.700096309 } position { x: 0.102237016 y: 2.0523243 z: 0.0344922841 } }}, this= 0x203ae45b020
[2025-05-23 15:04:11.305] [PSS] [info] [3128|24280]streaming_driver_interface_impl.cpp:87 SubmitViewFrames: submit view frames {view_texture_handles: 3221231170 view_texture_handles: 2147485058 pose { orientation { x: -0.0197049771 y: 0.710108042 z: 0.0722603425 w: 0.70009768 } position { x: 0.102232687 y: 2.0523386 z: 0.0342970714 } }}, this= 0x203ae45b020
[2025-05-23 15:04:11.320] [PSS] [info] [3128|24280]streaming_driver_interface_impl.cpp:87 SubmitViewFrames: submit view frames {view_texture_handles: 3221231170 view_texture_handles: 2147485058 pose { orientation { x: -0.0197209455 y: 0.709973276 z: 0.0723339617 w: 0.700226247 } position { x: 0.102240101 y: 2.0523417 z: 0.0341547951 } }}, this= 0x203ae45b020
[2025-05-23 15:04:11.332] [PSS] [info] [3128|24280]streaming_driver_interface_impl.cpp:87 SubmitViewFrames: submit view frames {view_texture_handles: 3221231170 view_texture_handles: 2147485058 pose { orientation { x: -0.0196723733 y: 0.709752619 z: 0.0724471509 w: 0.700439572 } position { x: 0.102212444 y: 2.05226874 z: 0.0340643525 } }}, this= 0x203ae45b020
[2025-05-23 15:04:11.346] [PSS] [info] [3128|24280]streaming_driver_interface_impl.cpp:87 SubmitViewFrames: submit view frames {view_texture_handles: 3221231170 view_texture_handles: 2147485058 pose { orientation { x: -0.0197329465 y: 0.709534824 z: 0.0724980161 w: 0.700653255 } position { x: 0.102160253 y: 2.05223608 z: 0.0339877717 } }}, this= 0x203ae45b020
[2025-05-23 15:04:11.360] [PSS] [info] [3128|24280]streaming_driver_interface_impl.cpp:87 SubmitViewFrames: submit view frames {view_texture_handles: 3221231170 view_texture_handles: 2147485058 pose { orientation { x: -0.0197516158 y: 0.709407687 z: 0.0724477842 w: 0.70078665 } position { x: 0.102088884 y: 2.05221415 z: 0.0339315794 } }}, this= 0x203ae45b020
[2025-05-23 15:04:11.375] [PSS] [info] [3128|24280]streaming_driver_interface_impl.cpp:87 SubmitViewFrames: submit view frames {view_texture_handles: 3221231170 view_texture_handles: 2147485058 pose { orientation { x: -0.0197175033 y: 0.70933187 z: 0.0723855719 w: 0.700870812 } position { x: 0.101974785 y: 2.05218363 z: 0.0338691697 } }}, this= 0x203ae45b020
[2025-05-23 15:04:11.390] [PSS] [info] [3128|24280]streaming_driver_interface_impl.cpp:87 SubmitViewFrames: submit view frames {view_texture_handles: 3221231170 view_texture_handles: 2147485058 pose { orientation { x: -0.0196829792 y: 0.709377527 z: 0.0723178089 w: 0.700832546 } position { x: 0.101933904 y: 2.05222106 z: 0.0337912329 } }}, this= 0x203ae45b020
[2025-05-23 15:04:11.406] [PSS] [info] [3128|24280]streaming_driver_interface_impl.cpp:87 SubmitViewFrames: submit view frames {view_texture_handles: 3221231170 view_texture_handles: 2147485058 pose { orientation { x: -0.0196778923 y: 0.709493101 z: 0.0720713213 w: 0.700741053 } position { x: 0.101749331 y: 2.05227757 z: 0.033657968 } }}, this= 0x203ae45b020
[2025-05-23 15:04:11.426] [PSS] [info] [3128|24280]streaming_driver_interface_impl.cpp:87 SubmitViewFrames: submit view frames {view_texture_handles: 3221231170 view_texture_handles: 2147485058 pose { orientation { x: -0.0197399538 y: 0.709537387 z: 0.0719025657 w: 0.700711846 } position { x: 0.101638436 y: 2.05230308 z: 0.0336644 } }}, this= 0x203ae45b020
[2025-05-23 15:04:11.431] [PSS] [info] [3128|24280]streaming_driver_interface_impl.cpp:87 SubmitViewFrames: submit view frames {view_texture_handles: 3221231170 view_texture_handles: 2147485058 pose { orientation { x: -0.0197399538 y: 0.709537387 z: 0.0719025657 w: 0.700711846 } position { x: 0.101638436 y: 2.05230308 z: 0.0336644 } }}, this= 0x203ae45b020
[2025-05-23 15:04:11.448] [PSS] [info] [3128|24280]streaming_driver_interface_impl.cpp:87 SubmitViewFrames: submit view frames {view_texture_handles: 3221231170 view_texture_handles: 2147485058 pose { orientation { x: -0.0198120717 y: 0.709669709 z: 0.0719348565 w: 0.700572491 } position { x: 0.101518407 y: 2.0523963 z: 0.0337165184 } }}, this= 0x203ae45b020
[2025-05-23 15:04:11.459] [PSS] [info] [3128|24280]streaming_driver_interface_impl.cpp:87 SubmitViewFrames: submit view frames {view_texture_handles: 3221231170 view_texture_handles: 2147485058 pose { orientation { x: -0.0198120717 y: 0.709669709 z: 0.0719348565 w: 0.700572491 } position { x: 0.101518407 y: 2.0523963 z: 0.0337165184 } }}, this= 0x203ae45b020
[2025-05-23 15:04:11.474] [PSS] [info] [3128|24280]streaming_driver_interface_impl.cpp:87 SubmitViewFrames: submit view frames {view_texture_handles: 3221231170 view_texture_handles: 2147485058 pose { orientation { x: -0.0197407436 y: 0.709843874 z: 0.072233431 w: 0.700367272 } position { x: 0.101457261 y: 2.0523262 z: 0.033709418 } }}, this= 0x203ae45b020
[2025-05-23 15:04:11.489] [PSS] [info] [3128|24280]streaming_driver_interface_impl.cpp:87 SubmitViewFrames: submit view frames {view_texture_handles: 3221231170 view_texture_handles: 2147485058 pose { orientation { x: -0.0197775364 y: 0.710051894 z: 0.0727496073 w: 0.700102 } position { x: 0.101464383 y: 2.05220103 z: 0.0337141156 } }}, this= 0x203ae45b020
[2025-05-23 15:04:11.501] [PSS] [info] [3128|24280]streaming_driver_interface_impl.cpp:87 SubmitViewFrames: submit view frames {view_texture_handles: 3221231170 view_texture_handles: 2147485058 pose { orientation { x: -0.0198726114 y: 0.710113823 z: 0.0733450055 w: 0.699974239 } position { x: 0.101494119 y: 2.05212283 z: 0.0336793475 } }}, this= 0x203ae45b020
[2025-05-23 15:04:11.515] [PSS] [info] [3128|24280]streaming_driver_interface_impl.cpp:87 SubmitViewFrames: submit view frames {view_texture_handles: 3221231170 view_texture_handles: 2147485058 pose { orientation { x: -0.0199623872 y: 0.710294127 z: 0.0738996863 w: 0.699730396 } position { x: 0.101526394 y: 2.05202866 z: 0.0335923582 } }}, this= 0x203ae45b020
[2025-05-23 15:04:11.529] [PSS] [info] [3128|24280]streaming_driver_interface_impl.cpp:87 SubmitViewFrames: submit view frames {view_texture_handles: 3221231170 view_texture_handles: 2147485058 pose { orientation { x: -0.0200333484 y: 0.710289955 z: 0.07443358 w: 0.699676 } position { x: 0.101576775 y: 2.05196095 z: 0.0335070044 } }}, this= 0x203ae45b020
[2025-05-23 15:04:11.544] [PSS] [info] [3128|24280]streaming_driver_interface_impl.cpp:87 SubmitViewFrames: submit view frames {view_texture_handles: 3221231170 view_texture_handles: 2147485058 pose { orientation { x: -0.0201863162 y: 0.710200727 z: 0.0748205185 w: 0.699720919 } position { x: 0.101667464 y: 2.05188799 z: 0.0334109627 } }}, this= 0x203ae45b020
[2025-05-23 15:04:11.558] [PSS] [info] [3128|24280]streaming_driver_interface_impl.cpp:87 SubmitViewFrames: submit view frames {view_texture_handles: 3221231170 view_texture_handles: 2147485058 pose { orientation { x: -0.0204448551 y: 0.71004355 z: 0.0749190301 w: 0.699862361 } position { x: 0.101747766 y: 2.05179977 z: 0.0333027653 } }}, this= 0x203ae45b020
[2025-05-23 15:04:11.577] [PSS] [info] [3128|24280]streaming_driver_interface_impl.cpp:87 SubmitViewFrames: submit view frames {view_texture_handles: 3221231170 view_texture_handles: 2147485058 pose { orientation { x: -0.0210121386 y: 0.709667921 z: 0.0741600841 w: 0.70030731 } position { x: 0.101790145 y: 2.05171633 z: 0.0330798216 } }}, this= 0x203ae45b020
[2025-05-23 15:04:11.585] [PSS] [info] [3128|24280]streaming_driver_interface_impl.cpp:87 SubmitViewFrames: submit view frames {view_texture_handles: 3221231170 view_texture_handles: 2147485058 pose { orientation { x: -0.0210121386 y: 0.709667921 z: 0.0741600841 w: 0.70030731 } position { x: 0.101790145 y: 2.05171633 z: 0.0330798216 } }}, this= 0x203ae45b020
[2025-05-23 15:04:11.599] [PSS] [info] [3128|24280]streaming_driver_interface_impl.cpp:87 SubmitViewFrames: submit view frames {view_texture_handles: 3221231170 view_texture_handles: 2147485058 pose { orientation { x: -0.0213074777 y: 0.709532082 z: 0.0732888058 w: 0.700527608 } position { x: 0.101814926 y: 2.05174494 z: 0.0330373719 } }}, this= 0x203ae45b020
[2025-05-23 15:04:11.613] [PSS] [info] [3128|24280]streaming_driver_interface_impl.cpp:87 SubmitViewFrames: submit view frames {view_texture_handles: 3221231170 view_texture_handles: 2147485058 pose { orientation { x: -0.0214647762 y: 0.709484577 z: 0.0723255947 w: 0.700671136 } position { x: 0.101864763 y: 2.05176878 z: 0.0329966173 } }}, this= 0x203ae45b020
[2025-05-23 15:04:11.627] [PSS] [info] [3128|24280]streaming_driver_interface_impl.cpp:87 SubmitViewFrames: submit view frames {view_texture_handles: 3221231170 view_texture_handles: 2147485058 pose { orientation { x: -0.021494586 y: 0.709481 z: 0.0712770671 w: 0.700781167 } position { x: 0.10191258 y: 2.05183649 z: 0.0329753533 } }}, this= 0x203ae45b020
[2025-05-23 15:04:11.641] [PSS] [info] [3128|24280]streaming_driver_interface_impl.cpp:87 SubmitViewFrames: submit view frames {view_texture_handles: 3221231170 view_texture_handles: 2147485058 pose { orientation { x: -0.0214592591 y: 0.709501922 z: 0.0702239946 w: 0.700867355 } position { x: 0.101901643 y: 2.05189371 z: 0.0329552926 } }}, this= 0x203ae45b020
[2025-05-23 15:04:11.655] [PSS] [info] [3128|24280]streaming_driver_interface_impl.cpp:87 SubmitViewFrames: submit view frames {view_texture_handles: 3221231170 view_texture_handles: 2147485058 pose { orientation { x: -0.0214193556 y: 0.709486127 z: 0.069160372 w: 0.700990379 } position { x: 0.101919509 y: 2.05193663 z: 0.0330050439 } }}, this= 0x203ae45b020
[2025-05-23 15:04:11.669] [PSS] [info] [3128|24280]streaming_driver_interface_impl.cpp:87 SubmitViewFrames: submit view frames {view_texture_handles: 3221231170 view_texture_handles: 2147485058 pose { orientation { x: -0.0213260744 y: 0.709463418 z: 0.0681635365 w: 0.70111382 } position { x: 0.101941124 y: 2.05190635 z: 0.0330543183 } }}, this= 0x203ae45b020
[2025-05-23 15:04:11.683] [PSS] [info] [3128|24280]streaming_driver_interface_impl.cpp:87 SubmitViewFrames: submit view frames {view_texture_handles: 3221231170 view_texture_handles: 2147485058 pose { orientation { x: -0.0213250611 y: 0.709443092 z: 0.0676121116 w: 0.701187789 } position { x: 0.101907633 y: 2.05186915 z: 0.0331310518 } }}, this= 0x203ae45b020
[2025-05-23 15:04:11.695] [PSS] [info] [3128|24280]streaming_driver_interface_impl.cpp:87 SubmitViewFrames: submit view frames {view_texture_handles: 3221231170 view_texture_handles: 2147485058 pose { orientation { x: -0.0213035867 y: 0.709570229 z: 0.0674953088 w: 0.701071084 } position { x: 0.101938106 y: 2.05184937 z: 0.033267 } }}, this= 0x203ae45b020
[2025-05-23 15:04:11.711] [PSS] [info] [3128|24280]streaming_driver_interface_impl.cpp:87 SubmitViewFrames: submit view frames {view_texture_handles: 3221231170 view_texture_handles: 2147485058 pose { orientation { x: -0.0212272722 y: 0.709667 z: 0.0677178875 w: 0.70095396 } position { x: 0.101951882 y: 2.05180597 z: 0.0333736688 } }}, this= 0x203ae45b020
[2025-05-23 15:04:11.731] [PSS] [info] [3128|24280]streaming_driver_interface_impl.cpp:87 SubmitViewFrames: submit view frames {view_texture_handles: 3221231170 view_texture_handles: 2147485058 pose { orientation { x: -0.020954458 y: 0.709815502 z: 0.0692531 w: 0.700661719 } position { x: 0.101991944 y: 2.05172157 z: 0.0336221121 } }}, this= 0x203ae45b020
[2025-05-23 15:04:11.740] [PSS] [info] [3128|24280]streaming_driver_interface_impl.cpp:87 SubmitViewFrames: submit view frames {view_texture_handles: 3221231170 view_texture_handles: 2147485058 pose { orientation { x: -0.0207831729 y: 0.709825754 z: 0.0701395869 w: 0.700568259 } position { x: 0.101973616 y: 2.05164814 z: 0.0337659083 } }}, this= 0x203ae45b020
[2025-05-23 15:04:11.753] [PSS] [info] [3128|24280]streaming_driver_interface_impl.cpp:87 SubmitViewFrames: submit view frames {view_texture_handles: 3221231170 view_texture_handles: 2147485058 pose { orientation { x: -0.0207831729 y: 0.709825754 z: 0.0701395869 w: 0.700568259 } position { x: 0.101973616 y: 2.05164814 z: 0.0337659083 } }}, this= 0x203ae45b020
[2025-05-23 15:04:11.768] [PSS] [info] [3128|24280]streaming_driver_interface_impl.cpp:87 SubmitViewFrames: submit view frames {view_texture_handles: 3221231170 view_texture_handles: 2147485058 pose { orientation { x: -0.0207936205 y: 0.70967108 z: 0.0717213154 w: 0.700564504 } position { x: 0.101841934 y: 2.05144691 z: 0.0340368636 } }}, this= 0x203ae45b020
[2025-05-23 15:04:11.782] [PSS] [info] [3128|24280]streaming_driver_interface_impl.cpp:87 SubmitViewFrames: submit view frames {view_texture_handles: 3221231170 view_texture_handles: 2147485058 pose { orientation { x: -0.0209380593 y: 0.70964855 z: 0.072351709 w: 0.70051831 } position { x: 0.101791583 y: 2.05144835 z: 0.0341781229 } }}, this= 0x203ae45b020
[2025-05-23 15:04:11.796] [PSS] [info] [3128|24280]streaming_driver_interface_impl.cpp:87 SubmitViewFrames: submit view frames {view_texture_handles: 3221231170 view_texture_handles: 2147485058 pose { orientation { x: -0.0209159665 y: 0.709621131 z: 0.0728597045 w: 0.700494 } position { x: 0.101736702 y: 2.05148053 z: 0.0343660228 } }}, this= 0x203ae45b020
[2025-05-23 15:04:11.808] [PSS] [info] [3128|24280]streaming_driver_interface_impl.cpp:87 SubmitViewFrames: submit view frames {view_texture_handles: 3221231170 view_texture_handles: 2147485058 pose { orientation { x: -0.0209159665 y: 0.709621131 z: 0.0728597045 w: 0.700494 } position { x: 0.101736702 y: 2.05148053 z: 0.0343660228 } }}, this= 0x203ae45b020
[2025-05-23 15:04:11.822] [PSS] [info] [3128|24280]streaming_driver_interface_impl.cpp:87 SubmitViewFrames: submit view frames {view_texture_handles: 3221231170 view_texture_handles: 2147485058 pose { orientation { x: -0.0208330024 y: 0.709638953 z: 0.0733473822 w: 0.700427532 } position { x: 0.101730779 y: 2.05148363 z: 0.0344868638 } }}, this= 0x203ae45b020
[2025-05-23 15:04:11.836] [PSS] [info] [3128|24280]streaming_driver_interface_impl.cpp:87 SubmitViewFrames: submit view frames {view_texture_handles: 3221231170 view_texture_handles: 2147485058 pose { orientation { x: -0.0206736606 y: 0.709681094 z: 0.073662959 w: 0.700356424 } position { x: 0.101699449 y: 2.05142593 z: 0.0346335359 } }}, this= 0x203ae45b020
[2025-05-23 15:04:11.850] [PSS] [info] [3128|24280]streaming_driver_interface_impl.cpp:87 SubmitViewFrames: submit view frames {view_texture_handles: 3221231170 view_texture_handles: 2147485058 pose { orientation { x: -0.0205784068 y: 0.709734797 z: 0.0739725828 w: 0.700272202 } position { x: 0.101723492 y: 2.0514183 z: 0.0347503833 } }}, this= 0x203ae45b020
[2025-05-23 15:04:11.864] [PSS] [info] [3128|24280]streaming_driver_interface_impl.cpp:87 SubmitViewFrames: submit view frames {view_texture_handles: 3221231170 view_texture_handles: 2147485058 pose { orientation { x: -0.0205795784 y: 0.709772646 z: 0.0740274489 w: 0.700228 } position { x: 0.101730429 y: 2.05143595 z: 0.0348170474 } }}, this= 0x203ae45b020
[2025-05-23 15:04:11.882] [PSS] [info] [3128|24280]streaming_driver_interface_impl.cpp:87 SubmitViewFrames: submit view frames {view_texture_handles: 3221231170 view_texture_handles: 2147485058 pose { orientation { x: -0.0204648469 y: 0.709628344 z: 0.0739118531 w: 0.700389802 } position { x: 0.101713456 y: 2.0515151 z: 0.0349235237 } }}, this= 0x203ae45b020
[2025-05-23 15:04:11.893] [PSS] [info] [3128|24280]streaming_driver_interface_impl.cpp:87 SubmitViewFrames: submit view frames {view_texture_handles: 3221231170 view_texture_handles: 2147485058 pose { orientation { x: -0.0204226635 y: 0.70951885 z: 0.0738625452 w: 0.700507164 } position { x: 0.101714246 y: 2.05154967 z: 0.0349835679 } }}, this= 0x203ae45b020
[2025-05-23 15:04:11.907] [PSS] [info] [3128|24280]streaming_driver_interface_impl.cpp:87 SubmitViewFrames: submit view frames {view_texture_handles: 3221231170 view_texture_handles: 2147485058 pose { orientation { x: -0.0203481633 y: 0.709463239 z: 0.07375554 w: 0.700576901 } position { x: 0.10172686 y: 2.0515 z: 0.0349844284 } }}, this= 0x203ae45b020
[2025-05-23 15:04:11.922] [PSS] [info] [3128|24280]streaming_driver_interface_impl.cpp:87 SubmitViewFrames: submit view frames {view_texture_handles: 3221231170 view_texture_handles: 2147485058 pose { orientation { x: -0.0203883685 y: 0.70938462 z: 0.0736091658 w: 0.700670719 } position { x: 0.101705469 y: 2.05147839 z: 0.034983512 } }}, this= 0x203ae45b020
[2025-05-23 15:04:11.936] [PSS] [info] [3128|24280]streaming_driver_interface_impl.cpp:87 SubmitViewFrames: submit view frames {view_texture_handles: 3221231170 view_texture_handles: 2147485058 pose { orientation { x: -0.020542996 y: 0.70931679 z: 0.0734269395 w: 0.700754106 } position { x: 0.101719186 y: 2.05140448 z: 0.0349455029 } }}, this= 0x203ae45b020
[2025-05-23 15:04:11.949] [PSS] [info] [3128|24280]streaming_driver_interface_impl.cpp:87 SubmitViewFrames: submit view frames {view_texture_handles: 3221231170 view_texture_handles: 2147485058 pose { orientation { x: -0.020767428 y: 0.709204435 z: 0.0731743947 w: 0.700887501 } position { x: 0.10172724 y: 2.05140972 z: 0.0349319167 } }}, this= 0x203ae45b020
[2025-05-23 15:04:11.962] [PSS] [info] [3128|24280]streaming_driver_interface_impl.cpp:87 SubmitViewFrames: submit view frames {view_texture_handles: 3221231170 view_texture_handles: 2147485058 pose { orientation { x: -0.0210222285 y: 0.709094822 z: 0.0729584917 w: 0.701013327 } position { x: 0.101774916 y: 2.05144143 z: 0.0348753557 } }}, this= 0x203ae45b020
[2025-05-23 15:04:11.976] [PSS] [info] [3128|24280]streaming_driver_interface_impl.cpp:87 SubmitViewFrames: submit view frames {view_texture_handles: 3221231170 view_texture_handles: 2147485058 pose { orientation { x: -0.0211662352 y: 0.708895087 z: 0.0727953762 w: 0.701227903 } position { x: 0.101764649 y: 2.05149102 z: 0.0348649137 } }}, this= 0x203ae45b020
[2025-05-23 15:04:11.990] [PSS] [info] [3128|24280]streaming_driver_interface_impl.cpp:87 SubmitViewFrames: submit view frames {view_texture_handles: 3221231170 view_texture_handles: 2147485058 pose { orientation { x: -0.021177819 y: 0.708717585 z: 0.0726737902 w: 0.701419592 } position { x: 0.101769753 y: 2.05152273 z: 0.0348901302 } }}, this= 0x203ae45b020
[2025-05-23 15:04:12.001] [PSS] [info] [3128|19824]streaming_driver_interface_impl.cpp:55 StopStreaming: stop streaming, session_id= spASVHPA, this= 0x203ae45b020
[2025-05-23 15:04:12.001] [PSS] [info] [3128|19824]streaming_driver_interface_impl.cpp:222 StopHandTracking: stop hand tracking, this= 0x203ae45b020
[2025-05-23 15:04:12.001] [PSS] [info] [3128|19824]streaming_driver_interface_impl.cpp:34 DisconnectFromService: disconnect from service, client_id= cmsefUPuOGXl2DSX, this= 0x203ae45b020
[2025-05-23 15:04:12.001] [PSS] [info] [3128|19824]streaming_client_impl.cpp:37 DisconnectFromService: disconnect from service, this= 0x2046a2aa330
[2025-05-23 15:04:12.001] [PSS] [debug] [3128|6036]streaming_client_impl.cpp:175 InvokeDisconnectFromService: disconnect from service, this= 0x2046a2aa330
[2025-05-23 15:04:12.001] [PSS] [debug] [3128|6036]streaming_client_impl.cpp:253 HandleDisconnectFromServiceResp: disconnect response {}, this= 0x2046a2aa330
[2025-05-23 15:04:12.001] [PSS] [debug] [3128|6036]transport_client_tcp3.cpp:79 Stop: called, this= 0x20477b694d0
[2025-05-23 15:04:12.001] [PSS] [debug] [3128|6036]transport_client_tcp3.cpp:79 Stop: called, this= 0x20477b694d0
[2025-05-23 15:04:12.001] [PSS] [debug] [3128|6036]streaming_client_impl.cpp:194 InvokeDisconnectFromService: disconnect from service, {client_id: "cmsefUPuOGXl2DSX"}, this= 0x2046a2aa330
[2025-05-23 15:04:12.001] [PSS] [info] [3128|19824]streaming_client_impl.cpp:44 DisconnectFromService: disconnect from service completed, this= 0x2046a2aa330
[2025-05-23 15:04:12.001] [PSS] [debug] [3128|28148]transport_client_tcp3.cpp:190 operator (): close socket
[2025-05-23 15:04:12.001] [PSS] [error] [3128|28148]transport_client_tcp3.cpp:210 HandleReceiveDataResult: receive error= 1236, msg= 由本地系统中止网络连接。
[2025-05-23 15:04:12.002] [PSS] [error] [3128|28148]transport_client_tcp3.cpp:157 HandleAsyncError: error code: 1236, this= 0x20477b694d0
[2025-05-23 15:04:12.002] [PSS] [error] [3128|28148]transport_client_tcp3.cpp:102 ReceiveDataLoop: "not connected", !running_, this= 0x20477b694d0
[2025-05-23 15:04:43.246] [PSS] [debug] [3128|19824]streaming_driver_interface_impl.cpp:19 StreamingDriverInterfaceImpl: callback= 0x203d8c701a0, this= 0x20464eb2b80
[2025-05-23 15:04:43.247] [PSS] [error] [3128|19824]streaming_driver_interface_impl.cpp:115 SetTrackingOrigin: streaming not started, this= 0x20464eb2b80
[2025-05-23 15:04:43.247] [PSS] [info] [3128|19824]streaming_driver_interface_impl.cpp:24 ConnectToService: connect to service, client_id= V2zmEy6ZJH2amSVa, this= 0x20464eb2b80
[2025-05-23 15:04:43.247] [PSS] [info] [3128|19824]streaming_client_impl.cpp:25 ConnectToService: client_id= V2zmEy6ZJH2amSVa, name= 3D Engine, desp= StreamingSceneRender, this= 0x203b7647840
[2025-05-23 15:04:43.247] [PSS] [debug] [3128|23000]streaming_client_impl.cpp:137 InvokeConnectToService: connect to service through the network, port= 54000, this= 0x203b7647840
[2025-05-23 15:04:43.247] [PSS] [debug] [3128|23000]transport_client_tcp3.cpp:34 Start: buffer size(send\recv): 2097152\2097152, this= 0x20478de7880
[2025-05-23 15:04:43.247] [PSS] [info] [3128|23000]transport_client_tcp3.cpp:59 Start: server= 127.0.0.1:54000, local=0.0.0.0:0, this= 0x20478de7880
[2025-05-23 15:04:43.247] [PSS] [info] [3128|2856]streaming_client_impl.cpp:62 NotifyConnectResult: network connect to service result= 0, this= 0x203b7647840
[2025-05-23 15:04:43.247] [PSS] [debug] [3128|2856]transport_client_tcp3.cpp:136 HandleConnect: local= 127.0.0.1:54980, this= 0x20478de7880
[2025-05-23 15:04:43.247] [PSS] [debug] [3128|23000]streaming_client_impl.cpp:150 InvokeConnectToServiceByRpc: begin to connect to service by rpc, this= 0x203b7647840
[2025-05-23 15:04:43.247] [PSS] [info] [3128|23000]rpc.cpp:81 Start: start, request id begin from 8596, this= 0x203b67422a0
[2025-05-23 15:04:43.248] [PSS] [debug] [3128|23000]streaming_client_impl.cpp:171 InvokeConnectToServiceByRpc: connecting to service success, client_id= V2zmEy6ZJH2amSVa, this= 0x203b7647840
[2025-05-23 15:04:43.248] [PSS] [info] [3128|23000]streaming_client_impl.cpp:238 HandleConnectToServiceResp: connect response {result { description: "Success" } client_id: "V2zmEy6ZJH2amSVa" service_id: "xre_ftIMnMuP" service_version: "2.2.1.9"}, this= 0x203b7647840
[2025-05-23 15:04:43.248] [PSS] [info] [3128|23000]streaming_driver_interface_impl.cpp:326 NotifyClientConnectResult: client connected, client_id= V2zmEy6ZJH2amSVa, service_version= 2.2.1.9, this= 0x20464eb2b80
[2025-05-23 15:04:43.248] [PSS] [info] [3128|23000]streaming_driver_interface_impl.cpp:382 HandleUpdateHMDStateEvent: update hmd state {state_type: kHMDDeviceStateConnected device_id: "PA9410MGJ9100941G" device_name: "PICO 4 Ultra Enterprise" connection_type: kConnectionUsb description: "Add Device"}, this= 0x20464eb2b80
[2025-05-23 15:04:43.248] [PSS] [info] [3128|19824]streaming_driver_interface_impl.cpp:50 StartStreaming: start streaming, {width: 1920 height: 1920 frame_rate: 72}, this= 0x20464eb2b80
[2025-05-23 15:04:43.908] [PSS] [error] [3128|24280]streaming_driver_interface_impl.cpp:69 SubmitViewFrames: streaming not started, this= 0x20464eb2b80
[2025-05-23 15:04:44.080] [PSS] [info] [3128|23000]streaming_driver_interface_impl.cpp:418 HandleUpdateStreamingStateEvent: update streaming state {started_flag: true session_id: "HSqbl7J2"}, this= 0x20464eb2b80
[2025-05-23 15:04:44.080] [PSS] [info] [3128|23000]streaming_driver_interface_impl.cpp:213 StartHandTracking: start hand tracking, this= 0x20464eb2b80
[2025-05-23 15:04:44.156] [PSS] [debug] [3128|23000]streaming_driver_interface_impl.cpp:444 HandleIpdChangedEvent: ipd changed {ipd: 0.06568}, this= 0x20464eb2b80
[2025-05-23 15:04:44.156] [PSS] [debug] [3128|23000]streaming_driver_interface_impl.cpp:456 HandleFovChangedEvent: fov changed {fov_infos { eye_side: kSideLeft left: -0.907541096 right: 0.907541096 up: 0.907541096 down: -0.907541096 } fov_infos { eye_side: kSideRight left: -0.907541096 right: 0.907541096 up: 0.907541096 down: -0.907541096 }}, this= 0x20464eb2b80
[2025-05-23 15:04:44.513] [PSS] [info] [3128|24280]streaming_driver_interface_impl.cpp:87 SubmitViewFrames: submit view frames {view_texture_handles: 3221231170 view_texture_handles: 2147485058 pose { orientation { x: 0.0569709577 y: -0.0420269966 z: 0.0128363315 w: 0.997408271 } position { x: -0.0297990926 y: 2.07618618 z: 0.0371654108 } }}, this= 0x20464eb2b80
[2025-05-23 15:04:44.533] [PSS] [info] [3128|24280]streaming_driver_interface_impl.cpp:87 SubmitViewFrames: submit view frames {view_texture_handles: 3221231170 view_texture_handles: 2147485058 pose { orientation { x: 0.0574227907 y: -0.0424545705 z: 0.0114987101 w: 0.997380614 } position { x: -0.0294381473 y: 2.07608318 z: 0.0375261046 } }}, this= 0x20464eb2b80
[2025-05-23 15:04:44.547] [PSS] [info] [3128|24280]streaming_driver_interface_impl.cpp:87 SubmitViewFrames: submit view frames {view_texture_handles: 3221231170 view_texture_handles: 2147485058 pose { orientation { x: 0.0585634895 y: -0.043874424 z: 0.0110836765 w: 0.997257531 } position { x: -0.028857803 y: 2.07620597 z: 0.0381989032 } }}, this= 0x20464eb2b80
[2025-05-23 15:04:44.559] [PSS] [info] [3128|24280]streaming_driver_interface_impl.cpp:87 SubmitViewFrames: submit view frames {view_texture_handles: 3221231170 view_texture_handles: 2147485058 pose { orientation { x: 0.0593419261 y: -0.0447519571 z: 0.0115174688 w: 0.997167587 } position { x: -0.0285643805 y: 2.07634401 z: 0.0384072475 } }}, this= 0x20464eb2b80
[2025-05-23 15:04:44.572] [PSS] [info] [3128|24280]streaming_driver_interface_impl.cpp:87 SubmitViewFrames: submit view frames {view_texture_handles: 3221231170 view_texture_handles: 2147485058 pose { orientation { x: 0.0593419261 y: -0.0447519571 z: 0.0115174688 w: 0.997167587 } position { x: -0.0285643805 y: 2.07634401 z: 0.0384072475 } }}, this= 0x20464eb2b80
[2025-05-23 15:04:44.589] [PSS] [info] [3128|24280]streaming_driver_interface_impl.cpp:87 SubmitViewFrames: submit view frames {view_texture_handles: 3221231170 view_texture_handles: 2147485058 pose { orientation { x: 0.0614465252 y: -0.0469132 z: 0.0122245234 w: 0.996932328 } position { x: -0.0282423012 y: 2.07689524 z: 0.0388083309 } }}, this= 0x20464eb2b80
[2025-05-23 15:04:44.601] [PSS] [info] [3128|24280]streaming_driver_interface_impl.cpp:87 SubmitViewFrames: submit view frames {view_texture_handles: 3221231170 view_texture_handles: 2147485058 pose { orientation { x: 0.0625557452 y: -0.0478244908 z: 0.0134489723 w: 0.996804297 } position { x: -0.0279840846 y: 2.0773375 z: 0.0389458872 } }}, this= 0x20464eb2b80
[2025-05-23 15:04:44.614] [PSS] [info] [3128|24280]streaming_driver_interface_impl.cpp:87 SubmitViewFrames: submit view frames {view_texture_handles: 3221231170 view_texture_handles: 2147485058 pose { orientation { x: 0.0633733198 y: -0.0486981235 z: 0.0152082844 w: 0.996685 } position { x: -0.0278278086 y: 2.07776117 z: 0.0389781073 } }}, this= 0x20464eb2b80
[2025-05-23 15:04:44.627] [PSS] [info] [3128|24280]streaming_driver_interface_impl.cpp:87 SubmitViewFrames: submit view frames {view_texture_handles: 3221231170 view_texture_handles: 2147485058 pose { orientation { x: 0.0643190518 y: -0.0497418121 z: 0.0167847984 w: 0.99654758 } position { x: -0.0277624577 y: 2.07792139 z: 0.0389641412 } }}, this= 0x20464eb2b80
[2025-05-23 15:04:44.643] [PSS] [info] [3128|24280]streaming_driver_interface_impl.cpp:87 SubmitViewFrames: submit view frames {view_texture_handles: 3221231170 view_texture_handles: 2147485058 pose { orientation { x: 0.0652120039 y: -0.0507015623 z: 0.0178028326 w: 0.996423542 } position { x: -0.0278344788 y: 2.07794619 z: 0.0386843644 } }}, this= 0x20464eb2b80
[2025-05-23 15:04:44.658] [PSS] [info] [3128|24280]streaming_driver_interface_impl.cpp:87 SubmitViewFrames: submit view frames {view_texture_handles: 3221231170 view_texture_handles: 2147485058 pose { orientation { x: 0.0664416477 y: -0.0522725061 z: 0.0184836965 w: 0.996248722 } position { x: -0.0277233291 y: 2.07763362 z: 0.0379874408 } }}, this= 0x20464eb2b80
[2025-05-23 15:04:44.670] [PSS] [info] [3128|24280]streaming_driver_interface_impl.cpp:87 SubmitViewFrames: submit view frames {view_texture_handles: 3221231170 view_texture_handles: 2147485058 pose { orientation { x: 0.066189 y: -0.0525105819 z: 0.0183225814 w: 0.996256 } position { x: -0.0274355188 y: 2.07730293 z: 0.0375495031 } }}, this= 0x20464eb2b80
[2025-05-23 15:04:44.683] [PSS] [info] [3128|24280]streaming_driver_interface_impl.cpp:87 SubmitViewFrames: submit view frames {view_texture_handles: 3221231170 view_texture_handles: 2147485058 pose { orientation { x: 0.0652556196 y: -0.0526913926 z: 0.0177584887 w: 0.996318221 } position { x: -0.0270773936 y: 2.0769515 z: 0.0370889567 } }}, this= 0x20464eb2b80
[2025-05-23 15:04:44.697] [PSS] [info] [3128|24280]streaming_driver_interface_impl.cpp:87 SubmitViewFrames: submit view frames {view_texture_handles: 3221231170 view_texture_handles: 2147485058 pose { orientation { x: 0.0636936352 y: -0.0528833941 z: 0.0169263072 w: 0.996423602 } position { x: -0.0265825726 y: 2.07671499 z: 0.0365171172 } }}, this= 0x20464eb2b80
[2025-05-23 15:04:44.712] [PSS] [info] [3128|24280]streaming_driver_interface_impl.cpp:87 SubmitViewFrames: submit view frames {view_texture_handles: 3221231170 view_texture_handles: 2147485058 pose { orientation { x: 0.0621549226 y: -0.0532282256 z: 0.0157500785 w: 0.996521711 } position { x: -0.0261815 y: 2.07641 z: 0.0358918719 } }}, this= 0x20464eb2b80
[2025-05-23 15:04:44.724] [PSS] [info] [3128|24280]streaming_driver_interface_impl.cpp:87 SubmitViewFrames: submit view frames {view_texture_handles: 3221231170 view_texture_handles: 2147485058 pose { orientation { x: 0.0605362952 y: -0.0537896119 z: 0.0138799082 w: 0.996619 } position { x: -0.0258758888 y: 2.07610941 z: 0.0351869911 } }}, this= 0x20464eb2b80
[2025-05-23 15:04:44.740] [PSS] [info] [3128|24280]streaming_driver_interface_impl.cpp:87 SubmitViewFrames: submit view frames {view_texture_handles: 3221231170 view_texture_handles: 2147485058 pose { orientation { x: 0.057319425 y: -0.0546504371 z: 0.0107533848 w: 0.996800959 } position { x: -0.0254407059 y: 2.07590151 z: 0.0339117 } }}, this= 0x20464eb2b80
[2025-05-23 15:04:44.755] [PSS] [info] [3128|24280]streaming_driver_interface_impl.cpp:87 SubmitViewFrames: submit view frames {view_texture_handles: 3221231170 view_texture_handles: 2147485058 pose { orientation { x: 0.055761952 y: -0.054762695 z: 0.00948752649 w: 0.996896 } position { x: -0.0253677685 y: 2.07554102 z: 0.0333897769 } }}, this= 0x20464eb2b80
[2025-05-23 15:04:44.767] [PSS] [info] [3128|24280]streaming_driver_interface_impl.cpp:87 SubmitViewFrames: submit view frames {view_texture_handles: 3221231170 view_texture_handles: 2147485058 pose { orientation { x: 0.0536473 y: -0.0547600277 z: 0.00797032379 w: 0.99702549 } position { x: -0.0253951 y: 2.0751214 z: 0.0329278335 } }}, this= 0x20464eb2b80
[2025-05-23 15:04:44.781] [PSS] [info] [3128|24280]streaming_driver_interface_impl.cpp:87 SubmitViewFrames: submit view frames {view_texture_handles: 3221231170 view_texture_handles: 2147485058 pose { orientation { x: 0.051733721 y: -0.0547528826 z: 0.00723356567 w: 0.997132599 } position { x: -0.0252613239 y: 2.07480145 z: 0.0324518308 } }}, this= 0x20464eb2b80
[2025-05-23 15:04:44.797] [PSS] [info] [3128|24280]streaming_driver_interface_impl.cpp:87 SubmitViewFrames: submit view frames {view_texture_handles: 3221231170 view_texture_handles: 2147485058 pose { orientation { x: 0.0494217 y: -0.0547919832 z: 0.00717362668 w: 0.997248173 } position { x: -0.0249168258 y: 2.07432652 z: 0.0319714956 } }}, this= 0x20464eb2b80
[2025-05-23 15:04:44.810] [PSS] [info] [3128|24280]streaming_driver_interface_impl.cpp:87 SubmitViewFrames: submit view frames {view_texture_handles: 3221231170 view_texture_handles: 2147485058 pose { orientation { x: 0.0472449102 y: -0.0549369454 z: 0.00712281745 w: 0.997346044 } position { x: -0.0246131793 y: 2.07382131 z: 0.031594757 } }}, this= 0x20464eb2b80
[2025-05-23 15:04:44.822] [PSS] [info] [3128|24280]streaming_driver_interface_impl.cpp:87 SubmitViewFrames: submit view frames {view_texture_handles: 3221231170 view_texture_handles: 2147485058 pose { orientation { x: 0.0448296033 y: -0.0552495979 z: 0.00650694408 w: 0.997444451 } position { x: -0.0243607629 y: 2.07309198 z: 0.0313285589 } }}, this= 0x20464eb2b80
[2025-05-23 15:04:44.838] [PSS] [info] [3128|24280]streaming_driver_interface_impl.cpp:87 SubmitViewFrames: submit view frames {view_texture_handles: 3221231170 view_texture_handles: 2147485058 pose { orientation { x: 0.0403921567 y: -0.0561394207 z: 0.00455286074 w: 0.997595191 } position { x: -0.0240689833 y: 2.07176757 z: 0.0305955205 } }}, this= 0x20464eb2b80
[2025-05-23 15:04:44.850] [PSS] [info] [3128|24280]streaming_driver_interface_impl.cpp:87 SubmitViewFrames: submit view frames {view_texture_handles: 3221231170 view_texture_handles: 2147485058 pose { orientation { x: 0.0374974161 y: -0.0565355606 z: 0.00320221134 w: 0.997691095 } position { x: -0.0238180105 y: 2.07082939 z: 0.0303815771 } }}, this= 0x20464eb2b80
[2025-05-23 15:04:44.865] [PSS] [info] [3128|24280]streaming_driver_interface_impl.cpp:87 SubmitViewFrames: submit view frames {view_texture_handles: 3221231170 view_texture_handles: 2147485058 pose { orientation { x: 0.0351969786 y: -0.0569702722 z: 0.00205874653 w: 0.997753143 } position { x: -0.0235013459 y: 2.06999111 z: 0.0302137025 } }}, this= 0x20464eb2b80
[2025-05-23 15:04:44.883] [PSS] [info] [3128|24280]streaming_driver_interface_impl.cpp:87 SubmitViewFrames: submit view frames {view_texture_handles: 3221231170 view_texture_handles: 2147485058 pose { orientation { x: 0.0300970841 y: -0.0579944737 z: -0.000622268708 w: 0.997862935 } position { x: -0.0229174085 y: 2.06904554 z: 0.0301646348 } }}, this= 0x20464eb2b80
[2025-05-23 15:04:44.893] [PSS] [info] [3128|24280]streaming_driver_interface_impl.cpp:87 SubmitViewFrames: submit view frames {view_texture_handles: 3221231170 view_texture_handles: 2147485058 pose { orientation { x: 0.028284315 y: -0.0588467084 z: -0.00161380833 w: 0.997864962 } position { x: -0.0226210747 y: 2.06849551 z: 0.0300031863 } }}, this= 0x20464eb2b80
[2025-05-23 15:04:44.910] [PSS] [info] [3128|24280]streaming_driver_interface_impl.cpp:87 SubmitViewFrames: submit view frames {view_texture_handles: 3221231170 view_texture_handles: 2147485058 pose { orientation { x: 0.0267231334 y: -0.0594740026 z: -0.00246232725 w: 0.997869074 } position { x: -0.0223825146 y: 2.06778216 z: 0.0299999025 } }}, this= 0x20464eb2b80
[2025-05-23 15:04:44.923] [PSS] [info] [3128|24280]streaming_driver_interface_impl.cpp:87 SubmitViewFrames: submit view frames {view_texture_handles: 3221231170 view_texture_handles: 2147485058 pose { orientation { x: 0.0251935013 y: -0.0600824058 z: -0.00355005148 w: 0.997869134 } position { x: -0.0222620331 y: 2.06727123 z: 0.0301852 } }}, this= 0x20464eb2b80
[2025-05-23 15:04:44.933] [PSS] [info] [3128|24280]streaming_driver_interface_impl.cpp:87 SubmitViewFrames: submit view frames {view_texture_handles: 3221231170 view_texture_handles: 2147485058 pose { orientation { x: 0.0238657258 y: -0.0607056208 z: -0.00411527883 w: 0.997861862 } position { x: -0.0221374128 y: 2.06647491 z: 0.0303595439 } }}, this= 0x20464eb2b80
[2025-05-23 15:04:44.948] [PSS] [info] [3128|24280]streaming_driver_interface_impl.cpp:87 SubmitViewFrames: submit view frames {view_texture_handles: 3221231170 view_texture_handles: 2147485058 pose { orientation { x: 0.0225496404 y: -0.0609575 z: -0.00453126291 w: 0.997875333 } position { x: -0.0220181383 y: 2.06591654 z: 0.0304941516 } }}, this= 0x20464eb2b80
[2025-05-23 15:04:44.963] [PSS] [info] [3128|24280]streaming_driver_interface_impl.cpp:87 SubmitViewFrames: submit view frames {view_texture_handles: 3221231170 view_texture_handles: 2147485058 pose { orientation { x: 0.021385232 y: -0.0614222772 z: -0.00513697229 w: 0.997869551 } position { x: -0.0220388491 y: 2.066154 z: 0.0308970492 } }}, this= 0x20464eb2b80
[2025-05-23 15:04:44.976] [PSS] [info] [3128|24280]streaming_driver_interface_impl.cpp:87 SubmitViewFrames: submit view frames {view_texture_handles: 3221231170 view_texture_handles: 2147485058 pose { orientation { x: 0.0217942055 y: -0.0612197183 z: -0.00501164561 w: 0.997873783 } position { x: -0.0220850036 y: 2.06618619 z: 0.0309477914 } }}, this= 0x20464eb2b80
[2025-05-23 15:04:44.991] [PSS] [info] [3128|24280]streaming_driver_interface_impl.cpp:87 SubmitViewFrames: submit view frames {view_texture_handles: 3221231170 view_texture_handles: 2147485058 pose { orientation { x: 0.0228730701 y: -0.0607221685 z: -0.00478462409 w: 0.997881174 } position { x: -0.022354506 y: 2.06662226 z: 0.0312441103 } }}, this= 0x20464eb2b80
[2025-05-23 15:04:45.004] [PSS] [info] [3128|24280]streaming_driver_interface_impl.cpp:87 SubmitViewFrames: submit view frames {view_texture_handles: 3221231170 view_texture_handles: 2147485058 pose { orientation { x: 0.024741279 y: -0.0601641536 z: -0.00445384625 w: 0.997871876 } position { x: -0.0226583797 y: 2.06724548 z: 0.0313523784 } }}, this= 0x20464eb2b80
[2025-05-23 15:04:45.018] [PSS] [info] [3128|24280]streaming_driver_interface_impl.cpp:87 SubmitViewFrames: submit view frames {view_texture_handles: 3221231170 view_texture_handles: 2147485058 pose { orientation { x: 0.0271435808 y: -0.0594112 z: -0.003792729 w: 0.997857332 } position { x: -0.0229894239 y: 2.06764293 z: 0.0314501189 } }}, this= 0x20464eb2b80
[2025-05-23 15:04:45.031] [PSS] [info] [3128|24280]streaming_driver_interface_impl.cpp:87 SubmitViewFrames: submit view frames {view_texture_handles: 3221231170 view_texture_handles: 2147485058 pose { orientation { x: 0.0299388301 y: -0.0582502857 z: -0.00271863537 w: 0.997849286 } position { x: -0.0233687684 y: 2.06793714 z: 0.0315814801 } }}, this= 0x20464eb2b80
[2025-05-23 15:04:45.047] [PSS] [info] [3128|24280]streaming_driver_interface_impl.cpp:87 SubmitViewFrames: submit view frames {view_texture_handles: 3221231170 view_texture_handles: 2147485058 pose { orientation { x: 0.0354204699 y: -0.0556314588 z: -0.00160131231 w: 0.997821629 } position { x: -0.0240457393 y: 2.06837296 z: 0.0318131112 } }}, this= 0x20464eb2b80
[2025-05-23 15:04:45.059] [PSS] [info] [3128|24280]streaming_driver_interface_impl.cpp:87 SubmitViewFrames: submit view frames {view_texture_handles: 3221231170 view_texture_handles: 2147485058 pose { orientation { x: 0.0376145 y: -0.0541449375 z: -0.00117464061 w: 0.997823715 } position { x: -0.0241935626 y: 2.06869316 z: 0.0317613035 } }}, this= 0x20464eb2b80
[2025-05-23 15:04:45.075] [PSS] [info] [3128|24280]streaming_driver_interface_impl.cpp:87 SubmitViewFrames: submit view frames {view_texture_handles: 3221231170 view_texture_handles: 2147485058 pose { orientation { x: 0.0401034318 y: -0.052515354 z: -0.000580639695 w: 0.997814357 } position { x: -0.024366498 y: 2.06907082 z: 0.0316515416 } }}, this= 0x20464eb2b80
[2025-05-23 15:04:45.088] [PSS] [info] [3128|24280]streaming_driver_interface_impl.cpp:87 SubmitViewFrames: submit view frames {view_texture_handles: 3221231170 view_texture_handles: 2147485058 pose { orientation { x: 0.0415987559 y: -0.051442463 z: -0.000310533476 w: 0.997809172 } position { x: -0.024428796 y: 2.06926751 z: 0.0315864086 } }}, this= 0x20464eb2b80
[2025-05-23 15:04:45.103] [PSS] [info] [3128|24280]streaming_driver_interface_impl.cpp:87 SubmitViewFrames: submit view frames {view_texture_handles: 3221231170 view_texture_handles: 2147485058 pose { orientation { x: 0.0439529233 y: -0.0497783311 z: -0.000243597067 w: 0.997792661 } position { x: -0.0245642476 y: 2.06984353 z: 0.0311975926 } }}, this= 0x20464eb2b80
[2025-05-23 15:04:45.115] [PSS] [info] [3128|24280]streaming_driver_interface_impl.cpp:87 SubmitViewFrames: submit view frames {view_texture_handles: 3221231170 view_texture_handles: 2147485058 pose { orientation { x: 0.0445707776 y: -0.0494123213 z: -0.000141106138 w: 0.997783482 } position { x: -0.0246276055 y: 2.07006526 z: 0.030924147 } }}, this= 0x20464eb2b80
[2025-05-23 15:04:45.128] [PSS] [info] [3128|24280]streaming_driver_interface_impl.cpp:87 SubmitViewFrames: submit view frames {view_texture_handles: 3221231170 view_texture_handles: 2147485058 pose { orientation { x: 0.0448757485 y: -0.0491481684 z: 1.45924532e-05 w: 0.997782886 } position { x: -0.0247014798 y: 2.07026601 z: 0.0306627732 } }}, this= 0x20464eb2b80
[2025-05-23 15:04:45.143] [PSS] [info] [3128|24280]streaming_driver_interface_impl.cpp:87 SubmitViewFrames: submit view frames {view_texture_handles: 3221231170 view_texture_handles: 2147485058 pose { orientation { x: 0.0448086448 y: -0.0490974858 z: 0.000292902288 w: 0.99778837 } position { x: -0.0248000789 y: 2.07041144 z: 0.0303633455 } }}, this= 0x20464eb2b80
[2025-05-23 15:04:45.157] [PSS] [info] [3128|24280]streaming_driver_interface_impl.cpp:87 SubmitViewFrames: submit view frames {view_texture_handles: 3221231170 view_texture_handles: 2147485058 pose { orientation { x: 0.0442970879 y: -0.0491491035 z: 0.00064111856 w: 0.997808456 } position { x: -0.0248873476 y: 2.07048321 z: 0.0299817845 } }}, this= 0x20464eb2b80
[2025-05-23 15:04:45.172] [PSS] [info] [3128|24280]streaming_driver_interface_impl.cpp:87 SubmitViewFrames: submit view frames {view_texture_handles: 3221231170 view_texture_handles: 2147485058 pose { orientation { x: 0.0428895839 y: -0.0494898781 z: 0.00135098572 w: 0.997852385 } position { x: -0.0250938144 y: 2.07066727 z: 0.0293012355 } }}, this= 0x20464eb2b80
[2025-05-23 15:04:45.186] [PSS] [info] [3128|24280]streaming_driver_interface_impl.cpp:87 SubmitViewFrames: submit view frames {view_texture_handles: 3221231170 view_texture_handles: 2147485058 pose { orientation { x: 0.0421465561 y: -0.0496199578 z: 0.00173442939 w: 0.997877 } position { x: -0.0252175573 y: 2.07080269 z: 0.0289877113 } }}, this= 0x20464eb2b80
[2025-05-23 15:04:45.198] [PSS] [info] [3128|24280]streaming_driver_interface_impl.cpp:87 SubmitViewFrames: submit view frames {view_texture_handles: 3221231170 view_texture_handles: 2147485058 pose { orientation { x: 0.0413649566 y: -0.049834203 z: 0.00224742945 w: 0.997898042 } position { x: -0.025383085 y: 2.07093191 z: 0.0285254084 } }}, this= 0x20464eb2b80
[2025-05-23 15:04:45.214] [PSS] [info] [3128|24280]streaming_driver_interface_impl.cpp:87 SubmitViewFrames: submit view frames {view_texture_handles: 3221231170 view_texture_handles: 2147485058 pose { orientation { x: 0.0406531915 y: -0.049924057 z: 0.00282613863 w: 0.997921348 } position { x: -0.0255398825 y: 2.07097435 z: 0.0280784164 } }}, this= 0x20464eb2b80
[2025-05-23 15:04:45.226] [PSS] [info] [3128|24280]streaming_driver_interface_impl.cpp:87 SubmitViewFrames: submit view frames {view_texture_handles: 3221231170 view_texture_handles: 2147485058 pose { orientation { x: 0.0400421135 y: -0.0500568 z: 0.00333741982 w: 0.997937799 } position { x: -0.0256343819 y: 2.07099891 z: 0.0277459044 } }}, this= 0x20464eb2b80
[2025-05-23 15:04:45.241] [PSS] [info] [3128|24280]streaming_driver_interface_impl.cpp:87 SubmitViewFrames: submit view frames {view_texture_handles: 3221231170 view_texture_handles: 2147485058 pose { orientation { x: 0.0386415385 y: -0.050091628 z: 0.00409527356 w: 0.997988462 } position { x: -0.0257273056 y: 2.07074523 z: 0.0268275347 } }}, this= 0x20464eb2b80
[2025-05-23 15:04:45.252] [PSS] [info] [3128|24280]streaming_driver_interface_impl.cpp:87 SubmitViewFrames: submit view frames {view_texture_handles: 3221231170 view_texture_handles: 2147485058 pose { orientation { x: 0.0379633568 y: -0.0500400476 z: 0.0040106806 w: 0.998017371 } position { x: -0.025799552 y: 2.07060814 z: 0.0264034476 } }}, this= 0x20464eb2b80
[2025-05-23 15:04:45.268] [PSS] [info] [3128|24280]streaming_driver_interface_impl.cpp:87 SubmitViewFrames: submit view frames {view_texture_handles: 3221231170 view_texture_handles: 2147485058 pose { orientation { x: 0.0370557979 y: -0.0498965047 z: 0.00372030912 w: 0.998059809 } position { x: -0.0258311164 y: 2.07042861 z: 0.0259566754 } }}, this= 0x20464eb2b80
[2025-05-23 15:04:45.283] [PSS] [info] [3128|24280]streaming_driver_interface_impl.cpp:87 SubmitViewFrames: submit view frames {view_texture_handles: 3221231170 view_texture_handles: 2147485058 pose { orientation { x: 0.0361448377 y: -0.0496936254 z: 0.00324978982 w: 0.998105 } position { x: -0.0258582626 y: 2.07026505 z: 0.0256310478 } }}, this= 0x20464eb2b80
[2025-05-23 15:04:45.296] [PSS] [info] [3128|24280]streaming_driver_interface_impl.cpp:87 SubmitViewFrames: submit view frames {view_texture_handles: 3221231170 view_texture_handles: 2147485058 pose { orientation { x: 0.0350704305 y: -0.0495678969 z: 0.00277724233 w: 0.998151 } position { x: -0.0258813109 y: 2.07024932 z: 0.0252591111 } }}, this= 0x20464eb2b80
[2025-05-23 15:04:45.310] [PSS] [info] [3128|24280]streaming_driver_interface_impl.cpp:87 SubmitViewFrames: submit view frames {view_texture_handles: 3221231170 view_texture_handles: 2147485058 pose { orientation { x: 0.0328542404 y: -0.049382288 z: 0.00253271242 w: 0.998236239 } position { x: -0.0259354357 y: 2.07018924 z: 0.0248424783 } }}, this= 0x20464eb2b80
[2025-05-23 15:04:45.324] [PSS] [info] [3128|24280]streaming_driver_interface_impl.cpp:87 SubmitViewFrames: submit view frames {view_texture_handles: 3221231170 view_texture_handles: 2147485058 pose { orientation { x: 0.0317751765 y: -0.0492922254 z: 0.0027669142 w: 0.998275042 } position { x: -0.0259531811 y: 2.07016253 z: 0.0246832781 } }}, this= 0x20464eb2b80
[2025-05-23 15:04:45.338] [PSS] [info] [3128|24280]streaming_driver_interface_impl.cpp:87 SubmitViewFrames: submit view frames {view_texture_handles: 3221231170 view_texture_handles: 2147485058 pose { orientation { x: 0.0307673 y: -0.049346894 z: 0.00305913971 w: 0.998303056 } position { x: -0.025959935 y: 2.07007122 z: 0.0245763548 } }}, this= 0x20464eb2b80
[2025-05-23 15:04:45.350] [PSS] [info] [3128|24280]streaming_driver_interface_impl.cpp:87 SubmitViewFrames: submit view frames {view_texture_handles: 3221231170 view_texture_handles: 2147485058 pose { orientation { x: 0.0298843924 y: -0.0494753942 z: 0.00331141823 w: 0.998322666 } position { x: -0.0259894691 y: 2.06984138 z: 0.0244876277 } }}, this= 0x20464eb2b80
[2025-05-23 15:04:45.366] [PSS] [info] [3128|24280]streaming_driver_interface_impl.cpp:87 SubmitViewFrames: submit view frames {view_texture_handles: 3221231170 view_texture_handles: 2147485058 pose { orientation { x: 0.0283496566 y: -0.0497135036 z: 0.00319482386 w: 0.998356 } position { x: -0.0258474834 y: 2.06937885 z: 0.0244298968 } }}, this= 0x20464eb2b80
[2025-05-23 15:04:45.377] [PSS] [info] [3128|24280]streaming_driver_interface_impl.cpp:87 SubmitViewFrames: submit view frames {view_texture_handles: 3221231170 view_texture_handles: 2147485058 pose { orientation { x: 0.0283496566 y: -0.0497135036 z: 0.00319482386 w: 0.998356 } position { x: -0.0258474834 y: 2.06937885 z: 0.0244298968 } }}, this= 0x20464eb2b80
[2025-05-23 15:04:45.392] [PSS] [info] [3128|24280]streaming_driver_interface_impl.cpp:87 SubmitViewFrames: submit view frames {view_texture_handles: 3221231170 view_texture_handles: 2147485058 pose { orientation { x: 0.0272933748 y: -0.0500799976 z: 0.00219622883 w: 0.998369813 } position { x: -0.0255624577 y: 2.06927657 z: 0.0243369099 } }}, this= 0x20464eb2b80
[2025-05-23 15:04:45.405] [PSS] [info] [3128|24280]streaming_driver_interface_impl.cpp:87 SubmitViewFrames: submit view frames {view_texture_handles: 3221231170 view_texture_handles: 2147485058 pose { orientation { x: 0.0271749739 y: -0.0503612719 z: 0.00170816609 w: 0.998359859 } position { x: -0.0253958162 y: 2.0690794 z: 0.0243316907 } }}, this= 0x20464eb2b80
[2025-05-23 15:04:45.420] [PSS] [info] [3128|24280]streaming_driver_interface_impl.cpp:87 SubmitViewFrames: submit view frames {view_texture_handles: 3221231170 view_texture_handles: 2147485058 pose { orientation { x: 0.0270770807 y: -0.0507474653 z: 0.00105539116 w: 0.998343825 } position { x: -0.0252936669 y: 2.0688374 z: 0.0243501253 } }}, this= 0x20464eb2b80
[2025-05-23 15:04:45.433] [PSS] [info] [3128|24280]streaming_driver_interface_impl.cpp:87 SubmitViewFrames: submit view frames {view_texture_handles: 3221231170 view_texture_handles: 2147485058 pose { orientation { x: 0.027032949 y: -0.051073242 z: 0.000367554865 w: 0.998328924 } position { x: -0.0251512118 y: 2.06863427 z: 0.0244219862 } }}, this= 0x20464eb2b80
[2025-05-23 15:04:45.448] [PSS] [info] [3128|24280]streaming_driver_interface_impl.cpp:87 SubmitViewFrames: submit view frames {view_texture_handles: 3221231170 view_texture_handles: 2147485058 pose { orientation { x: 0.026997583 y: -0.0518805496 z: -0.00102919922 w: 0.998287797 } position { x: -0.024921177 y: 2.06842971 z: 0.0245461259 } }}, this= 0x20464eb2b80
[2025-05-23 15:04:45.460] [PSS] [info] [3128|24280]streaming_driver_interface_impl.cpp:87 SubmitViewFrames: submit view frames {view_texture_handles: 3221231170 view_texture_handles: 2147485058 pose { orientation { x: 0.026997583 y: -0.0518805496 z: -0.00102919922 w: 0.998287797 } position { x: -0.024921177 y: 2.06842971 z: 0.0245461259 } }}, this= 0x20464eb2b80
[2025-05-23 15:04:45.475] [PSS] [info] [3128|24280]streaming_driver_interface_impl.cpp:87 SubmitViewFrames: submit view frames {view_texture_handles: 3221231170 view_texture_handles: 2147485058 pose { orientation { x: 0.0272656716 y: -0.052561339 z: -0.00202359492 w: 0.998243332 } position { x: -0.0246524941 y: 2.06820655 z: 0.024711974 } }}, this= 0x20464eb2b80
[2025-05-23 15:04:45.490] [PSS] [info] [3128|24280]streaming_driver_interface_impl.cpp:87 SubmitViewFrames: submit view frames {view_texture_handles: 3221231170 view_texture_handles: 2147485058 pose { orientation { x: 0.0272915382 y: -0.0527778976 z: -0.0025435423 w: 0.99823004 } position { x: -0.0245430209 y: 2.06814814 z: 0.0248218626 } }}, this= 0x20464eb2b80
[2025-05-23 15:04:45.502] [PSS] [info] [3128|24280]streaming_driver_interface_impl.cpp:87 SubmitViewFrames: submit view frames {view_texture_handles: 3221231170 view_texture_handles: 2147485058 pose { orientation { x: 0.0273125842 y: -0.0530127846 z: -0.00279882434 w: 0.998216391 } position { x: -0.0244715698 y: 2.06809783 z: 0.0249741506 } }}, this= 0x20464eb2b80
[2025-05-23 15:04:45.518] [PSS] [info] [3128|24280]streaming_driver_interface_impl.cpp:87 SubmitViewFrames: submit view frames {view_texture_handles: 3221231170 view_texture_handles: 2147485058 pose { orientation { x: 0.0274034552 y: -0.0531904399 z: -0.00303290971 w: 0.998203754 } position { x: -0.0244181119 y: 2.06800032 z: 0.0251474511 } }}, this= 0x20464eb2b80
[2025-05-23 15:04:45.531] [PSS] [info] [3128|24280]streaming_driver_interface_impl.cpp:87 SubmitViewFrames: submit view frames {view_texture_handles: 3221231170 view_texture_handles: 2147485058 pose { orientation { x: 0.0273886267 y: -0.0532991663 z: -0.00315340376 w: 0.998198 } position { x: -0.024439564 y: 2.06800485 z: 0.0253590345 } }}, this= 0x20464eb2b80
[2025-05-23 15:04:45.544] [PSS] [info] [3128|24280]streaming_driver_interface_impl.cpp:87 SubmitViewFrames: submit view frames {view_texture_handles: 3221231170 view_texture_handles: 2147485058 pose { orientation { x: 0.0276210215 y: -0.0536139309 z: -0.0030444751 w: 0.998175 } position { x: -0.0243694186 y: 2.06809831 z: 0.0256378874 } }}, this= 0x20464eb2b80
[2025-05-23 15:04:45.559] [PSS] [info] [3128|24280]streaming_driver_interface_impl.cpp:87 SubmitViewFrames: submit view frames {view_texture_handles: 3221231170 view_texture_handles: 2147485058 pose { orientation { x: 0.027590327 y: -0.0535365641 z: -0.00248485641 w: 0.998181581 } position { x: -0.0243248716 y: 2.06812954 z: 0.0257694051 } }}, this= 0x20464eb2b80
[2025-05-23 15:04:45.574] [PSS] [info] [3128|24280]streaming_driver_interface_impl.cpp:87 SubmitViewFrames: submit view frames {view_texture_handles: 3221231170 view_texture_handles: 2147485058 pose { orientation { x: 0.0283412151 y: -0.0539292544 z: -0.00181956613 w: 0.998140812 } position { x: -0.0243469384 y: 2.06800961 z: 0.026297383 } }}, this= 0x20464eb2b80
[2025-05-23 15:04:45.587] [PSS] [info] [3128|24280]streaming_driver_interface_impl.cpp:87 SubmitViewFrames: submit view frames {view_texture_handles: 3221231170 view_texture_handles: 2147485058 pose { orientation { x: 0.028672047 y: -0.0540473051 z: -0.00170968543 w: 0.998125196 } position { x: -0.024344502 y: 2.06805182 z: 0.0264473 } }}, this= 0x20464eb2b80
[2025-05-23 15:04:45.602] [PSS] [info] [3128|24280]streaming_driver_interface_impl.cpp:87 SubmitViewFrames: submit view frames {view_texture_handles: 3221231170 view_texture_handles: 2147485058 pose { orientation { x: 0.0291070063 y: -0.05409275 z: -0.00149817078 w: 0.998110473 } position { x: -0.0242821611 y: 2.06812429 z: 0.0266746506 } }}, this= 0x20464eb2b80
[2025-05-23 15:04:45.614] [PSS] [info] [3128|24280]streaming_driver_interface_impl.cpp:87 SubmitViewFrames: submit view frames {view_texture_handles: 3221231170 view_texture_handles: 2147485058 pose { orientation { x: 0.0294783637 y: -0.0541162714 z: -0.00127044518 w: 0.998098612 } position { x: -0.0242284108 y: 2.06812048 z: 0.0268747378 } }}, this= 0x20464eb2b80
[2025-05-23 15:04:45.627] [PSS] [info] [3128|24280]streaming_driver_interface_impl.cpp:87 SubmitViewFrames: submit view frames {view_texture_handles: 3221231170 view_texture_handles: 2147485058 pose { orientation { x: 0.0298920795 y: -0.0542204194 z: -0.00117258553 w: 0.99808079 } position { x: -0.0241340268 y: 2.06812119 z: 0.0270356 } }}, this= 0x20464eb2b80
[2025-05-23 15:04:45.642] [PSS] [info] [3128|24280]streaming_driver_interface_impl.cpp:87 SubmitViewFrames: submit view frames {view_texture_handles: 3221231170 view_texture_handles: 2147485058 pose { orientation { x: 0.030307753 y: -0.0545046441 z: -0.00134420709 w: 0.998052537 } position { x: -0.0240508709 y: 2.06805277 z: 0.0271761771 } }}, this= 0x20464eb2b80
[2025-05-23 15:04:45.654] [PSS] [info] [3128|24280]streaming_driver_interface_impl.cpp:87 SubmitViewFrames: submit view frames {view_texture_handles: 3221231170 view_texture_handles: 2147485058 pose { orientation { x: 0.0306479 y: -0.0548723117 z: -0.0017212868 w: 0.998021424 } position { x: -0.0240166336 y: 2.06805944 z: 0.0272964127 } }}, this= 0x20464eb2b80
[2025-05-23 15:04:45.669] [PSS] [info] [3128|24280]streaming_driver_interface_impl.cpp:87 SubmitViewFrames: submit view frames {view_texture_handles: 3221231170 view_texture_handles: 2147485058 pose { orientation { x: 0.0308996849 y: -0.0552448332 z: -0.00215700525 w: 0.997992277 } position { x: -0.0239428449 y: 2.06813693 z: 0.0273714531 } }}, this= 0x20464eb2b80
[2025-05-23 15:04:45.684] [PSS] [info] [3128|24280]streaming_driver_interface_impl.cpp:87 SubmitViewFrames: submit view frames {view_texture_handles: 3221231170 view_texture_handles: 2147485058 pose { orientation { x: 0.0311708208 y: -0.0555882156 z: -0.00242522126 w: 0.997964144 } position { x: -0.0239028726 y: 2.06818628 z: 0.0274393838 } }}, this= 0x20464eb2b80
[2025-05-23 15:04:45.696] [PSS] [info] [3128|24280]streaming_driver_interface_impl.cpp:87 SubmitViewFrames: submit view frames {view_texture_handles: 3221231170 view_texture_handles: 2147485058 pose { orientation { x: 0.0314091928 y: -0.0559827201 z: -0.00262127817 w: 0.997934163 } position { x: -0.0239177179 y: 2.06824851 z: 0.0274664592 } }}, this= 0x20464eb2b80
[2025-05-23 15:04:45.711] [PSS] [info] [3128|24280]streaming_driver_interface_impl.cpp:87 SubmitViewFrames: submit view frames {view_texture_handles: 3221231170 view_texture_handles: 2147485058 pose { orientation { x: 0.0316768438 y: -0.0562805086 z: -0.00275334786 w: 0.997908592 } position { x: -0.0239918847 y: 2.06829023 z: 0.0274160057 } }}, this= 0x20464eb2b80
[2025-05-23 15:04:45.727] [PSS] [info] [3128|24280]streaming_driver_interface_impl.cpp:87 SubmitViewFrames: submit view frames {view_texture_handles: 3221231170 view_texture_handles: 2147485058 pose { orientation { x: 0.0320606418 y: -0.0564890057 z: -0.00322842598 w: 0.997883141 } position { x: -0.0240688659 y: 2.06827164 z: 0.02717622 } }}, this= 0x20464eb2b80
[2025-05-23 15:04:45.738] [PSS] [info] [3128|24280]streaming_driver_interface_impl.cpp:87 SubmitViewFrames: submit view frames {view_texture_handles: 3221231170 view_texture_handles: 2147485058 pose { orientation { x: 0.0319890156 y: -0.0562643707 z: -0.00342964358 w: 0.997897446 } position { x: -0.0240350366 y: 2.06816101 z: 0.0270469263 } }}, this= 0x20464eb2b80
[2025-05-23 15:04:45.753] [PSS] [info] [3128|24280]streaming_driver_interface_impl.cpp:87 SubmitViewFrames: submit view frames {view_texture_handles: 3221231170 view_texture_handles: 2147485058 pose { orientation { x: 0.0316058882 y: -0.0561175421 z: -0.00363033591 w: 0.997917175 } position { x: -0.0240142737 y: 2.06803489 z: 0.0270139948 } }}, this= 0x20464eb2b80
[2025-05-23 15:04:45.766] [PSS] [info] [3128|24280]streaming_driver_interface_impl.cpp:87 SubmitViewFrames: submit view frames {view_texture_handles: 3221231170 view_texture_handles: 2147485058 pose { orientation { x: 0.0308667868 y: -0.0559656881 z: -0.00381715898 w: 0.99794817 } position { x: -0.0240284707 y: 2.06792378 z: 0.0270166826 } }}, this= 0x20464eb2b80
[2025-05-23 15:04:45.781] [PSS] [info] [3128|24280]streaming_driver_interface_impl.cpp:87 SubmitViewFrames: submit view frames {view_texture_handles: 3221231170 view_texture_handles: 2147485058 pose { orientation { x: 0.0300059877 y: -0.0558406077 z: -0.00392708 w: 0.997981 } position { x: -0.0240601711 y: 2.06793857 z: 0.0270243846 } }}, this= 0x20464eb2b80
[2025-05-23 15:04:45.795] [PSS] [info] [3128|24280]streaming_driver_interface_impl.cpp:87 SubmitViewFrames: submit view frames {view_texture_handles: 3221231170 view_texture_handles: 2147485058 pose { orientation { x: 0.029264167 y: -0.0559037589 z: -0.00386742 w: 0.997999728 } position { x: -0.0241159741 y: 2.06806517 z: 0.0270339 } }}, this= 0x20464eb2b80
[2025-05-23 15:04:45.808] [PSS] [info] [3128|24280]streaming_driver_interface_impl.cpp:87 SubmitViewFrames: submit view frames {view_texture_handles: 3221231170 view_texture_handles: 2147485058 pose { orientation { x: 0.0286968816 y: -0.0559561923 z: -0.00351734785 w: 0.998014569 } position { x: -0.0242244266 y: 2.0682776 z: 0.0270531848 } }}, this= 0x20464eb2b80
[2025-05-23 15:04:45.823] [PSS] [info] [3128|24280]streaming_driver_interface_impl.cpp:87 SubmitViewFrames: submit view frames {view_texture_handles: 3221231170 view_texture_handles: 2147485058 pose { orientation { x: 0.028518524 y: -0.0560334064 z: -0.00320349447 w: 0.998016417 } position { x: -0.0244009886 y: 2.06835961 z: 0.0269627851 } }}, this= 0x20464eb2b80
[2025-05-23 15:04:45.836] [PSS] [info] [3128|24280]streaming_driver_interface_impl.cpp:87 SubmitViewFrames: submit view frames {view_texture_handles: 3221231170 view_texture_handles: 2147485058 pose { orientation { x: 0.0286161285 y: -0.0562092662 z: -0.00283302669 w: 0.998004794 } position { x: -0.0245959442 y: 2.06855536 z: 0.026915729 } }}, this= 0x20464eb2b80
[2025-05-23 15:04:45.852] [PSS] [info] [3128|24280]streaming_driver_interface_impl.cpp:87 SubmitViewFrames: submit view frames {view_texture_handles: 3221231170 view_texture_handles: 2147485058 pose { orientation { x: 0.0290066879 y: -0.0560783148 z: -0.00257927 w: 0.998001575 } position { x: -0.0247142706 y: 2.06865954 z: 0.0267835222 } }}, this= 0x20464eb2b80
[2025-05-23 15:04:45.864] [PSS] [info] [3128|24280]streaming_driver_interface_impl.cpp:87 SubmitViewFrames: submit view frames {view_texture_handles: 3221231170 view_texture_handles: 2147485058 pose { orientation { x: 0.0294574797 y: -0.0557525866 z: -0.00221656472 w: 0.998007536 } position { x: -0.0247817952 y: 2.06864643 z: 0.0266164914 } }}, this= 0x20464eb2b80
[2025-05-23 15:04:45.879] [PSS] [info] [3128|24280]streaming_driver_interface_impl.cpp:87 SubmitViewFrames: submit view frames {view_texture_handles: 3221231170 view_texture_handles: 2147485058 pose { orientation { x: 0.0297846962 y: -0.0553148091 z: -0.00210826262 w: 0.998022377 } position { x: -0.0248370524 y: 2.06846523 z: 0.0264625214 } }}, this= 0x20464eb2b80
[2025-05-23 15:04:45.892] [PSS] [info] [3128|24280]streaming_driver_interface_impl.cpp:87 SubmitViewFrames: submit view frames {view_texture_handles: 3221231170 view_texture_handles: 2147485058 pose { orientation { x: 0.0299057569 y: -0.05489555 z: -0.00238240021 w: 0.998041332 } position { x: -0.0248036906 y: 2.06828403 z: 0.0262725409 } }}, this= 0x20464eb2b80
[2025-05-23 15:04:45.907] [PSS] [info] [3128|24280]streaming_driver_interface_impl.cpp:87 SubmitViewFrames: submit view frames {view_texture_handles: 3221231170 view_texture_handles: 2147485058 pose { orientation { x: 0.0298353136 y: -0.0545756854 z: -0.00296322047 w: 0.998059452 } position { x: -0.0247263107 y: 2.06812167 z: 0.0260702167 } }}, this= 0x20464eb2b80
[2025-05-23 15:04:45.919] [PSS] [info] [3128|24280]streaming_driver_interface_impl.cpp:87 SubmitViewFrames: submit view frames {view_texture_handles: 3221231170 view_texture_handles: 2147485058 pose { orientation { x: 0.0295107495 y: -0.0544080772 z: -0.00359326135 w: 0.998076141 } position { x: -0.0246389154 y: 2.06804252 z: 0.025809532 } }}, this= 0x20464eb2b80
[2025-05-23 15:04:45.939] [PSS] [info] [3128|24280]streaming_driver_interface_impl.cpp:87 SubmitViewFrames: submit view frames {view_texture_handles: 3221231170 view_texture_handles: 2147485058 pose { orientation { x: 0.0290851723 y: -0.0542829446 z: -0.00405062828 w: 0.998093724 } position { x: -0.0245582927 y: 2.06803679 z: 0.0255496707 } }}, this= 0x20464eb2b80
[2025-05-23 15:04:45.948] [PSS] [info] [3128|24280]streaming_driver_interface_impl.cpp:87 SubmitViewFrames: submit view frames {view_texture_handles: 3221231170 view_texture_handles: 2147485058 pose { orientation { x: 0.0285232924 y: -0.0543215163 z: -0.00427733641 w: 0.998106897 } position { x: -0.0245141033 y: 2.06794572 z: 0.0252953842 } }}, this= 0x20464eb2b80
[2025-05-23 15:04:45.961] [PSS] [info] [3128|24280]streaming_driver_interface_impl.cpp:87 SubmitViewFrames: submit view frames {view_texture_handles: 3221231170 view_texture_handles: 2147485058 pose { orientation { x: 0.0277073048 y: -0.0543297268 z: -0.00439401483 w: 0.998128891 } position { x: -0.024469126 y: 2.06778598 z: 0.0250406917 } }}, this= 0x20464eb2b80
[2025-05-23 15:04:45.976] [PSS] [info] [3128|24280]streaming_driver_interface_impl.cpp:87 SubmitViewFrames: submit view frames {view_texture_handles: 3221231170 view_texture_handles: 2147485058 pose { orientation { x: 0.0266762394 y: -0.0542592891 z: -0.00448503159 w: 0.998160422 } position { x: -0.0244895611 y: 2.06760764 z: 0.0248514 } }}, this= 0x20464eb2b80
[2025-05-23 15:04:45.988] [PSS] [info] [3128|24280]streaming_driver_interface_impl.cpp:87 SubmitViewFrames: submit view frames {view_texture_handles: 3221231170 view_texture_handles: 2147485058 pose { orientation { x: 0.0256038494 y: -0.0540785566 z: -0.0044801319 w: 0.99819833 } position { x: -0.0245426744 y: 2.06747627 z: 0.0247031152 } }}, this= 0x20464eb2b80
[2025-05-23 15:04:46.003] [PSS] [info] [3128|24280]streaming_driver_interface_impl.cpp:87 SubmitViewFrames: submit view frames {view_texture_handles: 3221231170 view_texture_handles: 2147485058 pose { orientation { x: 0.0245239455 y: -0.0537501723 z: -0.0042413692 w: 0.998244226 } position { x: -0.0245571304 y: 2.06745481 z: 0.0245979894 } }}, this= 0x20464eb2b80
[2025-05-23 15:04:46.017] [PSS] [info] [3128|24280]streaming_driver_interface_impl.cpp:87 SubmitViewFrames: submit view frames {view_texture_handles: 3221231170 view_texture_handles: 2147485058 pose { orientation { x: 0.0237534866 y: -0.0533073097 z: -0.00378344324 w: 0.998288453 } position { x: -0.024551956 y: 2.06739759 z: 0.0245927684 } }}, this= 0x20464eb2b80
[2025-05-23 15:04:46.032] [PSS] [info] [3128|24280]streaming_driver_interface_impl.cpp:87 SubmitViewFrames: submit view frames {view_texture_handles: 3221231170 view_texture_handles: 2147485058 pose { orientation { x: 0.023140315 y: -0.0530816354 z: -0.00351941562 w: 0.998315811 } position { x: -0.0245495625 y: 2.06740952 z: 0.0246159546 } }}, this= 0x20464eb2b80
[2025-05-23 15:04:46.045] [PSS] [info] [3128|24280]streaming_driver_interface_impl.cpp:87 SubmitViewFrames: submit view frames {view_texture_handles: 3221231170 view_texture_handles: 2147485058 pose { orientation { x: 0.0229552835 y: -0.0531251095 z: -0.00313839433 w: 0.998319089 } position { x: -0.0244278312 y: 2.06748509 z: 0.0246628672 } }}, this= 0x20464eb2b80
[2025-05-23 15:04:46.057] [PSS] [info] [3128|24280]streaming_driver_interface_impl.cpp:87 SubmitViewFrames: submit view frames {view_texture_handles: 3221231170 view_texture_handles: 2147485058 pose { orientation { x: 0.0231277011 y: -0.0533056296 z: -0.0027840957 w: 0.998306513 } position { x: -0.0243185461 y: 2.06744432 z: 0.0246887207 } }}, this= 0x20464eb2b80
[2025-05-23 15:04:46.072] [PSS] [info] [3128|24280]streaming_driver_interface_impl.cpp:87 SubmitViewFrames: submit view frames {view_texture_handles: 3221231170 view_texture_handles: 2147485058 pose { orientation { x: 0.023559032 y: -0.0537037589 z: -0.00277741486 w: 0.998275101 } position { x: -0.0242386609 y: 2.06726623 z: 0.0246649608 } }}, this= 0x20464eb2b80
[2025-05-23 15:04:46.087] [PSS] [info] [3128|24280]streaming_driver_interface_impl.cpp:87 SubmitViewFrames: submit view frames {view_texture_handles: 3221231170 view_texture_handles: 2147485058 pose { orientation { x: 0.0241143964 y: -0.0540603846 z: -0.00327730109 w: 0.998241067 } position { x: -0.0241382252 y: 2.06701803 z: 0.0246039424 } }}, this= 0x20464eb2b80
[2025-05-23 15:04:46.100] [PSS] [info] [3128|24280]streaming_driver_interface_impl.cpp:87 SubmitViewFrames: submit view frames {view_texture_handles: 3221231170 view_texture_handles: 2147485058 pose { orientation { x: 0.0249015596 y: -0.0543525666 z: -0.00440587569 w: 0.998201549 } position { x: -0.0240973346 y: 2.06690717 z: 0.024411507 } }}, this= 0x20464eb2b80
[2025-05-23 15:04:46.115] [PSS] [info] [3128|24280]streaming_driver_interface_impl.cpp:87 SubmitViewFrames: submit view frames {view_texture_handles: 3221231170 view_texture_handles: 2147485058 pose { orientation { x: 0.0259768106 y: -0.0546276309 z: -0.00592284836 w: 0.998151302 } position { x: -0.0240406636 y: 2.06692481 z: 0.0240503419 } }}, this= 0x20464eb2b80
[2025-05-23 15:04:46.127] [PSS] [info] [3128|24280]streaming_driver_interface_impl.cpp:87 SubmitViewFrames: submit view frames {view_texture_handles: 3221231170 view_texture_handles: 2147485058 pose { orientation { x: 0.0271145888 y: -0.0546288677 z: -0.00735647231 w: 0.998111427 } position { x: -0.024062369 y: 2.06690812 z: 0.0237047784 } }}, this= 0x20464eb2b80
[2025-05-23 15:04:46.143] [PSS] [info] [3128|24280]streaming_driver_interface_impl.cpp:87 SubmitViewFrames: submit view frames {view_texture_handles: 3221231170 view_texture_handles: 2147485058 pose { orientation { x: 0.0280860066 y: -0.0544997826 z: -0.00888135936 w: 0.99807924 } position { x: -0.0240250677 y: 2.06689095 z: 0.0231256075 } }}, this= 0x20464eb2b80
[2025-05-23 15:04:46.156] [PSS] [info] [3128|24280]streaming_driver_interface_impl.cpp:87 SubmitViewFrames: submit view frames {view_texture_handles: 3221231170 view_texture_handles: 2147485058 pose { orientation { x: 0.0285083186 y: -0.0539719649 z: -0.0100581758 w: 0.998084724 } position { x: -0.024151098 y: 2.06689048 z: 0.0228331331 } }}, this= 0x20464eb2b80
[2025-05-23 15:04:46.171] [PSS] [info] [3128|24280]streaming_driver_interface_impl.cpp:87 SubmitViewFrames: submit view frames {view_texture_handles: 3221231170 view_texture_handles: 2147485058 pose { orientation { x: 0.0287698 y: -0.0534143895 z: -0.0109817153 w: 0.998097479 } position { x: -0.0242383182 y: 2.0669024 z: 0.0222647041 } }}, this= 0x20464eb2b80
[2025-05-23 15:04:46.184] [PSS] [info] [3128|24280]streaming_driver_interface_impl.cpp:87 SubmitViewFrames: submit view frames {view_texture_handles: 3221231170 view_texture_handles: 2147485058 pose { orientation { x: 0.0288209822 y: -0.0528252944 z: -0.0116322413 w: 0.99812 } position { x: -0.0243861247 y: 2.0669024 z: 0.0216653347 } }}, this= 0x20464eb2b80
[2025-05-23 15:04:46.199] [PSS] [info] [3128|24280]streaming_driver_interface_impl.cpp:87 SubmitViewFrames: submit view frames {view_texture_handles: 3221231170 view_texture_handles: 2147485058 pose { orientation { x: 0.0286583658 y: -0.0520349555 z: -0.012221843 w: 0.99815917 } position { x: -0.0246626679 y: 2.06684518 z: 0.0210194141 } }}, this= 0x20464eb2b80
[2025-05-23 15:04:46.211] [PSS] [info] [3128|24280]streaming_driver_interface_impl.cpp:87 SubmitViewFrames: submit view frames {view_texture_handles: 3221231170 view_texture_handles: 2147485058 pose { orientation { x: 0.027986085 y: -0.0509836525 z: -0.0123739112 w: 0.998230577 } position { x: -0.0249982923 y: 2.06680679 z: 0.02041924 } }}, this= 0x20464eb2b80
[2025-05-23 15:04:46.226] [PSS] [info] [3128|24280]streaming_driver_interface_impl.cpp:87 SubmitViewFrames: submit view frames {view_texture_handles: 3221231170 view_texture_handles: 2147485058 pose { orientation { x: 0.0268004816 y: -0.0496121198 z: -0.011769278 w: 0.998339593 } position { x: -0.0253808182 y: 2.06673646 z: 0.0199964847 } }}, this= 0x20464eb2b80
[2025-05-23 15:04:46.238] [PSS] [info] [3128|24280]streaming_driver_interface_impl.cpp:87 SubmitViewFrames: submit view frames {view_texture_handles: 3221231170 view_texture_handles: 2147485058 pose { orientation { x: 0.0250618476 y: -0.0480109639 z: -0.010298362 w: 0.998479247 } position { x: -0.025804583 y: 2.0667181 z: 0.019589033 } }}, this= 0x20464eb2b80
[2025-05-23 15:04:46.253] [PSS] [info] [3128|24280]streaming_driver_interface_impl.cpp:87 SubmitViewFrames: submit view frames {view_texture_handles: 3221231170 view_texture_handles: 2147485058 pose { orientation { x: 0.0231497362 y: -0.0462933667 z: -0.00855750497 w: 0.998622954 } position { x: -0.026226202 y: 2.06690693 z: 0.0192040987 } }}, this= 0x20464eb2b80
[2025-05-23 15:04:46.266] [PSS] [info] [3128|24280]streaming_driver_interface_impl.cpp:87 SubmitViewFrames: submit view frames {view_texture_handles: 3221231170 view_texture_handles: 2147485058 pose { orientation { x: 0.0217932891 y: -0.0450974219 z: -0.00651255 w: 0.998723626 } position { x: -0.0266651586 y: 2.0670886 z: 0.0188272893 } }}, this= 0x20464eb2b80
[2025-05-23 15:04:46.281] [PSS] [info] [3128|24280]streaming_driver_interface_impl.cpp:87 SubmitViewFrames: submit view frames {view_texture_handles: 3221231170 view_texture_handles: 2147485058 pose { orientation { x: 0.0207036827 y: -0.0438837186 z: -0.00434608385 w: 0.998812616 } position { x: -0.0270813219 y: 2.06713295 z: 0.0185349565 } }}, this= 0x20464eb2b80
[2025-05-23 15:04:46.293] [PSS] [info] [3128|24280]streaming_driver_interface_impl.cpp:87 SubmitViewFrames: submit view frames {view_texture_handles: 3221231170 view_texture_handles: 2147485058 pose { orientation { x: 0.0194750354 y: -0.0426869504 z: -0.00236176653 w: 0.998895884 } position { x: -0.0274262819 y: 2.06703043 z: 0.0181910582 } }}, this= 0x20464eb2b80
[2025-05-23 15:04:46.308] [PSS] [info] [3128|24280]streaming_driver_interface_impl.cpp:87 SubmitViewFrames: submit view frames {view_texture_handles: 3221231170 view_texture_handles: 2147485058 pose { orientation { x: 0.0181414951 y: -0.0415575169 z: -0.000877631421 w: 0.998971045 } position { x: -0.0276971906 y: 2.06696343 z: 0.0179617181 } }}, this= 0x20464eb2b80
[2025-05-23 15:04:46.323] [PSS] [info] [3128|24280]streaming_driver_interface_impl.cpp:87 SubmitViewFrames: submit view frames {view_texture_handles: 3221231170 view_texture_handles: 2147485058 pose { orientation { x: 0.0168171208 y: -0.0403518938 z: 0.000156272494 w: 0.999044 } position { x: -0.0278876163 y: 2.06692886 z: 0.017816 } }}, this= 0x20464eb2b80
[2025-05-23 15:04:46.335] [PSS] [info] [3128|24280]streaming_driver_interface_impl.cpp:87 SubmitViewFrames: submit view frames {view_texture_handles: 3221231170 view_texture_handles: 2147485058 pose { orientation { x: 0.0157243963 y: -0.0392654799 z: 0.000675999443 w: 0.999104857 } position { x: -0.0280142911 y: 2.06694698 z: 0.0177577119 } }}, this= 0x20464eb2b80
[2025-05-23 15:04:46.350] [PSS] [info] [3128|24280]streaming_driver_interface_impl.cpp:87 SubmitViewFrames: submit view frames {view_texture_handles: 3221231170 view_texture_handles: 2147485058 pose { orientation { x: 0.0149123492 y: -0.0385413058 z: 0.000812601473 w: 0.999145448 } position { x: -0.0281127263 y: 2.06709862 z: 0.0178029425 } }}, this= 0x20464eb2b80
[2025-05-23 15:04:46.363] [PSS] [info] [3128|24280]streaming_driver_interface_impl.cpp:87 SubmitViewFrames: submit view frames {view_texture_handles: 3221231170 view_texture_handles: 2147485058 pose { orientation { x: 0.0145473 y: -0.0382360369 z: 0.000815860636 w: 0.999162495 } position { x: -0.0280435104 y: 2.0673604 z: 0.0178143866 } }}, this= 0x20464eb2b80
[2025-05-23 15:04:46.378] [PSS] [info] [3128|24280]streaming_driver_interface_impl.cpp:87 SubmitViewFrames: submit view frames {view_texture_handles: 3221231170 view_texture_handles: 2147485058 pose { orientation { x: 0.0145411855 y: -0.0383979604 z: 0.00046466809 w: 0.999156594 } position { x: -0.0279431548 y: 2.0677042 z: 0.0179028548 } }}, this= 0x20464eb2b80
[2025-05-23 15:04:46.393] [PSS] [info] [3128|24280]streaming_driver_interface_impl.cpp:87 SubmitViewFrames: submit view frames {view_texture_handles: 3221231170 view_texture_handles: 2147485058 pose { orientation { x: 0.0148478681 y: -0.0389795676 z: -0.000216440545 w: 0.999129653 } position { x: -0.0277645551 y: 2.0680294 z: 0.0179671012 } }}, this= 0x20464eb2b80
[2025-05-23 15:04:46.405] [PSS] [info] [3128|24280]streaming_driver_interface_impl.cpp:87 SubmitViewFrames: submit view frames {view_texture_handles: 3221231170 view_texture_handles: 2147485058 pose { orientation { x: 0.0154961729 y: -0.0399958603 z: -0.00109407888 w: 0.999079108 } position { x: -0.0275641736 y: 2.06831741 z: 0.0181361642 } }}, this= 0x20464eb2b80
[2025-05-23 15:04:46.420] [PSS] [info] [3128|24280]streaming_driver_interface_impl.cpp:87 SubmitViewFrames: submit view frames {view_texture_handles: 3221231170 view_texture_handles: 2147485058 pose { orientation { x: 0.0161830485 y: -0.0413597375 z: -0.00200396613 w: 0.999011278 } position { x: -0.0274096485 y: 2.06860876 z: 0.0182956513 } }}, this= 0x20464eb2b80
[2025-05-23 15:04:46.432] [PSS] [info] [3128|24280]streaming_driver_interface_impl.cpp:87 SubmitViewFrames: submit view frames {view_texture_handles: 3221231170 view_texture_handles: 2147485058 pose { orientation { x: 0.0169449765 y: -0.042818781 z: -0.00280363252 w: 0.998935223 } position { x: -0.0271351784 y: 2.06890512 z: 0.0185217727 } }}, this= 0x20464eb2b80
[2025-05-23 15:04:46.448] [PSS] [info] [3128|24280]streaming_driver_interface_impl.cpp:87 SubmitViewFrames: submit view frames {view_texture_handles: 3221231170 view_texture_handles: 2147485058 pose { orientation { x: 0.01765633 y: -0.0444658957 z: -0.00333397952 w: 0.998849332 } position { x: -0.0268438905 y: 2.06922603 z: 0.0188090038 } }}, this= 0x20464eb2b80
[2025-05-23 15:04:46.460] [PSS] [info] [3128|24280]streaming_driver_interface_impl.cpp:87 SubmitViewFrames: submit view frames {view_texture_handles: 3221231170 view_texture_handles: 2147485058 pose { orientation { x: 0.0186477 y: -0.0465828292 z: -0.00389002 w: 0.998732805 } position { x: -0.0265203863 y: 2.06948662 z: 0.0190484729 } }}, this= 0x20464eb2b80
[2025-05-23 15:04:46.476] [PSS] [info] [3128|24280]streaming_driver_interface_impl.cpp:87 SubmitViewFrames: submit view frames {view_texture_handles: 3221231170 view_texture_handles: 2147485058 pose { orientation { x: 0.0198204499 y: -0.048771441 z: -0.00461006537 w: 0.998602629 } position { x: -0.026213605 y: 2.06971931 z: 0.0191382729 } }}, this= 0x20464eb2b80
[2025-05-23 15:04:46.488] [PSS] [info] [3128|24280]streaming_driver_interface_impl.cpp:87 SubmitViewFrames: submit view frames {view_texture_handles: 3221231170 view_texture_handles: 2147485058 pose { orientation { x: 0.0210577305 y: -0.0510443859 z: -0.00570254633 w: 0.998458087 } position { x: -0.0259362627 y: 2.06995845 z: 0.0191933718 } }}, this= 0x20464eb2b80
[2025-05-23 15:04:46.503] [PSS] [info] [3128|24280]streaming_driver_interface_impl.cpp:87 SubmitViewFrames: submit view frames {view_texture_handles: 3221231170 view_texture_handles: 2147485058 pose { orientation { x: 0.0219911505 y: -0.0528201275 z: -0.00665948587 w: 0.998339653 } position { x: -0.0255913418 y: 2.07021928 z: 0.0192951746 } }}, this= 0x20464eb2b80
[2025-05-23 15:04:46.518] [PSS] [info] [3128|24280]streaming_driver_interface_impl.cpp:87 SubmitViewFrames: submit view frames {view_texture_handles: 3221231170 view_texture_handles: 2147485058 pose { orientation { x: 0.0226144474 y: -0.0543536022 z: -0.00721988175 w: 0.998239517 } position { x: -0.025205113 y: 2.07049179 z: 0.019394787 } }}, this= 0x20464eb2b80
[2025-05-23 15:04:46.530] [PSS] [info] [3128|24280]streaming_driver_interface_impl.cpp:87 SubmitViewFrames: submit view frames {view_texture_handles: 3221231170 view_texture_handles: 2147485058 pose { orientation { x: 0.023332689 y: -0.0559363663 z: -0.00747219194 w: 0.998133719 } position { x: -0.0248574689 y: 2.0705936 z: 0.0194541868 } }}, this= 0x20464eb2b80
[2025-05-23 15:04:46.545] [PSS] [info] [3128|24280]streaming_driver_interface_impl.cpp:87 SubmitViewFrames: submit view frames {view_texture_handles: 3221231170 view_texture_handles: 2147485058 pose { orientation { x: 0.023699848 y: -0.0571833961 z: -0.00788207632 w: 0.998051226 } position { x: -0.0245031882 y: 2.07046604 z: 0.019482566 } }}, this= 0x20464eb2b80
[2025-05-23 15:04:46.558] [PSS] [info] [3128|24280]streaming_driver_interface_impl.cpp:87 SubmitViewFrames: submit view frames {view_texture_handles: 3221231170 view_texture_handles: 2147485058 pose { orientation { x: 0.0236799326 y: -0.0580129288 z: -0.00868324284 w: 0.997997224 } position { x: -0.0241248365 y: 2.07038832 z: 0.0195531845 } }}, this= 0x20464eb2b80
[2025-05-23 15:04:46.573] [PSS] [info] [3128|24280]streaming_driver_interface_impl.cpp:87 SubmitViewFrames: submit view frames {view_texture_handles: 3221231170 view_texture_handles: 2147485058 pose { orientation { x: 0.0233418643 y: -0.0586610287 z: -0.00913227908 w: 0.99796325 } position { x: -0.0236950535 y: 2.07039475 z: 0.0196613837 } }}, this= 0x20464eb2b80
[2025-05-23 15:04:46.586] [PSS] [info] [3128|24280]streaming_driver_interface_impl.cpp:87 SubmitViewFrames: submit view frames {view_texture_handles: 3221231170 view_texture_handles: 2147485058 pose { orientation { x: 0.022893 y: -0.0591900498 z: -0.0093019 w: 0.997940838 } position { x: -0.0231981017 y: 2.07040787 z: 0.0197548047 } }}, this= 0x20464eb2b80
[2025-05-23 15:04:46.601] [PSS] [info] [3128|24280]streaming_driver_interface_impl.cpp:87 SubmitViewFrames: submit view frames {view_texture_handles: 3221231170 view_texture_handles: 2147485058 pose { orientation { x: 0.0225450061 y: -0.0596781597 z: -0.00947354175 w: 0.997918069 } position { x: -0.0227246657 y: 2.07035136 z: 0.0198590513 } }}, this= 0x20464eb2b80
[2025-05-23 15:04:46.613] [PSS] [info] [3128|24280]streaming_driver_interface_impl.cpp:87 SubmitViewFrames: submit view frames {view_texture_handles: 3221231170 view_texture_handles: 2147485058 pose { orientation { x: 0.0221246444 y: -0.0601566881 z: -0.00954756 w: 0.997898102 } position { x: -0.0223029088 y: 2.07024097 z: 0.0200777203 } }}, this= 0x20464eb2b80
[2025-05-23 15:04:46.628] [PSS] [info] [3128|24280]streaming_driver_interface_impl.cpp:87 SubmitViewFrames: submit view frames {view_texture_handles: 3221231170 view_texture_handles: 2147485058 pose { orientation { x: 0.0217378847 y: -0.0606461391 z: -0.00951777492 w: 0.997877181 } position { x: -0.0218961313 y: 2.07013512 z: 0.0203206595 } }}, this= 0x20464eb2b80
[2025-05-23 15:04:46.643] [PSS] [info] [3128|24280]streaming_driver_interface_impl.cpp:87 SubmitViewFrames: submit view frames {view_texture_handles: 3221231170 view_texture_handles: 2147485058 pose { orientation { x: 0.0213591084 y: -0.0612513572 z: -0.00942807551 w: 0.997849286 } position { x: -0.0215014201 y: 2.07002926 z: 0.0205597579 } }}, this= 0x20464eb2b80
[2025-05-23 15:04:46.656] [PSS] [info] [3128|24280]streaming_driver_interface_impl.cpp:87 SubmitViewFrames: submit view frames {view_texture_handles: 3221231170 view_texture_handles: 2147485058 pose { orientation { x: 0.021282509 y: -0.0618304349 z: -0.00937798154 w: 0.997815669 } position { x: -0.0211675111 y: 2.06987333 z: 0.020762071 } }}, this= 0x20464eb2b80
[2025-05-23 15:04:46.670] [PSS] [info] [3128|24280]streaming_driver_interface_impl.cpp:87 SubmitViewFrames: submit view frames {view_texture_handles: 3221231170 view_texture_handles: 2147485058 pose { orientation { x: 0.0213320795 y: -0.0622821115 z: -0.00957078859 w: 0.997784734 } position { x: -0.0208059214 y: 2.06979132 z: 0.0209497828 } }}, this= 0x20464eb2b80
[2025-05-23 15:04:46.683] [PSS] [info] [3128|24280]streaming_driver_interface_impl.cpp:87 SubmitViewFrames: submit view frames {view_texture_handles: 3221231170 view_texture_handles: 2147485058 pose { orientation { x: 0.0213784017 y: -0.0626758486 z: -0.00978288 w: 0.997757 } position { x: -0.0204859693 y: 2.06974316 z: 0.0211804602 } }}, this= 0x20464eb2b80
[2025-05-23 15:04:46.698] [PSS] [info] [3128|24280]streaming_driver_interface_impl.cpp:87 SubmitViewFrames: submit view frames {view_texture_handles: 3221231170 view_texture_handles: 2147485058 pose { orientation { x: 0.0216111951 y: -0.0629169568 z: -0.00995250139 w: 0.997735143 } position { x: -0.0201663114 y: 2.06966281 z: 0.0215335 } }}, this= 0x20464eb2b80
[2025-05-23 15:04:46.710] [PSS] [info] [3128|24280]streaming_driver_interface_impl.cpp:87 SubmitViewFrames: submit view frames {view_texture_handles: 3221231170 view_texture_handles: 2147485058 pose { orientation { x: 0.0217760839 y: -0.0632201582 z: -0.0102125434 w: 0.997709751 } position { x: -0.0199188814 y: 2.0696454 z: 0.0219010804 } }}, this= 0x20464eb2b80
[2025-05-23 15:04:46.725] [PSS] [info] [3128|24280]streaming_driver_interface_impl.cpp:87 SubmitViewFrames: submit view frames {view_texture_handles: 3221231170 view_texture_handles: 2147485058 pose { orientation { x: 0.0221678074 y: -0.0635512471 z: -0.0103292391 w: 0.997678876 } position { x: -0.0197393335 y: 2.06964183 z: 0.0222930759 } }}, this= 0x20464eb2b80
[2025-05-23 15:04:46.738] [PSS] [info] [3128|24280]streaming_driver_interface_impl.cpp:87 SubmitViewFrames: submit view frames {view_texture_handles: 3221231170 view_texture_handles: 2147485058 pose { orientation { x: 0.0227591973 y: -0.0640779287 z: -0.0105392858 w: 0.997629702 } position { x: -0.0195996966 y: 2.06973815 z: 0.0226096455 } }}, this= 0x20464eb2b80
[2025-05-23 15:04:46.753] [PSS] [info] [3128|24280]streaming_driver_interface_impl.cpp:87 SubmitViewFrames: submit view frames {view_texture_handles: 3221231170 view_texture_handles: 2147485058 pose { orientation { x: 0.0235756095 y: -0.0645642057 z: -0.0107277865 w: 0.997577369 } position { x: -0.0194761343 y: 2.06983781 z: 0.0228899363 } }}, this= 0x20464eb2b80
[2025-05-23 15:04:46.769] [PSS] [info] [3128|24280]streaming_driver_interface_impl.cpp:87 SubmitViewFrames: submit view frames {view_texture_handles: 3221231170 view_texture_handles: 2147485058 pose { orientation { x: 0.0244519822 y: -0.0648906529 z: -0.0107829319 w: 0.997534454 } position { x: -0.0193799715 y: 2.06987262 z: 0.023164155 } }}, this= 0x20464eb2b80
[2025-05-23 15:04:46.781] [PSS] [info] [3128|24280]streaming_driver_interface_impl.cpp:87 SubmitViewFrames: submit view frames {view_texture_handles: 3221231170 view_texture_handles: 2147485058 pose { orientation { x: 0.0251678806 y: -0.0653323233 z: -0.0109376209 w: 0.997486174 } position { x: -0.019327879 y: 2.06974769 z: 0.023409564 } }}, this= 0x20464eb2b80
[2025-05-23 15:04:46.796] [PSS] [info] [3128|24280]streaming_driver_interface_impl.cpp:87 SubmitViewFrames: submit view frames {view_texture_handles: 3221231170 view_texture_handles: 2147485058 pose { orientation { x: 0.0257028788 y: -0.0655650496 z: -0.0111799687 w: 0.997454584 } position { x: -0.0192487556 y: 2.06963468 z: 0.0236595552 } }}, this= 0x20464eb2b80
[2025-05-23 15:04:46.809] [PSS] [info] [3128|24280]streaming_driver_interface_impl.cpp:87 SubmitViewFrames: submit view frames {view_texture_handles: 3221231170 view_texture_handles: 2147485058 pose { orientation { x: 0.0260583963 y: -0.0657363087 z: -0.0114386985 w: 0.997431159 } position { x: -0.0192436259 y: 2.0696466 z: 0.023912441 } }}, this= 0x20464eb2b80
[2025-05-23 15:04:46.824] [PSS] [info] [3128|24280]streaming_driver_interface_impl.cpp:87 SubmitViewFrames: submit view frames {view_texture_handles: 3221231170 view_texture_handles: 2147485058 pose { orientation { x: 0.0262698904 y: -0.0658490807 z: -0.0115725612 w: 0.997416615 } position { x: -0.0192466322 y: 2.0697155 z: 0.0241911262 } }}, this= 0x20464eb2b80
[2025-05-23 15:04:46.836] [PSS] [info] [3128|24280]streaming_driver_interface_impl.cpp:87 SubmitViewFrames: submit view frames {view_texture_handles: 3221231170 view_texture_handles: 2147485058 pose { orientation { x: 0.0265615545 y: -0.0660177 z: -0.011663625 w: 0.997396708 } position { x: -0.0192903429 y: 2.06984806 z: 0.0244238246 } }}, this= 0x20464eb2b80
[2025-05-23 15:04:46.856] [PSS] [info] [3128|24280]streaming_driver_interface_impl.cpp:87 SubmitViewFrames: submit view frames {view_texture_handles: 3221231170 view_texture_handles: 2147485058 pose { orientation { x: 0.0270013567 y: -0.0663340092 z: -0.011634361 w: 0.997364223 } position { x: -0.0193349179 y: 2.07000184 z: 0.0245291796 } }}, this= 0x20464eb2b80
[2025-05-23 15:04:46.863] [PSS] [info] [3128|24280]streaming_driver_interface_impl.cpp:87 SubmitViewFrames: submit view frames {view_texture_handles: 3221231170 view_texture_handles: 2147485058 pose { orientation { x: 0.0273596402 y: -0.0665846169 z: -0.0114584379 w: 0.997339785 } position { x: -0.019443145 y: 2.07000899 z: 0.0246634819 } }}, this= 0x20464eb2b80
[2025-05-23 15:04:46.878] [PSS] [info] [3128|24280]streaming_driver_interface_impl.cpp:87 SubmitViewFrames: submit view frames {view_texture_handles: 3221231170 view_texture_handles: 2147485058 pose { orientation { x: 0.027723439 y: -0.0666712299 z: -0.0113225738 w: 0.99732554 } position { x: -0.0195350312 y: 2.07008553 z: 0.0247611292 } }}, this= 0x20464eb2b80
[2025-05-23 15:04:46.891] [PSS] [info] [3128|24280]streaming_driver_interface_impl.cpp:87 SubmitViewFrames: submit view frames {view_texture_handles: 3221231170 view_texture_handles: 2147485058 pose { orientation { x: 0.0280267131 y: -0.066729866 z: -0.0112331 w: 0.997314155 } position { x: -0.0197067503 y: 2.07021379 z: 0.024704501 } }}, this= 0x20464eb2b80
[2025-05-23 15:04:46.905] [PSS] [info] [3128|24280]streaming_driver_interface_impl.cpp:87 SubmitViewFrames: submit view frames {view_texture_handles: 3221231170 view_texture_handles: 2147485058 pose { orientation { x: 0.0282283593 y: -0.0666078106 z: -0.0109938532 w: 0.997319281 } position { x: -0.019828124 y: 2.07019854 z: 0.0246949047 } }}, this= 0x20464eb2b80
[2025-05-23 15:04:46.921] [PSS] [info] [3128|24280]streaming_driver_interface_impl.cpp:87 SubmitViewFrames: submit view frames {view_texture_handles: 3221231170 view_texture_handles: 2147485058 pose { orientation { x: 0.0283620264 y: -0.0664450303 z: -0.0108394315 w: 0.997328043 } position { x: -0.0200506952 y: 2.07014799 z: 0.0246544834 } }}, this= 0x20464eb2b80
[2025-05-23 15:04:46.933] [PSS] [info] [3128|24280]streaming_driver_interface_impl.cpp:87 SubmitViewFrames: submit view frames {view_texture_handles: 3221231170 view_texture_handles: 2147485058 pose { orientation { x: 0.028332198 y: -0.066140078 z: -0.0107686678 w: 0.997349918 } position { x: -0.0201767441 y: 2.07020164 z: 0.0244826023 } }}, this= 0x20464eb2b80
[2025-05-23 15:04:46.948] [PSS] [info] [3128|24280]streaming_driver_interface_impl.cpp:87 SubmitViewFrames: submit view frames {view_texture_handles: 3221231170 view_texture_handles: 2147485058 pose { orientation { x: 0.028218504 y: -0.0657966733 z: -0.0107716033 w: 0.997375786 } position { x: -0.0203603506 y: 2.07031155 z: 0.0243424904 } }}, this= 0x20464eb2b80
[2025-05-23 15:04:46.961] [PSS] [info] [3128|24280]streaming_driver_interface_impl.cpp:87 SubmitViewFrames: submit view frames {view_texture_handles: 3221231170 view_texture_handles: 2147485058 pose { orientation { x: 0.0280248206 y: -0.0654309 z: -0.0106432335 w: 0.997406721 } position { x: -0.0205719266 y: 2.07039404 z: 0.0241292119 } }}, this= 0x20464eb2b80
[2025-05-23 15:04:46.975] [PSS] [info] [3128|24280]streaming_driver_interface_impl.cpp:87 SubmitViewFrames: submit view frames {view_texture_handles: 3221231170 view_texture_handles: 2147485058 pose { orientation { x: 0.0277417544 y: -0.0649374127 z: -0.0102501763 w: 0.997451 } position { x: -0.0207970198 y: 2.07041645 z: 0.0240023807 } }}, this= 0x20464eb2b80
[2025-05-23 15:04:46.990] [PSS] [info] [3128|24280]streaming_driver_interface_impl.cpp:87 SubmitViewFrames: submit view frames {view_texture_handles: 3221231170 view_texture_handles: 2147485058 pose { orientation { x: 0.0271610282 y: -0.0644819364 z: -0.00973472651 w: 0.997501671 } position { x: -0.0210706685 y: 2.07045674 z: 0.023961179 } }}, this= 0x20464eb2b80
[2025-05-23 15:04:47.003] [PSS] [info] [3128|24280]streaming_driver_interface_impl.cpp:87 SubmitViewFrames: submit view frames {view_texture_handles: 3221231170 view_texture_handles: 2147485058 pose { orientation { x: 0.0265788082 y: -0.06407208 z: -0.00903985836 w: 0.997550309 } position { x: -0.0212634429 y: 2.07056975 z: 0.023874484 } }}, this= 0x20464eb2b80
[2025-05-23 15:04:47.016] [PSS] [info] [3128|24280]streaming_driver_interface_impl.cpp:87 SubmitViewFrames: submit view frames {view_texture_handles: 3221231170 view_texture_handles: 2147485058 pose { orientation { x: 0.0260908157 y: -0.0637896508 z: -0.008285922 w: 0.99758786 } position { x: -0.0214654375 y: 2.07070875 z: 0.0238205921 } }}, this= 0x20464eb2b80
[2025-05-23 15:04:47.031] [PSS] [info] [3128|24280]streaming_driver_interface_impl.cpp:87 SubmitViewFrames: submit view frames {view_texture_handles: 3221231170 view_texture_handles: 2147485058 pose { orientation { x: 0.0259639043 y: -0.0636119 z: -0.00764391106 w: 0.997607648 } position { x: -0.0216676816 y: 2.0708859 z: 0.023731146 } }}, this= 0x20464eb2b80
[2025-05-23 15:04:47.046] [PSS] [info] [3128|24280]streaming_driver_interface_impl.cpp:87 SubmitViewFrames: submit view frames {view_texture_handles: 3221231170 view_texture_handles: 2147485058 pose { orientation { x: 0.0260488521 y: -0.0635016039 z: -0.00714811869 w: 0.997616172 } position { x: -0.0218663 y: 2.07104182 z: 0.0235370547 } }}, this= 0x20464eb2b80
[2025-05-23 15:04:47.058] [PSS] [info] [3128|24280]streaming_driver_interface_impl.cpp:87 SubmitViewFrames: submit view frames {view_texture_handles: 3221231170 view_texture_handles: 2147485058 pose { orientation { x: 0.0262185615 y: -0.0632789135 z: -0.00675865868 w: 0.99762857 } position { x: -0.0220648497 y: 2.0710578 z: 0.0233496241 } }}, this= 0x20464eb2b80
[2025-05-23 15:04:47.074] [PSS] [info] [3128|24280]streaming_driver_interface_impl.cpp:87 SubmitViewFrames: submit view frames {view_texture_handles: 3221231170 view_texture_handles: 2147485058 pose { orientation { x: 0.0263570938 y: -0.0629668757 z: -0.00649458915 w: 0.997646391 } position { x: -0.02226297 y: 2.0710187 z: 0.0231517106 } }}, this= 0x20464eb2b80
[2025-05-23 15:04:47.086] [PSS] [info] [3128|24280]streaming_driver_interface_impl.cpp:87 SubmitViewFrames: submit view frames {view_texture_handles: 3221231170 view_texture_handles: 2147485058 pose { orientation { x: 0.0264343582 y: -0.0624881759 z: -0.0064331661 w: 0.997674823 } position { x: -0.0224209391 y: 2.07099533 z: 0.0230044927 } }}, this= 0x20464eb2b80
[2025-05-23 15:04:47.101] [PSS] [info] [3128|24280]streaming_driver_interface_impl.cpp:87 SubmitViewFrames: submit view frames {view_texture_handles: 3221231170 view_texture_handles: 2147485058 pose { orientation { x: 0.0265084952 y: -0.0621762723 z: -0.00644557225 w: 0.997692287 } position { x: -0.0225948039 y: 2.07104635 z: 0.0227512419 } }}, this= 0x20464eb2b80
[2025-05-23 15:04:47.113] [PSS] [info] [3128|24280]streaming_driver_interface_impl.cpp:87 SubmitViewFrames: submit view frames {view_texture_handles: 3221231170 view_texture_handles: 2147485058 pose { orientation { x: 0.0266812555 y: -0.0617139 z: -0.00656586932 w: 0.997715592 } position { x: -0.0227676462 y: 2.07116532 z: 0.0225437712 } }}, this= 0x20464eb2b80
[2025-05-23 15:04:47.129] [PSS] [info] [3128|24280]streaming_driver_interface_impl.cpp:87 SubmitViewFrames: submit view frames {view_texture_handles: 3221231170 view_texture_handles: 2147485058 pose { orientation { x: 0.0267792661 y: -0.061274834 z: -0.00662296033 w: 0.997739673 } position { x: -0.022913279 y: 2.07136679 z: 0.0222854242 } }}, this= 0x20464eb2b80
[2025-05-23 15:04:47.141] [PSS] [info] [3128|24280]streaming_driver_interface_impl.cpp:87 SubmitViewFrames: submit view frames {view_texture_handles: 3221231170 view_texture_handles: 2147485058 pose { orientation { x: 0.0267933123 y: -0.060846962 z: -0.00651347777 w: 0.997766197 } position { x: -0.0230943877 y: 2.07150555 z: 0.0220437273 } }}, this= 0x20464eb2b80
[2025-05-23 15:04:47.156] [PSS] [info] [3128|24280]streaming_driver_interface_impl.cpp:87 SubmitViewFrames: submit view frames {view_texture_handles: 3221231170 view_texture_handles: 2147485058 pose { orientation { x: 0.0266173594 y: -0.0604782477 z: -0.0061929184 w: 0.997795343 } position { x: -0.023348568 y: 2.07157493 z: 0.0218582507 } }}, this= 0x20464eb2b80
[2025-05-23 15:04:47.171] [PSS] [info] [3128|24280]streaming_driver_interface_impl.cpp:87 SubmitViewFrames: submit view frames {view_texture_handles: 3221231170 view_texture_handles: 2147485058 pose { orientation { x: 0.0261771698 y: -0.0600356869 z: -0.00557423616 w: 0.997837424 } position { x: -0.0235420428 y: 2.07166457 z: 0.021688208 } }}, this= 0x20464eb2b80
[2025-05-23 15:04:47.183] [PSS] [info] [3128|24280]streaming_driver_interface_impl.cpp:87 SubmitViewFrames: submit view frames {view_texture_handles: 3221231170 view_texture_handles: 2147485058 pose { orientation { x: 0.0257993098 y: -0.0597972535 z: -0.00483883638 w: 0.997865379 } position { x: -0.0237534065 y: 2.07177067 z: 0.0215085521 } }}, this= 0x20464eb2b80
[2025-05-23 15:04:47.198] [PSS] [info] [3128|24280]streaming_driver_interface_impl.cpp:87 SubmitViewFrames: submit view frames {view_texture_handles: 3221231170 view_texture_handles: 2147485058 pose { orientation { x: 0.0254820082 y: -0.0595042482 z: -0.00417531375 w: 0.997894049 } position { x: -0.023930585 y: 2.07179523 z: 0.0212930366 } }}, this= 0x20464eb2b80
[2025-05-23 15:04:47.211] [PSS] [info] [3128|24280]streaming_driver_interface_impl.cpp:87 SubmitViewFrames: submit view frames {view_texture_handles: 3221231170 view_texture_handles: 2147485058 pose { orientation { x: 0.0252118632 y: -0.0591130108 z: -0.00367158907 w: 0.997926116 } position { x: -0.0240126904 y: 2.07173181 z: 0.0211477876 } }}, this= 0x20464eb2b80
[2025-05-23 15:04:47.226] [PSS] [info] [3128|24280]streaming_driver_interface_impl.cpp:87 SubmitViewFrames: submit view frames {view_texture_handles: 3221231170 view_texture_handles: 2147485058 pose { orientation { x: 0.0247910749 y: -0.0588576198 z: -0.00323557784 w: 0.997953296 } position { x: -0.0241245851 y: 2.07169437 z: 0.0209896956 } }}, this= 0x20464eb2b80
[2025-05-23 15:04:47.238] [PSS] [info] [3128|24280]streaming_driver_interface_impl.cpp:87 SubmitViewFrames: submit view frames {view_texture_handles: 3221231170 view_texture_handles: 2147485058 pose { orientation { x: 0.0244420897 y: -0.058675278 z: -0.00302873901 w: 0.997973263 } position { x: -0.0241818503 y: 2.07162642 z: 0.0208759978 } }}, this= 0x20464eb2b80
[2025-05-23 15:04:47.253] [PSS] [info] [3128|24280]streaming_driver_interface_impl.cpp:87 SubmitViewFrames: submit view frames {view_texture_handles: 3221231170 view_texture_handles: 2147485058 pose { orientation { x: 0.0240742136 y: -0.0585793182 z: -0.0029598726 w: 0.997988045 } position { x: -0.0242437162 y: 2.07160664 z: 0.0207827408 } }}, this= 0x20464eb2b80
[2025-05-23 15:04:47.267] [PSS] [info] [3128|24280]streaming_driver_interface_impl.cpp:87 SubmitViewFrames: submit view frames {view_texture_handles: 3221231170 view_texture_handles: 2147485058 pose { orientation { x: 0.0237929933 y: -0.0584756 z: -0.00301514845 w: 0.998000681 } position { x: -0.0242710747 y: 2.07167864 z: 0.0207411051 } }}, this= 0x20464eb2b80
[2025-05-23 15:04:47.280] [PSS] [info] [3128|24280]streaming_driver_interface_impl.cpp:87 SubmitViewFrames: submit view frames {view_texture_handles: 3221231170 view_texture_handles: 2147485058 pose { orientation { x: 0.023572918 y: -0.0584065616 z: -0.00296903402 w: 0.998010159 } position { x: -0.0242851265 y: 2.07174945 z: 0.0207688063 } }}, this= 0x20464eb2b80
[2025-05-23 15:04:47.295] [PSS] [info] [3128|24280]streaming_driver_interface_impl.cpp:87 SubmitViewFrames: submit view frames {view_texture_handles: 3221231170 view_texture_handles: 2147485058 pose { orientation { x: 0.0235429294 y: -0.0584665462 z: -0.00283699483 w: 0.998007715 } position { x: -0.0243277606 y: 2.07179737 z: 0.0208370797 } }}, this= 0x20464eb2b80
[2025-05-23 15:04:47.307] [PSS] [info] [3128|24280]streaming_driver_interface_impl.cpp:87 SubmitViewFrames: submit view frames {view_texture_handles: 3221231170 view_texture_handles: 2147485058 pose { orientation { x: 0.0236378107 y: -0.0587212704 z: -0.00270541082 w: 0.997990847 } position { x: -0.0243616495 y: 2.07185149 z: 0.0209213365 } }}, this= 0x20464eb2b80
[2025-05-23 15:04:47.322] [PSS] [info] [3128|24280]streaming_driver_interface_impl.cpp:87 SubmitViewFrames: submit view frames {view_texture_handles: 3221231170 view_texture_handles: 2147485058 pose { orientation { x: 0.0238437783 y: -0.0588491969 z: -0.00261274818 w: 0.997978687 } position { x: -0.0243168175 y: 2.07188845 z: 0.0209622905 } }}, this= 0x20464eb2b80
[2025-05-23 15:04:47.335] [PSS] [info] [3128|24280]streaming_driver_interface_impl.cpp:87 SubmitViewFrames: submit view frames {view_texture_handles: 3221231170 view_texture_handles: 2147485058 pose { orientation { x: 0.0241742916 y: -0.059051767 z: -0.00270683435 w: 0.997958481 } position { x: -0.0242668316 y: 2.07185745 z: 0.0209552869 } }}, this= 0x20464eb2b80
[2025-05-23 15:04:47.350] [PSS] [info] [3128|24280]streaming_driver_interface_impl.cpp:87 SubmitViewFrames: submit view frames {view_texture_handles: 3221231170 view_texture_handles: 2147485058 pose { orientation { x: 0.0245196149 y: -0.0591090769 z: -0.00304734171 w: 0.997945726 } position { x: -0.0242320243 y: 2.07184911 z: 0.0210386869 } }}, this= 0x20464eb2b80
[2025-05-23 15:04:47.363] [PSS] [info] [3128|24280]streaming_driver_interface_impl.cpp:87 SubmitViewFrames: submit view frames {view_texture_handles: 3221231170 view_texture_handles: 2147485058 pose { orientation { x: 0.024936894 y: -0.0590313524 z: -0.00336598046 w: 0.997939 } position { x: -0.0242002625 y: 2.07189035 z: 0.0211443547 } }}, this= 0x20464eb2b80
[2025-05-23 15:04:47.378] [PSS] [info] [3128|24280]streaming_driver_interface_impl.cpp:87 SubmitViewFrames: submit view frames {view_texture_handles: 3221231170 view_texture_handles: 2147485058 pose { orientation { x: 0.0253770072 y: -0.0590073913 z: -0.00344568957 w: 0.997929 } position { x: -0.0241637584 y: 2.07194 z: 0.0212816224 } }}, this= 0x20464eb2b80
[2025-05-23 15:04:47.393] [PSS] [info] [3128|24280]streaming_driver_interface_impl.cpp:87 SubmitViewFrames: submit view frames {view_texture_handles: 3221231170 view_texture_handles: 2147485058 pose { orientation { x: 0.0259821657 y: -0.0591557249 z: -0.0035153355 w: 0.99790442 } position { x: -0.0240734406 y: 2.07201695 z: 0.0214654915 } }}, this= 0x20464eb2b80
[2025-05-23 15:04:47.405] [PSS] [info] [3128|24280]streaming_driver_interface_impl.cpp:87 SubmitViewFrames: submit view frames {view_texture_handles: 3221231170 view_texture_handles: 2147485058 pose { orientation { x: 0.0267292801 y: -0.0593661964 z: -0.00370728737 w: 0.997871459 } position { x: -0.0240182746 y: 2.07202792 z: 0.0216584988 } }}, this= 0x20464eb2b80
[2025-05-23 15:04:47.420] [PSS] [info] [3128|24280]streaming_driver_interface_impl.cpp:87 SubmitViewFrames: submit view frames {view_texture_handles: 3221231170 view_texture_handles: 2147485058 pose { orientation { x: 0.0275341719 y: -0.0596096404 z: -0.00396576943 w: 0.997834086 } position { x: -0.0239493474 y: 2.07205534 z: 0.0218770467 } }}, this= 0x20464eb2b80
[2025-05-23 15:04:47.435] [PSS] [info] [3128|24280]streaming_driver_interface_impl.cpp:87 SubmitViewFrames: submit view frames {view_texture_handles: 3221231170 view_texture_handles: 2147485058 pose { orientation { x: 0.0281755645 y: -0.0600366816 z: -0.00414664391 w: 0.99778986 } position { x: -0.0238986425 y: 2.07210255 z: 0.0220185649 } }}, this= 0x20464eb2b80
[2025-05-23 15:04:47.447] [PSS] [info] [3128|24280]streaming_driver_interface_impl.cpp:87 SubmitViewFrames: submit view frames {view_texture_handles: 3221231170 view_texture_handles: 2147485058 pose { orientation { x: 0.0287554264 y: -0.060403008 z: -0.00427043298 w: 0.99775064 } position { x: -0.0238857828 y: 2.07213259 z: 0.0221797228 } }}, this= 0x20464eb2b80
[2025-05-23 15:04:47.462] [PSS] [info] [3128|24280]streaming_driver_interface_impl.cpp:87 SubmitViewFrames: submit view frames {view_texture_handles: 3221231170 view_texture_handles: 2147485058 pose { orientation { x: 0.0292969402 y: -0.0607717186 z: -0.00440470316 w: 0.997711897 } position { x: -0.0238381103 y: 2.07219982 z: 0.0223072898 } }}, this= 0x20464eb2b80
[2025-05-23 15:04:47.475] [PSS] [info] [3128|24280]streaming_driver_interface_impl.cpp:87 SubmitViewFrames: submit view frames {view_texture_handles: 3221231170 view_texture_handles: 2147485058 pose { orientation { x: 0.0296455435 y: -0.0608532466 z: -0.00449861679 w: 0.997696221 } position { x: -0.0238150489 y: 2.07217884 z: 0.0224637035 } }}, this= 0x20464eb2b80
[2025-05-23 15:04:47.490] [PSS] [info] [3128|24280]streaming_driver_interface_impl.cpp:87 SubmitViewFrames: submit view frames {view_texture_handles: 3221231170 view_texture_handles: 2147485058 pose { orientation { x: 0.029783763 y: -0.060681276 z: -0.00468187872 w: 0.997701764 } position { x: -0.023769347 y: 2.07224417 z: 0.0226804335 } }}, this= 0x20464eb2b80
[2025-05-23 15:04:47.503] [PSS] [info] [3128|24280]streaming_driver_interface_impl.cpp:87 SubmitViewFrames: submit view frames {view_texture_handles: 3221231170 view_texture_handles: 2147485058 pose { orientation { x: 0.0300123431 y: -0.0604370721 z: -0.00475982809 w: 0.997709394 } position { x: -0.0237377472 y: 2.07237315 z: 0.0229119603 } }}, this= 0x20464eb2b80
[2025-05-23 15:04:47.518] [PSS] [info] [3128|24280]streaming_driver_interface_impl.cpp:87 SubmitViewFrames: submit view frames {view_texture_handles: 3221231170 view_texture_handles: 2147485058 pose { orientation { x: 0.0304451678 y: -0.0603327639 z: -0.00480545405 w: 0.99770236 } position { x: -0.0237410106 y: 2.07241035 z: 0.0232069176 } }}, this= 0x20464eb2b80
[2025-05-23 15:04:47.530] [PSS] [info] [3128|24280]streaming_driver_interface_impl.cpp:87 SubmitViewFrames: submit view frames {view_texture_handles: 3221231170 view_texture_handles: 2147485058 pose { orientation { x: 0.0309276972 y: -0.0605236441 z: -0.004891444 w: 0.997675538 } position { x: -0.0237673931 y: 2.07241201 z: 0.0234515015 } }}, this= 0x20464eb2b80
[2025-05-23 15:04:47.546] [PSS] [info] [3128|24280]streaming_driver_interface_impl.cpp:87 SubmitViewFrames: submit view frames {view_texture_handles: 3221231170 view_texture_handles: 2147485058 pose { orientation { x: 0.0314407311 y: -0.0608787313 z: -0.00492987083 w: 0.997637689 } position { x: -0.0236946605 y: 2.07244921 z: 0.0236158464 } }}, this= 0x20464eb2b80
[2025-05-23 15:04:47.558] [PSS] [info] [3128|24280]streaming_driver_interface_impl.cpp:87 SubmitViewFrames: submit view frames {view_texture_handles: 3221231170 view_texture_handles: 2147485058 pose { orientation { x: 0.0319674425 y: -0.0613206327 z: -0.00502204383 w: 0.997593462 } position { x: -0.0236153789 y: 2.07242346 z: 0.0237464886 } }}, this= 0x20464eb2b80
[2025-05-23 15:04:47.573] [PSS] [info] [3128|24280]streaming_driver_interface_impl.cpp:87 SubmitViewFrames: submit view frames {view_texture_handles: 3221231170 view_texture_handles: 2147485058 pose { orientation { x: 0.0321447141 y: -0.0616785213 z: -0.00519202603 w: 0.997564852 } position { x: -0.023581991 y: 2.0723021 z: 0.0238366164 } }}, this= 0x20464eb2b80
[2025-05-23 15:04:47.585] [PSS] [info] [3128|24280]streaming_driver_interface_impl.cpp:87 SubmitViewFrames: submit view frames {view_texture_handles: 3221231170 view_texture_handles: 2147485058 pose { orientation { x: 0.0321728066 y: -0.0619293042 z: -0.005423286 w: 0.99754715 } position { x: -0.0235933717 y: 2.07221293 z: 0.0239749122 } }}, this= 0x20464eb2b80
[2025-05-23 15:04:47.600] [PSS] [info] [3128|24280]streaming_driver_interface_impl.cpp:87 SubmitViewFrames: submit view frames {view_texture_handles: 3221231170 view_texture_handles: 2147485058 pose { orientation { x: 0.0320929736 y: -0.0621041059 z: -0.0056275106 w: 0.997537732 } position { x: -0.0236548819 y: 2.07226515 z: 0.0240696128 } }}, this= 0x20464eb2b80
[2025-05-23 15:04:47.613] [PSS] [info] [3128|24280]streaming_driver_interface_impl.cpp:87 SubmitViewFrames: submit view frames {view_texture_handles: 3221231170 view_texture_handles: 2147485058 pose { orientation { x: 0.032061208 y: -0.0622039773 z: -0.00558424974 w: 0.997532785 } position { x: -0.0236393642 y: 2.07227325 z: 0.0241656359 } }}, this= 0x20464eb2b80
[2025-05-23 15:04:47.628] [PSS] [info] [3128|24280]streaming_driver_interface_impl.cpp:87 SubmitViewFrames: submit view frames {view_texture_handles: 3221231170 view_texture_handles: 2147485058 pose { orientation { x: 0.031790778 y: -0.0619794391 z: -0.00529782614 w: 0.997556925 } position { x: -0.0235549305 y: 2.07218122 z: 0.0243442375 } }}, this= 0x20464eb2b80
[2025-05-23 15:04:47.643] [PSS] [info] [3128|24280]streaming_driver_interface_impl.cpp:87 SubmitViewFrames: submit view frames {view_texture_handles: 3221231170 view_texture_handles: 2147485058 pose { orientation { x: 0.0313893817 y: -0.0618736781 z: -0.0051870551 w: 0.997576773 } position { x: -0.0234663412 y: 2.07196426 z: 0.0245916806 } }}, this= 0x20464eb2b80
[2025-05-23 15:04:47.655] [PSS] [info] [3128|24280]streaming_driver_interface_impl.cpp:87 SubmitViewFrames: submit view frames {view_texture_handles: 3221231170 view_texture_handles: 2147485058 pose { orientation { x: 0.031174846 y: -0.0620511472 z: -0.00533109112 w: 0.997571766 } position { x: -0.0234321691 y: 2.07189 z: 0.0249068309 } }}, this= 0x20464eb2b80
[2025-05-23 15:04:47.670] [PSS] [info] [3128|24280]streaming_driver_interface_impl.cpp:87 SubmitViewFrames: submit view frames {view_texture_handles: 3221231170 view_texture_handles: 2147485058 pose { orientation { x: 0.0312482435 y: -0.0625347346 z: -0.0056602573 w: 0.997537434 } position { x: -0.0234345291 y: 2.07203507 z: 0.025160009 } }}, this= 0x20464eb2b80
[2025-05-23 15:04:47.682] [PSS] [info] [3128|24280]streaming_driver_interface_impl.cpp:87 SubmitViewFrames: submit view frames {view_texture_handles: 3221231170 view_texture_handles: 2147485058 pose { orientation { x: 0.0317454897 y: -0.0631826222 z: -0.00567534938 w: 0.997480869 } position { x: -0.0234274566 y: 2.07229543 z: 0.0253355876 } }}, this= 0x20464eb2b80
[2025-05-23 15:04:47.697] [PSS] [info] [3128|24280]streaming_driver_interface_impl.cpp:87 SubmitViewFrames: submit view frames {view_texture_handles: 3221231170 view_texture_handles: 2147485058 pose { orientation { x: 0.0326352976 y: -0.06388 z: -0.0053860331 w: 0.997409284 } position { x: -0.0234274976 y: 2.07251477 z: 0.025352383 } }}, this= 0x20464eb2b80
[2025-05-23 15:04:47.712] [PSS] [info] [3128|24280]streaming_driver_interface_impl.cpp:87 SubmitViewFrames: submit view frames {view_texture_handles: 3221231170 view_texture_handles: 2147485058 pose { orientation { x: 0.0335018821 y: -0.0642583668 z: -0.00511078071 w: 0.997357726 } position { x: -0.0234063789 y: 2.0724647 z: 0.0253124274 } }}, this= 0x20464eb2b80
[2025-05-23 15:04:47.725] [PSS] [info] [3128|24280]streaming_driver_interface_impl.cpp:87 SubmitViewFrames: submit view frames {view_texture_handles: 3221231170 view_texture_handles: 2147485058 pose { orientation { x: 0.0341304317 y: -0.0644429103 z: -0.00494106952 w: 0.997325361 } position { x: -0.02332546 y: 2.07230139 z: 0.0252098963 } }}, this= 0x20464eb2b80
[2025-05-23 15:04:47.740] [PSS] [info] [3128|24280]streaming_driver_interface_impl.cpp:87 SubmitViewFrames: submit view frames {view_texture_handles: 3221231170 view_texture_handles: 2147485058 pose { orientation { x: 0.034277238 y: -0.0643167868 z: -0.00492068753 w: 0.997328579 } position { x: -0.023189649 y: 2.07201385 z: 0.0250267051 } }}, this= 0x20464eb2b80
[2025-05-23 15:04:47.752] [PSS] [info] [3128|24280]streaming_driver_interface_impl.cpp:87 SubmitViewFrames: submit view frames {view_texture_handles: 3221231170 view_texture_handles: 2147485058 pose { orientation { x: 0.0339941718 y: -0.0638182 z: -0.00523817539 w: 0.997368693 } position { x: -0.0229991041 y: 2.07172561 z: 0.0248421207 } }}, this= 0x20464eb2b80
[2025-05-23 15:04:47.767] [PSS] [info] [3128|24280]streaming_driver_interface_impl.cpp:87 SubmitViewFrames: submit view frames {view_texture_handles: 3221231170 view_texture_handles: 2147485058 pose { orientation { x: 0.0334560834 y: -0.0633150414 z: -0.00556565542 w: 0.997417152 } position { x: -0.0227633566 y: 2.07146692 z: 0.0246670265 } }}, this= 0x20464eb2b80
[2025-05-23 15:04:47.780] [PSS] [info] [3128|24280]streaming_driver_interface_impl.cpp:87 SubmitViewFrames: submit view frames {view_texture_handles: 3221231170 view_texture_handles: 2147485058 pose { orientation { x: 0.0326264389 y: -0.063040413 z: -0.00591898058 w: 0.99746 } position { x: -0.0226194 y: 2.07109666 z: 0.0245756917 } }}, this= 0x20464eb2b80
[2025-05-23 15:04:47.797] [PSS] [info] [3128|24280]streaming_driver_interface_impl.cpp:87 SubmitViewFrames: submit view frames {view_texture_handles: 3221231170 view_texture_handles: 2147485058 pose { orientation { x: 0.0314573683 y: -0.0628664196 z: -0.00666347332 w: 0.997503817 } position { x: -0.0224878546 y: 2.0708909 z: 0.0245941784 } }}, this= 0x20464eb2b80
[2025-05-23 15:04:47.809] [PSS] [info] [3128|24280]streaming_driver_interface_impl.cpp:87 SubmitViewFrames: submit view frames {view_texture_handles: 3221231170 view_texture_handles: 2147485058 pose { orientation { x: 0.0302830189 y: -0.0625694618 z: -0.00705370586 w: 0.99755615 } position { x: -0.022503376 y: 2.07110953 z: 0.0246295892 } }}, this= 0x20464eb2b80
[2025-05-23 15:04:47.824] [PSS] [info] [3128|24280]streaming_driver_interface_impl.cpp:87 SubmitViewFrames: submit view frames {view_texture_handles: 3221231170 view_texture_handles: 2147485058 pose { orientation { x: 0.0296322331 y: -0.0623279065 z: -0.00651921704 w: 0.997594476 } position { x: -0.0225829594 y: 2.07148695 z: 0.024698047 } }}, this= 0x20464eb2b80
[2025-05-23 15:04:47.836] [PSS] [info] [3128|24280]streaming_driver_interface_impl.cpp:87 SubmitViewFrames: submit view frames {view_texture_handles: 3221231170 view_texture_handles: 2147485058 pose { orientation { x: 0.0296113938 y: -0.061881505 z: -0.00539854635 w: 0.997629583 } position { x: -0.0226866622 y: 2.07184744 z: 0.0248369686 } }}, this= 0x20464eb2b80
[2025-05-23 15:04:47.851] [PSS] [info] [3128|24280]streaming_driver_interface_impl.cpp:87 SubmitViewFrames: submit view frames {view_texture_handles: 3221231170 view_texture_handles: 2147485058 pose { orientation { x: 0.0300133098 y: -0.0614026524 z: -0.0037621879 w: 0.997654676 } position { x: -0.0227568112 y: 2.07201672 z: 0.024986634 } }}, this= 0x20464eb2b80
[2025-05-23 15:04:47.865] [PSS] [info] [3128|24280]streaming_driver_interface_impl.cpp:87 SubmitViewFrames: submit view frames {view_texture_handles: 3221231170 view_texture_handles: 2147485058 pose { orientation { x: 0.0306360237 y: -0.060804598 z: -0.00210112333 w: 0.997677207 } position { x: -0.02277782 y: 2.0719893 z: 0.0252104364 } }}, this= 0x20464eb2b80
[2025-05-23 15:04:47.878] [PSS] [info] [3128|24280]streaming_driver_interface_impl.cpp:87 SubmitViewFrames: submit view frames {view_texture_handles: 3221231170 view_texture_handles: 2147485058 pose { orientation { x: 0.0312391203 y: -0.0602847226 z: -0.00116440339 w: 0.997691631 } position { x: -0.0228091385 y: 2.07184386 z: 0.0255001951 } }}, this= 0x20464eb2b80
[2025-05-23 15:04:47.891] [PSS] [info] [3128|24280]streaming_driver_interface_impl.cpp:87 SubmitViewFrames: submit view frames {view_texture_handles: 3221231170 view_texture_handles: 2147485058 pose { orientation { x: 0.0318921916 y: -0.0598840266 z: -0.000881106826 w: 0.997695386 } position { x: -0.0227716584 y: 2.07185149 z: 0.0257194694 } }}, this= 0x20464eb2b80
[2025-05-23 15:04:47.907] [PSS] [info] [3128|24280]streaming_driver_interface_impl.cpp:87 SubmitViewFrames: submit view frames {view_texture_handles: 3221231170 view_texture_handles: 2147485058 pose { orientation { x: 0.0327000096 y: -0.0595867746 z: -0.000841146 w: 0.997687042 } position { x: -0.0226460136 y: 2.07196307 z: 0.0258875247 } }}, this= 0x20464eb2b80
[2025-05-23 15:04:47.920] [PSS] [info] [3128|24280]streaming_driver_interface_impl.cpp:87 SubmitViewFrames: submit view frames {view_texture_handles: 3221231170 view_texture_handles: 2147485058 pose { orientation { x: 0.0336891636 y: -0.0594232194 z: -0.00121431926 w: 0.997663498 } position { x: -0.0225878265 y: 2.07217789 z: 0.0260726158 } }}, this= 0x20464eb2b80
[2025-05-23 15:04:47.933] [PSS] [info] [3128|24280]streaming_driver_interface_impl.cpp:87 SubmitViewFrames: submit view frames {view_texture_handles: 3221231170 view_texture_handles: 2147485058 pose { orientation { x: 0.0349552929 y: -0.0596495755 z: -0.00169667008 w: 0.997605741 } position { x: -0.022546133 y: 2.07243133 z: 0.0262900125 } }}, this= 0x20464eb2b80
[2025-05-23 15:04:47.949] [PSS] [info] [3128|24280]streaming_driver_interface_impl.cpp:87 SubmitViewFrames: submit view frames {view_texture_handles: 3221231170 view_texture_handles: 2147485058 pose { orientation { x: 0.0360333882 y: -0.0600663349 z: -0.00199684966 w: 0.997541845 } position { x: -0.0225224886 y: 2.07258177 z: 0.0264557414 } }}, this= 0x20464eb2b80
[2025-05-23 15:04:47.963] [PSS] [info] [3128|24280]streaming_driver_interface_impl.cpp:87 SubmitViewFrames: submit view frames {view_texture_handles: 3221231170 view_texture_handles: 2147485058 pose { orientation { x: 0.0368285589 y: -0.060688287 z: -0.00192228658 w: 0.997475266 } position { x: -0.0224584695 y: 2.07260489 z: 0.0265935902 } }}, this= 0x20464eb2b80
[2025-05-23 15:04:47.976] [PSS] [info] [3128|24280]streaming_driver_interface_impl.cpp:87 SubmitViewFrames: submit view frames {view_texture_handles: 3221231170 view_texture_handles: 2147485058 pose { orientation { x: 0.0372814164 y: -0.0612605549 z: -0.00192818255 w: 0.99742347 } position { x: -0.0223673191 y: 2.07254362 z: 0.0266638286 } }}, this= 0x20464eb2b80
[2025-05-23 15:04:47.990] [PSS] [info] [3128|24280]streaming_driver_interface_impl.cpp:87 SubmitViewFrames: submit view frames {view_texture_handles: 3221231170 view_texture_handles: 2147485058 pose { orientation { x: 0.0375184715 y: -0.0616430491 z: -0.00226480048 w: 0.99739033 } position { x: -0.0223224238 y: 2.07253432 z: 0.0266216844 } }}, this= 0x20464eb2b80
[2025-05-23 15:04:48.004] [PSS] [info] [3128|24280]streaming_driver_interface_impl.cpp:87 SubmitViewFrames: submit view frames {view_texture_handles: 3221231170 view_texture_handles: 2147485058 pose { orientation { x: 0.0377143323 y: -0.0618126877 z: -0.00265047327 w: 0.997371435 } position { x: -0.0222844575 y: 2.07253647 z: 0.0265235659 } }}, this= 0x20464eb2b80
[2025-05-23 15:04:48.018] [PSS] [info] [3128|24280]streaming_driver_interface_impl.cpp:87 SubmitViewFrames: submit view frames {view_texture_handles: 3221231170 view_texture_handles: 2147485058 pose { orientation { x: 0.037873406 y: -0.0617563576 z: -0.00305569428 w: 0.99736774 } position { x: -0.0222926624 y: 2.07246447 z: 0.0264665633 } }}, this= 0x20464eb2b80
[2025-05-23 15:04:48.030] [PSS] [info] [3128|24280]streaming_driver_interface_impl.cpp:87 SubmitViewFrames: submit view frames {view_texture_handles: 3221231170 view_texture_handles: 2147485058 pose { orientation { x: 0.0378279 y: -0.0615888834 z: -0.00361861475 w: 0.997377932 } position { x: -0.0223480947 y: 2.07238722 z: 0.0263800882 } }}, this= 0x20464eb2b80
[2025-05-23 15:04:48.045] [PSS] [info] [3128|24280]streaming_driver_interface_impl.cpp:87 SubmitViewFrames: submit view frames {view_texture_handles: 3221231170 view_texture_handles: 2147485058 pose { orientation { x: 0.0375396125 y: -0.0612917617 z: -0.00389720057 w: 0.997406125 } position { x: -0.0224177763 y: 2.07235122 z: 0.0263288822 } }}, this= 0x20464eb2b80
[2025-05-23 15:04:48.060] [PSS] [info] [3128|24280]streaming_driver_interface_impl.cpp:87 SubmitViewFrames: submit view frames {view_texture_handles: 3221231170 view_texture_handles: 2147485058 pose { orientation { x: 0.0369017646 y: -0.0609317981 z: -0.00356321456 w: 0.997453213 } position { x: -0.0224951021 y: 2.07226443 z: 0.0264134258 } }}, this= 0x20464eb2b80
[2025-05-23 15:04:48.072] [PSS] [info] [3128|24280]streaming_driver_interface_impl.cpp:87 SubmitViewFrames: submit view frames {view_texture_handles: 3221231170 view_texture_handles: 2147485058 pose { orientation { x: 0.0360534452 y: -0.0604619905 z: -0.00334765483 w: 0.997513533 } position { x: -0.022642998 y: 2.07216716 z: 0.0265530497 } }}, this= 0x20464eb2b80
[2025-05-23 15:04:48.087] [PSS] [info] [3128|24280]streaming_driver_interface_impl.cpp:87 SubmitViewFrames: submit view frames {view_texture_handles: 3221231170 view_texture_handles: 2147485058 pose { orientation { x: 0.0353305377 y: -0.0599780902 z: -0.00346846413 w: 0.99756825 } position { x: -0.0228119213 y: 2.07224727 z: 0.0265674815 } }}, this= 0x20464eb2b80
[2025-05-23 15:04:48.100] [PSS] [info] [3128|24280]streaming_driver_interface_impl.cpp:87 SubmitViewFrames: submit view frames {view_texture_handles: 3221231170 view_texture_handles: 2147485058 pose { orientation { x: 0.0352040865 y: -0.0597066619 z: -0.00369292428 w: 0.997588158 } position { x: -0.0230259765 y: 2.07232094 z: 0.0265591964 } }}, this= 0x20464eb2b80
[2025-05-23 15:04:48.113] [PSS] [info] [3128|24280]streaming_driver_interface_impl.cpp:87 SubmitViewFrames: submit view frames {view_texture_handles: 3221231170 view_texture_handles: 2147485058 pose { orientation { x: 0.0354118682 y: -0.0596392453 z: -0.00349576073 w: 0.997585595 } position { x: -0.0231925435 y: 2.07221723 z: 0.0264951866 } }}, this= 0x20464eb2b80
[2025-05-23 15:04:48.130] [PSS] [info] [3128|24280]streaming_driver_interface_impl.cpp:87 SubmitViewFrames: submit view frames {view_texture_handles: 3221231170 view_texture_handles: 2147485058 pose { orientation { x: 0.0355815403 y: -0.0595235601 z: -0.00335796108 w: 0.997586906 } position { x: -0.0232573878 y: 2.07188988 z: 0.0264323726 } }}, this= 0x20464eb2b80
[2025-05-23 15:04:48.141] [PSS] [info] [3128|24280]streaming_driver_interface_impl.cpp:87 SubmitViewFrames: submit view frames {view_texture_handles: 3221231170 view_texture_handles: 2147485058 pose { orientation { x: 0.0354296975 y: -0.0592417121 z: -0.00361756561 w: 0.997608185 } position { x: -0.0232479703 y: 2.07158661 z: 0.0263381135 } }}, this= 0x20464eb2b80
[2025-05-23 15:04:48.156] [PSS] [info] [3128|24280]streaming_driver_interface_impl.cpp:87 SubmitViewFrames: submit view frames {view_texture_handles: 3221231170 view_texture_handles: 2147485058 pose { orientation { x: 0.0351107977 y: -0.0588693 z: -0.00417513913 w: 0.997639358 } position { x: -0.023246346 y: 2.07144761 z: 0.026286114 } }}, this= 0x20464eb2b80
[2025-05-23 15:04:48.171] [PSS] [info] [3128|24280]streaming_driver_interface_impl.cpp:87 SubmitViewFrames: submit view frames {view_texture_handles: 3221231170 view_texture_handles: 2147485058 pose { orientation { x: 0.0348284915 y: -0.0585913211 z: -0.0048206239 w: 0.997662663 } position { x: -0.0233638808 y: 2.07147789 z: 0.0262554511 } }}, this= 0x20464eb2b80
[2025-05-23 15:04:48.183] [PSS] [info] [3128|24280]streaming_driver_interface_impl.cpp:87 SubmitViewFrames: submit view frames {view_texture_handles: 3221231170 view_texture_handles: 2147485058 pose { orientation { x: 0.0346026719 y: -0.0583948977 z: -0.00510213198 w: 0.997680664 } position { x: -0.0235660896 y: 2.07152295 z: 0.02635286 } }}, this= 0x20464eb2b80
[2025-05-23 15:04:48.198] [PSS] [info] [3128|24280]streaming_driver_interface_impl.cpp:87 SubmitViewFrames: submit view frames {view_texture_handles: 3221231170 view_texture_handles: 2147485058 pose { orientation { x: 0.0342919454 y: -0.0581389442 z: -0.00494583556 w: 0.997707129 } position { x: -0.0238028336 y: 2.07157588 z: 0.0265351087 } }}, this= 0x20464eb2b80
[2025-05-23 15:04:48.210] [PSS] [info] [3128|24280]streaming_driver_interface_impl.cpp:87 SubmitViewFrames: submit view frames {view_texture_handles: 3221231170 view_texture_handles: 2147485058 pose { orientation { x: 0.0341394506 y: -0.0580606125 z: -0.00444102241 w: 0.997719288 } position { x: -0.0240006261 y: 2.07172036 z: 0.02665684 } }}, this= 0x20464eb2b80
[2025-05-23 15:04:48.225] [PSS] [info] [3128|24280]streaming_driver_interface_impl.cpp:87 SubmitViewFrames: submit view frames {view_texture_handles: 3221231170 view_texture_handles: 2147485058 pose { orientation { x: 0.0342659913 y: -0.0581392422 z: -0.00366856297 w: 0.997713506 } position { x: -0.0241125375 y: 2.07200623 z: 0.026620036 } }}, this= 0x20464eb2b80
[2025-05-23 15:04:48.240] [PSS] [info] [3128|24280]streaming_driver_interface_impl.cpp:87 SubmitViewFrames: submit view frames {view_texture_handles: 3221231170 view_texture_handles: 2147485058 pose { orientation { x: 0.0346191488 y: -0.0579106659 z: -0.00295294099 w: 0.997717 } position { x: -0.0242038704 y: 2.07203722 z: 0.0265682973 } }}, this= 0x20464eb2b80
[2025-05-23 15:04:48.253] [PSS] [info] [3128|24280]streaming_driver_interface_impl.cpp:87 SubmitViewFrames: submit view frames {view_texture_handles: 3221231170 view_texture_handles: 2147485058 pose { orientation { x: 0.0348612 y: -0.0575686 z: -0.00266757351 w: 0.997729182 } position { x: -0.0242699701 y: 2.0718894 z: 0.0266061705 } }}, this= 0x20464eb2b80
[2025-05-23 15:04:48.267] [PSS] [info] [3128|24280]streaming_driver_interface_impl.cpp:87 SubmitViewFrames: submit view frames {view_texture_handles: 3221231170 view_texture_handles: 2147485058 pose { orientation { x: 0.0349054188 y: -0.0571428649 z: -0.00268867565 w: 0.997752 } position { x: -0.0243304949 y: 2.07173228 z: 0.0267413314 } }}, this= 0x20464eb2b80
[2025-05-23 15:04:48.279] [PSS] [info] [3128|24280]streaming_driver_interface_impl.cpp:87 SubmitViewFrames: submit view frames {view_texture_handles: 3221231170 view_texture_handles: 2147485058 pose { orientation { x: 0.0347980112 y: -0.0569313355 z: -0.00279686716 w: 0.997767568 } position { x: -0.0243912488 y: 2.07163167 z: 0.0269180443 } }}, this= 0x20464eb2b80
[2025-05-23 15:04:48.294] [PSS] [info] [3128|24280]streaming_driver_interface_impl.cpp:87 SubmitViewFrames: submit view frames {view_texture_handles: 3221231170 view_texture_handles: 2147485058 pose { orientation { x: 0.0347421728 y: -0.0567513257 z: -0.00286102877 w: 0.997779608 } position { x: -0.0244081188 y: 2.07175875 z: 0.0270928182 } }}, this= 0x20464eb2b80
[2025-05-23 15:04:48.309] [PSS] [info] [3128|24280]streaming_driver_interface_impl.cpp:87 SubmitViewFrames: submit view frames {view_texture_handles: 3221231170 view_texture_handles: 2147485058 pose { orientation { x: 0.034857098 y: -0.0568817928 z: -0.00279067573 w: 0.997768342 } position { x: -0.0244317 y: 2.07194853 z: 0.0272444449 } }}, this= 0x20464eb2b80
[2025-05-23 15:04:48.321] [PSS] [info] [3128|24280]streaming_driver_interface_impl.cpp:87 SubmitViewFrames: submit view frames {view_texture_handles: 3221231170 view_texture_handles: 2147485058 pose { orientation { x: 0.0352179073 y: -0.057134334 z: -0.00279480801 w: 0.997741222 } position { x: -0.0244659297 y: 2.07213473 z: 0.0274003111 } }}, this= 0x20464eb2b80
[2025-05-23 15:04:48.336] [PSS] [info] [3128|24280]streaming_driver_interface_impl.cpp:87 SubmitViewFrames: submit view frames {view_texture_handles: 3221231170 view_texture_handles: 2147485058 pose { orientation { x: 0.0357148349 y: -0.0574510209 z: -0.002739524 w: 0.997705579 } position { x: -0.0245351344 y: 2.07234311 z: 0.0275809038 } }}, this= 0x20464eb2b80
[2025-05-23 15:04:48.351] [PSS] [info] [3128|24280]streaming_driver_interface_impl.cpp:87 SubmitViewFrames: submit view frames {view_texture_handles: 3221231170 view_texture_handles: 2147485058 pose { orientation { x: 0.0362908132 y: -0.0577606261 z: -0.00252154702 w: 0.997667432 } position { x: -0.0246281903 y: 2.07244611 z: 0.0277294647 } }}, this= 0x20464eb2b80
[2025-05-23 15:04:48.363] [PSS] [info] [3128|24280]streaming_driver_interface_impl.cpp:87 SubmitViewFrames: submit view frames {view_texture_handles: 3221231170 view_texture_handles: 2147485058 pose { orientation { x: 0.0369152501 y: -0.0578671917 z: -0.0023260708 w: 0.997638822 } position { x: -0.0246953964 y: 2.07249808 z: 0.0278250054 } }}, this= 0x20464eb2b80
[2025-05-23 15:04:48.377] [PSS] [info] [3128|24280]streaming_driver_interface_impl.cpp:87 SubmitViewFrames: submit view frames {view_texture_handles: 3221231170 view_texture_handles: 2147485058 pose { orientation { x: 0.0374948904 y: -0.0579359494 z: -0.00225581066 w: 0.99761337 } position { x: -0.0247581955 y: 2.0725739 z: 0.0279216226 } }}, this= 0x20464eb2b80
[2025-05-23 15:04:48.393] [PSS] [info] [3128|24280]streaming_driver_interface_impl.cpp:87 SubmitViewFrames: submit view frames {view_texture_handles: 3221231170 view_texture_handles: 2147485058 pose { orientation { x: 0.0381722562 y: -0.0579521097 z: -0.00228609331 w: 0.997586668 } position { x: -0.0247506611 y: 2.07255363 z: 0.0279538892 } }}, this= 0x20464eb2b80
[2025-05-23 15:04:48.405] [PSS] [info] [3128|24280]streaming_driver_interface_impl.cpp:87 SubmitViewFrames: submit view frames {view_texture_handles: 3221231170 view_texture_handles: 2147485058 pose { orientation { x: 0.0386066288 y: -0.0578384176 z: -0.00246265717 w: 0.997576177 } position { x: -0.0247522723 y: 2.07253 z: 0.028041942 } }}, this= 0x20464eb2b80
[2025-05-23 15:04:48.420] [PSS] [info] [3128|24280]streaming_driver_interface_impl.cpp:87 SubmitViewFrames: submit view frames {view_texture_handles: 3221231170 view_texture_handles: 2147485058 pose { orientation { x: 0.0387811288 y: -0.0577367209 z: -0.0025034945 w: 0.997575164 } position { x: -0.0247457139 y: 2.0725646 z: 0.0281472858 } }}, this= 0x20464eb2b80
[2025-05-23 15:04:48.435] [PSS] [info] [3128|24280]streaming_driver_interface_impl.cpp:87 SubmitViewFrames: submit view frames {view_texture_handles: 3221231170 view_texture_handles: 2147485058 pose { orientation { x: 0.0387980752 y: -0.0578113943 z: -0.00239114068 w: 0.997570455 } position { x: -0.0247354098 y: 2.07258797 z: 0.0283506438 } }}, this= 0x20464eb2b80
[2025-05-23 15:04:48.447] [PSS] [info] [3128|24280]streaming_driver_interface_impl.cpp:87 SubmitViewFrames: submit view frames {view_texture_handles: 3221231170 view_texture_handles: 2147485058 pose { orientation { x: 0.0387744084 y: -0.0580297522 z: -0.00236325129 w: 0.997558773 } position { x: -0.0247962493 y: 2.07265663 z: 0.0285286345 } }}, this= 0x20464eb2b80
[2025-05-23 15:04:48.462] [PSS] [info] [3128|24280]streaming_driver_interface_impl.cpp:87 SubmitViewFrames: submit view frames {view_texture_handles: 3221231170 view_texture_handles: 2147485058 pose { orientation { x: 0.0387905575 y: -0.0584590733 z: -0.00204809476 w: 0.997533798 } position { x: -0.0248962194 y: 2.07288527 z: 0.028657943 } }}, this= 0x20464eb2b80
[2025-05-23 15:04:48.474] [PSS] [info] [3128|24280]streaming_driver_interface_impl.cpp:87 SubmitViewFrames: submit view frames {view_texture_handles: 3221231170 view_texture_handles: 2147485058 pose { orientation { x: 0.0389442 y: -0.0589106493 z: -0.00152665097 w: 0.997502148 } position { x: -0.0250206515 y: 2.07303023 z: 0.0286838915 } }}, this= 0x20464eb2b80
[2025-05-23 15:04:48.490] [PSS] [info] [3128|24280]streaming_driver_interface_impl.cpp:87 SubmitViewFrames: submit view frames {view_texture_handles: 3221231170 view_texture_handles: 2147485058 pose { orientation { x: 0.0391121842 y: -0.0591832101 z: -0.00104630622 w: 0.997480094 } position { x: -0.0251966454 y: 2.07307243 z: 0.0286673233 } }}, this= 0x20464eb2b80
[2025-05-23 15:04:48.502] [PSS] [info] [3128|24280]streaming_driver_interface_impl.cpp:87 SubmitViewFrames: submit view frames {view_texture_handles: 3221231170 view_texture_handles: 2147485058 pose { orientation { x: 0.039275907 y: -0.0593415424 z: -0.00072549982 w: 0.997464538 } position { x: -0.025362948 y: 2.07297468 z: 0.0285596773 } }}, this= 0x20464eb2b80
[2025-05-23 15:04:48.517] [PSS] [info] [3128|24280]streaming_driver_interface_impl.cpp:87 SubmitViewFrames: submit view frames {view_texture_handles: 3221231170 view_texture_handles: 2147485058 pose { orientation { x: 0.039279256 y: -0.0592885539 z: -0.000642407569 w: 0.997467577 } position { x: -0.0253915172 y: 2.07271266 z: 0.0283808671 } }}, this= 0x20464eb2b80
[2025-05-23 15:04:48.531] [PSS] [info] [3128|24280]streaming_driver_interface_impl.cpp:87 SubmitViewFrames: submit view frames {view_texture_handles: 3221231170 view_texture_handles: 2147485058 pose { orientation { x: 0.0389528386 y: -0.0589591525 z: -0.000856781669 w: 0.997499764 } position { x: -0.0254064482 y: 2.07232738 z: 0.0282079522 } }}, this= 0x20464eb2b80
[2025-05-23 15:04:48.546] [PSS] [info] [3128|24280]streaming_driver_interface_impl.cpp:87 SubmitViewFrames: submit view frames {view_texture_handles: 3221231170 view_texture_handles: 2147485058 pose { orientation { x: 0.0382733531 y: -0.0586009845 z: -0.00146164745 w: 0.997546494 } position { x: -0.0253130849 y: 2.07206297 z: 0.0279906113 } }}, this= 0x20464eb2b80
[2025-05-23 15:04:48.558] [PSS] [info] [3128|24280]streaming_driver_interface_impl.cpp:87 SubmitViewFrames: submit view frames {view_texture_handles: 3221231170 view_texture_handles: 2147485058 pose { orientation { x: 0.0372576267 y: -0.0581142418 z: -0.00227517658 w: 0.99761188 } position { x: -0.0253039878 y: 2.07189202 z: 0.027851088 } }}, this= 0x20464eb2b80
[2025-05-23 15:04:48.573] [PSS] [info] [3128|24280]streaming_driver_interface_impl.cpp:87 SubmitViewFrames: submit view frames {view_texture_handles: 3221231170 view_texture_handles: 2147485058 pose { orientation { x: 0.0362317376 y: -0.0579024926 z: -0.00293257553 w: 0.997660279 } position { x: -0.0253203269 y: 2.07178926 z: 0.0277515929 } }}, this= 0x20464eb2b80
[2025-05-23 15:04:48.585] [PSS] [info] [3128|24280]streaming_driver_interface_impl.cpp:87 SubmitViewFrames: submit view frames {view_texture_handles: 3221231170 view_texture_handles: 2147485058 pose { orientation { x: 0.035160929 y: -0.0578296855 z: -0.00330584333 w: 0.997701645 } position { x: -0.0253993459 y: 2.07173 z: 0.0277398154 } }}, this= 0x20464eb2b80
[2025-05-23 15:04:48.600] [PSS] [info] [3128|24280]streaming_driver_interface_impl.cpp:87 SubmitViewFrames: submit view frames {view_texture_handles: 3221231170 view_texture_handles: 2147485058 pose { orientation { x: 0.0342094265 y: -0.057848379 z: -0.00328047271 w: 0.997733712 } position { x: -0.0255250353 y: 2.07171535 z: 0.027808642 } }}, this= 0x20464eb2b80
[2025-05-23 15:04:48.613] [PSS] [info] [3128|24280]streaming_driver_interface_impl.cpp:87 SubmitViewFrames: submit view frames {view_texture_handles: 3221231170 view_texture_handles: 2147485058 pose { orientation { x: 0.033502318 y: -0.0580298901 z: -0.00296341768 w: 0.997748137 } position { x: -0.0256393831 y: 2.07167959 z: 0.0278620478 } }}, this= 0x20464eb2b80
[2025-05-23 15:04:48.628] [PSS] [info] [3128|24280]streaming_driver_interface_impl.cpp:87 SubmitViewFrames: submit view frames {view_texture_handles: 3221231170 view_texture_handles: 2147485058 pose { orientation { x: 0.0329214297 y: -0.0582168 z: -0.00254522706 w: 0.997757733 } position { x: -0.0257261693 y: 2.07160044 z: 0.0278566163 } }}, this= 0x20464eb2b80
[2025-05-23 15:04:48.643] [PSS] [info] [3128|24280]streaming_driver_interface_impl.cpp:87 SubmitViewFrames: submit view frames {view_texture_handles: 3221231170 view_texture_handles: 2147485058 pose { orientation { x: 0.0327046737 y: -0.0583410338 z: -0.00208617025 w: 0.997758687 } position { x: -0.0257079471 y: 2.0716424 z: 0.0278276037 } }}, this= 0x20464eb2b80
[2025-05-23 15:04:48.655] [PSS] [info] [3128|24280]streaming_driver_interface_impl.cpp:87 SubmitViewFrames: submit view frames {view_texture_handles: 3221231170 view_texture_handles: 2147485058 pose { orientation { x: 0.0326984376 y: -0.0582755 z: -0.00206871168 w: 0.99776274 } position { x: -0.0257263295 y: 2.07154655 z: 0.0277882405 } }}, this= 0x20464eb2b80
[2025-05-23 15:04:48.670] [PSS] [info] [3128|24280]streaming_driver_interface_impl.cpp:87 SubmitViewFrames: submit view frames {view_texture_handles: 3221231170 view_texture_handles: 2147485058 pose { orientation { x: 0.0329388902 y: -0.0583320893 z: -0.00252690096 w: 0.997750521 } position { x: -0.0257309917 y: 2.07140779 z: 0.0277641881 } }}, this= 0x20464eb2b80
[2025-05-23 15:04:48.682] [PSS] [info] [3128|24280]streaming_driver_interface_impl.cpp:87 SubmitViewFrames: submit view frames {view_texture_handles: 3221231170 view_texture_handles: 2147485058 pose { orientation { x: 0.0332504809 y: -0.0583791882 z: -0.00334762852 w: 0.997734964 } position { x: -0.0257119276 y: 2.07130122 z: 0.0277773105 } }}, this= 0x20464eb2b80
[2025-05-23 15:04:48.697] [PSS] [info] [3128|24280]streaming_driver_interface_impl.cpp:87 SubmitViewFrames: submit view frames {view_texture_handles: 3221231170 view_texture_handles: 2147485058 pose { orientation { x: 0.0335249752 y: -0.058586996 z: -0.00407800265 w: 0.997710884 } position { x: -0.0256460644 y: 2.07120538 z: 0.0277087856 } }}, this= 0x20464eb2b80
[2025-05-23 15:04:48.712] [PSS] [info] [3128|24280]streaming_driver_interface_impl.cpp:87 SubmitViewFrames: submit view frames {view_texture_handles: 3221231170 view_texture_handles: 2147485058 pose { orientation { x: 0.0336875096 y: -0.0587185286 z: -0.00479419157 w: 0.997694492 } position { x: -0.0255176574 y: 2.07109809 z: 0.027692901 } }}, this= 0x20464eb2b80
[2025-05-23 15:04:48.727] [PSS] [info] [3128|24280]streaming_driver_interface_impl.cpp:87 SubmitViewFrames: submit view frames {view_texture_handles: 3221231170 view_texture_handles: 2147485058 pose { orientation { x: 0.0337272361 y: -0.0588825047 z: -0.00559705682 w: 0.997679293 } position { x: -0.0253695808 y: 2.07108235 z: 0.0278185569 } }}, this= 0x20464eb2b80
[2025-05-23 15:04:48.737] [PSS] [info] [3128|24280]streaming_driver_interface_impl.cpp:87 SubmitViewFrames: submit view frames {view_texture_handles: 3221231170 view_texture_handles: 2147485058 pose { orientation { x: 0.0338335 y: -0.0591329746 z: -0.00620558206 w: 0.997657299 } position { x: -0.0252629332 y: 2.0710597 z: 0.0279670767 } }}, this= 0x20464eb2b80
[2025-05-23 15:04:48.753] [PSS] [info] [3128|24280]streaming_driver_interface_impl.cpp:87 SubmitViewFrames: submit view frames {view_texture_handles: 3221231170 view_texture_handles: 2147485058 pose { orientation { x: 0.0339802317 y: -0.0597289242 z: -0.00644604862 w: 0.997615337 } position { x: -0.0252075586 y: 2.07112885 z: 0.028118588 } }}, this= 0x20464eb2b80
[2025-05-23 15:04:48.766] [PSS] [info] [3128|24280]streaming_driver_interface_impl.cpp:87 SubmitViewFrames: submit view frames {view_texture_handles: 3221231170 view_texture_handles: 2147485058 pose { orientation { x: 0.034149725 y: -0.0606240407 z: -0.00630003912 w: 0.997556448 } position { x: -0.0251037385 y: 2.0712142 z: 0.0282541346 } }}, this= 0x20464eb2b80
[2025-05-23 15:04:48.782] [PSS] [info] [3128|24280]streaming_driver_interface_impl.cpp:87 SubmitViewFrames: submit view frames {view_texture_handles: 3221231170 view_texture_handles: 2147485058 pose { orientation { x: 0.0342474803 y: -0.0615225732 z: -0.00586154032 w: 0.997500777 } position { x: -0.0249928348 y: 2.07148027 z: 0.0284561832 } }}, this= 0x20464eb2b80
[2025-05-23 15:04:48.795] [PSS] [info] [3128|24280]streaming_driver_interface_impl.cpp:87 SubmitViewFrames: submit view frames {view_texture_handles: 3221231170 view_texture_handles: 2147485058 pose { orientation { x: 0.0343869738 y: -0.0624591112 z: -0.00502380962 w: 0.997442305 } position { x: -0.0249421112 y: 2.07172251 z: 0.0286906511 } }}, this= 0x20464eb2b80
[2025-05-23 15:04:48.810] [PSS] [info] [3128|24280]streaming_driver_interface_impl.cpp:87 SubmitViewFrames: submit view frames {view_texture_handles: 3221231170 view_texture_handles: 2147485058 pose { orientation { x: 0.0347625874 y: -0.0634778216 z: -0.00396889076 w: 0.997369766 } position { x: -0.0249127317 y: 2.07188678 z: 0.028818382 } }}, this= 0x20464eb2b80
[2025-05-23 15:04:48.823] [PSS] [info] [3128|24280]streaming_driver_interface_impl.cpp:87 SubmitViewFrames: submit view frames {view_texture_handles: 3221231170 view_texture_handles: 2147485058 pose { orientation { x: 0.0352120288 y: -0.0643442497 z: -0.00294653513 w: 0.997302 } position { x: -0.0249221195 y: 2.07187557 z: 0.0289007314 } }}, this= 0x20464eb2b80
[2025-05-23 15:04:48.837] [PSS] [info] [3128|24280]streaming_driver_interface_impl.cpp:87 SubmitViewFrames: submit view frames {view_texture_handles: 3221231170 view_texture_handles: 2147485058 pose { orientation { x: 0.0356752947 y: -0.0648694187 z: -0.00246096286 w: 0.997252822 } position { x: -0.0249009188 y: 2.07191086 z: 0.028988326 } }}, this= 0x20464eb2b80
[2025-05-23 15:04:48.850] [PSS] [info] [3128|24280]streaming_driver_interface_impl.cpp:87 SubmitViewFrames: submit view frames {view_texture_handles: 3221231170 view_texture_handles: 2147485058 pose { orientation { x: 0.0360030867 y: -0.0650950596 z: -0.00195622607 w: 0.99722749 } position { x: -0.0248037055 y: 2.07209516 z: 0.0290008597 } }}, this= 0x20464eb2b80
[2025-05-23 15:04:48.864] [PSS] [info] [3128|24280]streaming_driver_interface_impl.cpp:87 SubmitViewFrames: submit view frames {view_texture_handles: 3221231170 view_texture_handles: 2147485058 pose { orientation { x: 0.0363997817 y: -0.0650692806 z: -0.00135437062 w: 0.997215748 } position { x: -0.024675332 y: 2.07215357 z: 0.0290064868 } }}, this= 0x20464eb2b80
[2025-05-23 15:04:48.877] [PSS] [info] [3128|24280]streaming_driver_interface_impl.cpp:87 SubmitViewFrames: submit view frames {view_texture_handles: 3221231170 view_texture_handles: 2147485058 pose { orientation { x: 0.0368064754 y: -0.0648695678 z: -0.00104809983 w: 0.997214198 } position { x: -0.0246051159 y: 2.07214904 z: 0.0290838089 } }}, this= 0x20464eb2b80
[2025-05-23 15:04:48.893] [PSS] [info] [3128|24280]streaming_driver_interface_impl.cpp:87 SubmitViewFrames: submit view frames {view_texture_handles: 3221231170 view_texture_handles: 2147485058 pose { orientation { x: 0.0371910371 y: -0.0648642629 z: -0.00104669412 w: 0.997200251 } position { x: -0.0245287251 y: 2.0721705 z: 0.0291563589 } }}, this= 0x20464eb2b80
[2025-05-23 15:04:48.906] [PSS] [info] [3128|24280]streaming_driver_interface_impl.cpp:87 SubmitViewFrames: submit view frames {view_texture_handles: 3221231170 view_texture_handles: 2147485058 pose { orientation { x: 0.037554957 y: -0.0650768 z: -0.000901273452 w: 0.997172892 } position { x: -0.0244203489 y: 2.07223725 z: 0.029138878 } }}, this= 0x20464eb2b80
[2025-05-23 15:04:48.921] [PSS] [info] [3128|24280]streaming_driver_interface_impl.cpp:87 SubmitViewFrames: submit view frames {view_texture_handles: 3221231170 view_texture_handles: 2147485058 pose { orientation { x: 0.0378467068 y: -0.065395996 z: -0.000986748142 w: 0.997140944 } position { x: -0.0243107714 y: 2.07225776 z: 0.0290788449 } }}, this= 0x20464eb2b80
[2025-05-23 15:04:48.934] [PSS] [info] [3128|24280]streaming_driver_interface_impl.cpp:87 SubmitViewFrames: submit view frames {view_texture_handles: 3221231170 view_texture_handles: 2147485058 pose { orientation { x: 0.0378796421 y: -0.0655968189 z: -0.00129857985 w: 0.997126162 } position { x: -0.0242636167 y: 2.07237077 z: 0.0289068874 } }}, this= 0x20464eb2b80
[2025-05-23 15:04:48.947] [PSS] [info] [3128|24280]streaming_driver_interface_impl.cpp:87 SubmitViewFrames: submit view frames {view_texture_handles: 3221231170 view_texture_handles: 2147485058 pose { orientation { x: 0.0378391892 y: -0.0656725 z: -0.00163195643 w: 0.997122169 } position { x: -0.0243072063 y: 2.07246733 z: 0.0287952013 } }}, this= 0x20464eb2b80
[2025-05-23 15:04:48.962] [PSS] [info] [3128|24280]streaming_driver_interface_impl.cpp:87 SubmitViewFrames: submit view frames {view_texture_handles: 3221231170 view_texture_handles: 2147485058 pose { orientation { x: 0.0376442559 y: -0.0657069087 z: -0.00138738856 w: 0.997127712 } position { x: -0.0243581589 y: 2.07256556 z: 0.0286906157 } }}, this= 0x20464eb2b80
[2025-05-23 15:04:48.974] [PSS] [info] [3128|24280]streaming_driver_interface_impl.cpp:87 SubmitViewFrames: submit view frames {view_texture_handles: 3221231170 view_texture_handles: 2147485058 pose { orientation { x: 0.0373831131 y: -0.0654713809 z: -0.000972484238 w: 0.997153461 } position { x: -0.0244435687 y: 2.0725379 z: 0.0285707619 } }}, this= 0x20464eb2b80
[2025-05-23 15:04:48.989] [PSS] [info] [3128|24280]streaming_driver_interface_impl.cpp:87 SubmitViewFrames: submit view frames {view_texture_handles: 3221231170 view_texture_handles: 2147485058 pose { orientation { x: 0.0370348096 y: -0.0652499199 z: -0.000618017279 w: 0.997181296 } position { x: -0.0244189296 y: 2.07244778 z: 0.0283918381 } }}, this= 0x20464eb2b80
[2025-05-23 15:04:49.004] [PSS] [info] [3128|24280]streaming_driver_interface_impl.cpp:87 SubmitViewFrames: submit view frames {view_texture_handles: 3221231170 view_texture_handles: 2147485058 pose { orientation { x: 0.0366028398 y: -0.0650030896 z: -0.000501396134 w: 0.997213423 } position { x: -0.0243914314 y: 2.07229376 z: 0.0283004027 } }}, this= 0x20464eb2b80
[2025-05-23 15:04:49.017] [PSS] [info] [3128|24280]streaming_driver_interface_impl.cpp:87 SubmitViewFrames: submit view frames {view_texture_handles: 3221231170 view_texture_handles: 2147485058 pose { orientation { x: 0.0362187177 y: -0.0647968501 z: -0.000687051914 w: 0.997240722 } position { x: -0.0243385788 y: 2.07213736 z: 0.0281940699 } }}, this= 0x20464eb2b80
[2025-05-23 15:04:49.032] [PSS] [info] [3128|24280]streaming_driver_interface_impl.cpp:87 SubmitViewFrames: submit view frames {view_texture_handles: 3221231170 view_texture_handles: 2147485058 pose { orientation { x: 0.0356918238 y: -0.0648047924 z: -0.00113898981 w: 0.997258842 } position { x: -0.0242902767 y: 2.07207441 z: 0.0280396789 } }}, this= 0x20464eb2b80
[2025-05-23 15:04:49.044] [PSS] [info] [3128|24280]streaming_driver_interface_impl.cpp:87 SubmitViewFrames: submit view frames {view_texture_handles: 3221231170 view_texture_handles: 2147485058 pose { orientation { x: 0.0353127606 y: -0.0649504513 z: -0.00145946594 w: 0.997262418 } position { x: -0.0242640618 y: 2.07197523 z: 0.0278951749 } }}, this= 0x20464eb2b80
[2025-05-23 15:04:49.059] [PSS] [info] [3128|24280]streaming_driver_interface_impl.cpp:87 SubmitViewFrames: submit view frames {view_texture_handles: 3221231170 view_texture_handles: 2147485058 pose { orientation { x: 0.0349379629 y: -0.0651701391 z: -0.00197871402 w: 0.997260392 } position { x: -0.0242807325 y: 2.07187271 z: 0.0277066752 } }}, this= 0x20464eb2b80
[2025-05-23 15:04:49.072] [PSS] [info] [3128|24280]streaming_driver_interface_impl.cpp:87 SubmitViewFrames: submit view frames {view_texture_handles: 3221231170 view_texture_handles: 2147485058 pose { orientation { x: 0.0344822444 y: -0.065198265 z: -0.00230781152 w: 0.997273743 } position { x: -0.0243314989 y: 2.07184219 z: 0.0275759269 } }}, this= 0x20464eb2b80
[2025-05-23 15:04:49.087] [PSS] [info] [3128|24280]streaming_driver_interface_impl.cpp:87 SubmitViewFrames: submit view frames {view_texture_handles: 3221231170 view_texture_handles: 2147485058 pose { orientation { x: 0.0340446495 y: -0.0651574954 z: -0.00247647264 w: 0.997291 } position { x: -0.0244126637 y: 2.07175136 z: 0.0274428688 } }}, this= 0x20464eb2b80
[2025-05-23 15:04:49.099] [PSS] [info] [3128|24280]streaming_driver_interface_impl.cpp:87 SubmitViewFrames: submit view frames {view_texture_handles: 3221231170 view_texture_handles: 2147485058 pose { orientation { x: 0.0336100273 y: -0.0648396164 z: -0.00264444295 w: 0.997326076 } position { x: -0.0244983565 y: 2.07162309 z: 0.0273291655 } }}, this= 0x20464eb2b80
[2025-05-23 15:04:49.115] [PSS] [info] [3128|24280]streaming_driver_interface_impl.cpp:87 SubmitViewFrames: submit view frames {view_texture_handles: 3221231170 view_texture_handles: 2147485058 pose { orientation { x: 0.0332806706 y: -0.0646165907 z: -0.00279559591 w: 0.99735117 } position { x: -0.0246092062 y: 2.07157063 z: 0.0273308679 } }}, this= 0x20464eb2b80
[2025-05-23 15:04:49.130] [PSS] [info] [3128|24280]streaming_driver_interface_impl.cpp:87 SubmitViewFrames: submit view frames {view_texture_handles: 3221231170 view_texture_handles: 2147485058 pose { orientation { x: 0.0330956839 y: -0.0645305365 z: -0.00278138323 w: 0.997362912 } position { x: -0.0246722363 y: 2.07151794 z: 0.0272844955 } }}, this= 0x20464eb2b80
[2025-05-23 15:04:49.142] [PSS] [info] [3128|24280]streaming_driver_interface_impl.cpp:87 SubmitViewFrames: submit view frames {view_texture_handles: 3221231170 view_texture_handles: 2147485058 pose { orientation { x: 0.0329462 y: -0.0644727498 z: -0.00275168568 w: 0.997371674 } position { x: -0.0247570239 y: 2.0715189 z: 0.0271986518 } }}, this= 0x20464eb2b80
[2025-05-23 15:04:49.155] [PSS] [info] [3128|24280]streaming_driver_interface_impl.cpp:87 SubmitViewFrames: submit view frames {view_texture_handles: 3221231170 view_texture_handles: 2147485058 pose { orientation { x: 0.0327952839 y: -0.0643836632 z: -0.00256382045 w: 0.997382939 } position { x: -0.0248101298 y: 2.07152033 z: 0.0271534584 } }}, this= 0x20464eb2b80
[2025-05-23 15:04:49.169] [PSS] [info] [3128|24280]streaming_driver_interface_impl.cpp:87 SubmitViewFrames: submit view frames {view_texture_handles: 3221231170 view_texture_handles: 2147485058 pose { orientation { x: 0.0326720066 y: -0.0643105283 z: -0.0022868 w: 0.997392356 } position { x: -0.0248777624 y: 2.07151771 z: 0.0271340217 } }}, this= 0x20464eb2b80
[2025-05-23 15:04:49.184] [PSS] [info] [3128|24280]streaming_driver_interface_impl.cpp:87 SubmitViewFrames: submit view frames {view_texture_handles: 3221231170 view_texture_handles: 2147485058 pose { orientation { x: 0.0325678401 y: -0.0641640425 z: -0.00202892558 w: 0.997405767 } position { x: -0.0249360818 y: 2.07148886 z: 0.0270872526 } }}, this= 0x20464eb2b80
[2025-05-23 15:04:49.199] [PSS] [info] [3128|24280]streaming_driver_interface_impl.cpp:87 SubmitViewFrames: submit view frames {view_texture_handles: 3221231170 view_texture_handles: 2147485058 pose { orientation { x: 0.0325492769 y: -0.0640546083 z: -0.00178483455 w: 0.997413874 } position { x: -0.0249731336 y: 2.0713613 z: 0.027078256 } }}, this= 0x20464eb2b80
[2025-05-23 15:04:49.211] [PSS] [info] [3128|24280]streaming_driver_interface_impl.cpp:87 SubmitViewFrames: submit view frames {view_texture_handles: 3221231170 view_texture_handles: 2147485058 pose { orientation { x: 0.0324707031 y: -0.0639025867 z: -0.00182311959 w: 0.997426093 } position { x: -0.025033094 y: 2.07126284 z: 0.0270768404 } }}, this= 0x20464eb2b80
[2025-05-23 15:04:49.226] [PSS] [info] [3128|24280]streaming_driver_interface_impl.cpp:87 SubmitViewFrames: submit view frames {view_texture_handles: 3221231170 view_texture_handles: 2147485058 pose { orientation { x: 0.0324239582 y: -0.0635999143 z: -0.00199326267 w: 0.997446656 } position { x: -0.0250055119 y: 2.07121348 z: 0.0271701664 } }}, this= 0x20464eb2b80
[2025-05-23 15:04:49.239] [PSS] [info] [3128|24280]streaming_driver_interface_impl.cpp:87 SubmitViewFrames: submit view frames {view_texture_handles: 3221231170 view_texture_handles: 2147485058 pose { orientation { x: 0.0322968215 y: -0.0633736327 z: -0.00208610785 w: 0.997464955 } position { x: -0.0250099562 y: 2.07125521 z: 0.0273108762 } }}, this= 0x20464eb2b80
[2025-05-23 15:04:49.253] [PSS] [info] [3128|24280]streaming_driver_interface_impl.cpp:87 SubmitViewFrames: submit view frames {view_texture_handles: 3221231170 view_texture_handles: 2147485058 pose { orientation { x: 0.0322784148 y: -0.0632303283 z: -0.00195828709 w: 0.997474909 } position { x: -0.0250712354 y: 2.07136631 z: 0.0274646617 } }}, this= 0x20464eb2b80
[2025-05-23 15:04:49.266] [PSS] [info] [3128|24280]streaming_driver_interface_impl.cpp:87 SubmitViewFrames: submit view frames {view_texture_handles: 3221231170 view_texture_handles: 2147485058 pose { orientation { x: 0.0325579718 y: -0.0632784814 z: -0.00188044063 w: 0.997462928 } position { x: -0.0251154397 y: 2.07155108 z: 0.0275535863 } }}, this= 0x20464eb2b80
[2025-05-23 15:04:49.281] [PSS] [info] [3128|24280]streaming_driver_interface_impl.cpp:87 SubmitViewFrames: submit view frames {view_texture_handles: 3221231170 view_texture_handles: 2147485058 pose { orientation { x: 0.0331634916 y: -0.0634507909 z: -0.00169119949 w: 0.997432351 } position { x: -0.0251925383 y: 2.07169247 z: 0.0276075695 } }}, this= 0x20464eb2b80
[2025-05-23 15:04:49.296] [PSS] [info] [3128|24280]streaming_driver_interface_impl.cpp:87 SubmitViewFrames: submit view frames {view_texture_handles: 3221231170 view_texture_handles: 2147485058 pose { orientation { x: 0.0338302329 y: -0.0635567605 z: -0.00149995368 w: 0.997403562 } position { x: -0.0252522435 y: 2.07178354 z: 0.0276617128 } }}, this= 0x20464eb2b80
[2025-05-23 15:04:49.308] [PSS] [info] [3128|24280]streaming_driver_interface_impl.cpp:87 SubmitViewFrames: submit view frames {view_texture_handles: 3221231170 view_texture_handles: 2147485058 pose { orientation { x: 0.0344336256 y: -0.0636227131 z: -0.00138004578 w: 0.997378886 } position { x: -0.0253461171 y: 2.0717659 z: 0.027664993 } }}, this= 0x20464eb2b80
[2025-05-23 15:04:49.323] [PSS] [info] [3128|24280]streaming_driver_interface_impl.cpp:87 SubmitViewFrames: submit view frames {view_texture_handles: 3221231170 view_texture_handles: 2147485058 pose { orientation { x: 0.0348932594 y: -0.0636085942 z: -0.0014211972 w: 0.997363746 } position { x: -0.025420988 y: 2.07172799 z: 0.0276516136 } }}, this= 0x20464eb2b80
[2025-05-23 15:04:49.335] [PSS] [info] [3128|24280]streaming_driver_interface_impl.cpp:87 SubmitViewFrames: submit view frames {view_texture_handles: 3221231170 view_texture_handles: 2147485058 pose { orientation { x: 0.0351812206 y: -0.0633024052 z: -0.00152837473 w: 0.997372925 } position { x: -0.0254655723 y: 2.07173181 z: 0.0276072118 } }}, this= 0x20464eb2b80
[2025-05-23 15:04:49.350] [PSS] [info] [3128|24280]streaming_driver_interface_impl.cpp:87 SubmitViewFrames: submit view frames {view_texture_handles: 3221231170 view_texture_handles: 2147485058 pose { orientation { x: 0.0352683887 y: -0.062826708 z: -0.0015765857 w: 0.997399867 } position { x: -0.0254890434 y: 2.07179022 z: 0.0276038572 } }}, this= 0x20464eb2b80
[2025-05-23 15:04:49.363] [PSS] [info] [3128|24280]streaming_driver_interface_impl.cpp:87 SubmitViewFrames: submit view frames {view_texture_handles: 3221231170 view_texture_handles: 2147485058 pose { orientation { x: 0.0353019 y: -0.0622994229 z: -0.00167314208 w: 0.997431576 } position { x: -0.0254989024 y: 2.0718441 z: 0.0276490655 } }}, this= 0x20464eb2b80
[2025-05-23 15:04:49.378] [PSS] [info] [3128|24280]streaming_driver_interface_impl.cpp:87 SubmitViewFrames: submit view frames {view_texture_handles: 3221231170 view_texture_handles: 2147485058 pose { orientation { x: 0.0352869108 y: -0.0618764125 z: -0.00167084788 w: 0.997458458 } position { x: -0.0255640484 y: 2.07191801 z: 0.0277740248 } }}, this= 0x20464eb2b80
[2025-05-23 15:04:49.393] [PSS] [info] [3128|24280]streaming_driver_interface_impl.cpp:87 SubmitViewFrames: submit view frames {view_texture_handles: 3221231170 view_texture_handles: 2147485058 pose { orientation { x: 0.0353135392 y: -0.06176164 z: -0.00140313036 w: 0.997465 } position { x: -0.0256727803 y: 2.07199526 z: 0.0279282592 } }}, this= 0x20464eb2b80
[2025-05-23 15:04:49.405] [PSS] [info] [3128|24280]streaming_driver_interface_impl.cpp:87 SubmitViewFrames: submit view frames {view_texture_handles: 3221231170 view_texture_handles: 2147485058 pose { orientation { x: 0.0354920104 y: -0.061992228 z: -0.00104325917 w: 0.997444868 } position { x: -0.0257281177 y: 2.0720973 z: 0.0279852338 } }}, this= 0x20464eb2b80
[2025-05-23 15:04:49.420] [PSS] [info] [3128|24280]streaming_driver_interface_impl.cpp:87 SubmitViewFrames: submit view frames {view_texture_handles: 3221231170 view_texture_handles: 2147485058 pose { orientation { x: 0.0357063785 y: -0.0622401573 z: -0.000687018503 w: 0.997422099 } position { x: -0.0257956441 y: 2.07223344 z: 0.0279790256 } }}, this= 0x20464eb2b80
[2025-05-23 15:04:49.432] [PSS] [info] [3128|24280]streaming_driver_interface_impl.cpp:87 SubmitViewFrames: submit view frames {view_texture_handles: 3221231170 view_texture_handles: 2147485058 pose { orientation { x: 0.0360195152 y: -0.0624849163 z: -0.00030305906 w: 0.997395694 } position { x: -0.0258337446 y: 2.0721333 z: 0.0279187113 } }}, this= 0x20464eb2b80
[2025-05-23 15:04:49.448] [PSS] [info] [3128|24280]streaming_driver_interface_impl.cpp:87 SubmitViewFrames: submit view frames {view_texture_handles: 3221231170 view_texture_handles: 2147485058 pose { orientation { x: 0.035993278 y: -0.0624636188 z: -0.000171818465 w: 0.997398 } position { x: -0.0258334596 y: 2.07193708 z: 0.0279053897 } }}, this= 0x20464eb2b80
[2025-05-23 15:04:49.461] [PSS] [info] [3128|24280]streaming_driver_interface_impl.cpp:87 SubmitViewFrames: submit view frames {view_texture_handles: 3221231170 view_texture_handles: 2147485058 pose { orientation { x: 0.035909079 y: -0.0623024702 z: -0.000179984811 w: 0.997411132 } position { x: -0.0258340184 y: 2.07166052 z: 0.0279421266 } }}, this= 0x20464eb2b80
[2025-05-23 15:04:49.474] [PSS] [info] [3128|24280]streaming_driver_interface_impl.cpp:87 SubmitViewFrames: submit view frames {view_texture_handles: 3221231170 view_texture_handles: 2147485058 pose { orientation { x: 0.0355970748 y: -0.0622179173 z: -0.000710004 w: 0.997427344 } position { x: -0.0257992614 y: 2.07145262 z: 0.0279943645 } }}, this= 0x20464eb2b80
[2025-05-23 15:04:49.489] [PSS] [info] [3128|24280]streaming_driver_interface_impl.cpp:87 SubmitViewFrames: submit view frames {view_texture_handles: 3221231170 view_texture_handles: 2147485058 pose { orientation { x: 0.0354376 y: -0.0621323846 z: -0.0013909064 w: 0.997437656 } position { x: -0.0257381126 y: 2.07148 z: 0.0280897375 } }}, this= 0x20464eb2b80
[2025-05-23 15:04:49.504] [PSS] [info] [3128|24280]streaming_driver_interface_impl.cpp:87 SubmitViewFrames: submit view frames {view_texture_handles: 3221231170 view_texture_handles: 2147485058 pose { orientation { x: 0.0354301147 y: -0.0623282157 z: -0.00195057818 w: 0.997424722 } position { x: -0.0256223306 y: 2.07163405 z: 0.0281579606 } }}, this= 0x20464eb2b80
[2025-05-23 15:04:49.516] [PSS] [info] [3128|24280]streaming_driver_interface_impl.cpp:87 SubmitViewFrames: submit view frames {view_texture_handles: 3221231170 view_texture_handles: 2147485058 pose { orientation { x: 0.035664171 y: -0.0626959503 z: -0.00224940432 w: 0.997392714 } position { x: -0.025546601 y: 2.07169986 z: 0.0282633435 } }}, this= 0x20464eb2b80
[2025-05-23 15:04:49.532] [PSS] [info] [3128|24280]streaming_driver_interface_impl.cpp:87 SubmitViewFrames: submit view frames {view_texture_handles: 3221231170 view_texture_handles: 2147485058 pose { orientation { x: 0.0358416028 y: -0.0632277504 z: -0.00243164366 w: 0.997352362 } position { x: -0.0255323797 y: 2.07164049 z: 0.0283695739 } }}, this= 0x20464eb2b80
[2025-05-23 15:04:49.544] [PSS] [info] [3128|24280]streaming_driver_interface_impl.cpp:87 SubmitViewFrames: submit view frames {view_texture_handles: 3221231170 view_texture_handles: 2147485058 pose { orientation { x: 0.0359787196 y: -0.0636548698 z: -0.00251727714 w: 0.997320056 } position { x: -0.0255648363 y: 2.07151985 z: 0.0284350868 } }}, this= 0x20464eb2b80
[2025-05-23 15:04:49.559] [PSS] [info] [3128|24280]streaming_driver_interface_impl.cpp:87 SubmitViewFrames: submit view frames {view_texture_handles: 3221231170 view_texture_handles: 2147485058 pose { orientation { x: 0.0361235961 y: -0.0640721172 z: -0.0027086155 w: 0.997287631 } position { x: -0.0255732741 y: 2.07146144 z: 0.0284351334 } }}, this= 0x20464eb2b80
[2025-05-23 15:04:49.572] [PSS] [info] [3128|24280]streaming_driver_interface_impl.cpp:87 SubmitViewFrames: submit view frames {view_texture_handles: 3221231170 view_texture_handles: 2147485058 pose { orientation { x: 0.0363552123 y: -0.064188011 z: -0.00290541979 w: 0.99727118 } position { x: -0.0256159306 y: 2.07147694 z: 0.0283843093 } }}, this= 0x20464eb2b80
[2025-05-23 15:04:49.587] [PSS] [info] [3128|24280]streaming_driver_interface_impl.cpp:87 SubmitViewFrames: submit view frames {view_texture_handles: 3221231170 view_texture_handles: 2147485058 pose { orientation { x: 0.0365902334 y: -0.0640747324 z: -0.00308839045 w: 0.997269332 } position { x: -0.0256031025 y: 2.07147312 z: 0.0283394922 } }}, this= 0x20464eb2b80
[2025-05-23 15:04:49.599] [PSS] [info] [3128|24280]streaming_driver_interface_impl.cpp:87 SubmitViewFrames: submit view frames {view_texture_handles: 3221231170 view_texture_handles: 2147485058 pose { orientation { x: 0.0366682447 y: -0.063807711 z: -0.0031970439 w: 0.99728322 } position { x: -0.0256314985 y: 2.07146716 z: 0.0283264145 } }}, this= 0x20464eb2b80
[2025-05-23 15:04:49.614] [PSS] [info] [3128|24280]streaming_driver_interface_impl.cpp:87 SubmitViewFrames: submit view frames {view_texture_handles: 3221231170 view_texture_handles: 2147485058 pose { orientation { x: 0.0366312601 y: -0.0634221509 z: -0.00313820085 w: 0.997309387 } position { x: -0.0256070793 y: 2.07139158 z: 0.0283711459 } }}, this= 0x20464eb2b80
[2025-05-23 15:04:49.629] [PSS] [info] [3128|24280]streaming_driver_interface_impl.cpp:87 SubmitViewFrames: submit view frames {view_texture_handles: 3221231170 view_texture_handles: 2147485058 pose { orientation { x: 0.0363808759 y: -0.0631037876 z: -0.00302646053 w: 0.99733907 } position { x: -0.0255834963 y: 2.07132101 z: 0.0284411069 } }}, this= 0x20464eb2b80
[2025-05-23 15:04:49.642] [PSS] [info] [3128|24280]streaming_driver_interface_impl.cpp:87 SubmitViewFrames: submit view frames {view_texture_handles: 3221231170 view_texture_handles: 2147485058 pose { orientation { x: 0.0361548066 y: -0.0629477203 z: -0.00286956364 w: 0.997357607 } position { x: -0.0255704857 y: 2.07132864 z: 0.0285539646 } }}, this= 0x20464eb2b80
[2025-05-23 15:04:49.656] [PSS] [info] [3128|24280]streaming_driver_interface_impl.cpp:87 SubmitViewFrames: submit view frames {view_texture_handles: 3221231170 view_texture_handles: 2147485058 pose { orientation { x: 0.0359724499 y: -0.0629527196 z: -0.0026137745 w: 0.997364581 } position { x: -0.0254843794 y: 2.07141066 z: 0.0285884775 } }}, this= 0x20464eb2b80
[2025-05-23 15:04:49.668] [PSS] [info] [3128|24280]streaming_driver_interface_impl.cpp:87 SubmitViewFrames: submit view frames {view_texture_handles: 3221231170 view_texture_handles: 2147485058 pose { orientation { x: 0.0359830149 y: -0.0630727112 z: -0.00227261428 w: 0.997357488 } position { x: -0.0254181642 y: 2.07148957 z: 0.0285938308 } }}, this= 0x20464eb2b80
[2025-05-23 15:04:49.686] [PSS] [info] [3128|24280]streaming_driver_interface_impl.cpp:87 SubmitViewFrames: submit view frames {view_texture_handles: 3221231170 view_texture_handles: 2147485058 pose { orientation { x: 0.0361194313 y: -0.063286759 z: -0.00210735807 w: 0.997339308 } position { x: -0.025389 y: 2.0714941 z: 0.0285979956 } }}, this= 0x20464eb2b80
[2025-05-23 15:04:49.701] [PSS] [info] [3128|24280]streaming_driver_interface_impl.cpp:87 SubmitViewFrames: submit view frames {view_texture_handles: 3221231170 view_texture_handles: 2147485058 pose { orientation { x: 0.036233481 y: -0.0634901226 z: -0.00190577842 w: 0.997322679 } position { x: -0.0253277849 y: 2.07138586 z: 0.0286136921 } }}, this= 0x20464eb2b80
[2025-05-23 15:04:49.711] [PSS] [info] [3128|24280]streaming_driver_interface_impl.cpp:87 SubmitViewFrames: submit view frames {view_texture_handles: 3221231170 view_texture_handles: 2147485058 pose { orientation { x: 0.0363030098 y: -0.0635829717 z: -0.00203335425 w: 0.997314 } position { x: -0.0252663717 y: 2.07123375 z: 0.0285772067 } }}, this= 0x20464eb2b80
[2025-05-23 15:04:49.725] [PSS] [info] [3128|24280]streaming_driver_interface_impl.cpp:87 SubmitViewFrames: submit view frames {view_texture_handles: 3221231170 view_texture_handles: 2147485058 pose { orientation { x: 0.0362610407 y: -0.0635015741 z: -0.00240574521 w: 0.997319877 } position { x: -0.0252107549 y: 2.07116294 z: 0.0285364725 } }}, this= 0x20464eb2b80
[2025-05-23 15:04:49.740] [PSS] [info] [3128|24280]streaming_driver_interface_impl.cpp:87 SubmitViewFrames: submit view frames {view_texture_handles: 3221231170 view_texture_handles: 2147485058 pose { orientation { x: 0.0361749083 y: -0.063397713 z: -0.00277722417 w: 0.997328639 } position { x: -0.0250865612 y: 2.07118726 z: 0.0284882113 } }}, this= 0x20464eb2b80
[2025-05-23 15:04:49.753] [PSS] [info] [3128|24280]streaming_driver_interface_impl.cpp:87 SubmitViewFrames: submit view frames {view_texture_handles: 3221231170 view_texture_handles: 2147485058 pose { orientation { x: 0.0361094773 y: -0.0632944 z: -0.00317771 w: 0.997336388 } position { x: -0.0249851365 y: 2.07122111 z: 0.0284755416 } }}, this= 0x20464eb2b80
[2025-05-23 15:04:49.766] [PSS] [info] [3128|24280]streaming_driver_interface_impl.cpp:87 SubmitViewFrames: submit view frames {view_texture_handles: 3221231170 view_texture_handles: 2147485058 pose { orientation { x: 0.0360372104 y: -0.063193962 z: -0.00340025872 w: 0.997344613 } position { x: -0.0249081887 y: 2.07120776 z: 0.0285070855 } }}, this= 0x20464eb2b80
[2025-05-23 15:04:49.781] [PSS] [info] [3128|24280]streaming_driver_interface_impl.cpp:87 SubmitViewFrames: submit view frames {view_texture_handles: 3221231170 view_texture_handles: 2147485058 pose { orientation { x: 0.03596472 y: -0.0632950366 z: -0.00347793 w: 0.99734056 } position { x: -0.0248180088 y: 2.07116413 z: 0.0285801105 } }}, this= 0x20464eb2b80
[2025-05-23 15:04:49.797] [PSS] [info] [3128|24280]streaming_driver_interface_impl.cpp:87 SubmitViewFrames: submit view frames {view_texture_handles: 3221231170 view_texture_handles: 2147485058 pose { orientation { x: 0.0357953347 y: -0.0636596605 z: -0.00346968439 w: 0.997323513 } position { x: -0.024769282 y: 2.07108092 z: 0.0286002699 } }}, this= 0x20464eb2b80
[2025-05-23 15:04:49.810] [PSS] [info] [3128|24280]streaming_driver_interface_impl.cpp:87 SubmitViewFrames: submit view frames {view_texture_handles: 3221231170 view_texture_handles: 2147485058 pose { orientation { x: 0.0357030667 y: -0.0639547184 z: -0.00341217965 w: 0.997308135 } position { x: -0.0247180779 y: 2.0710969 z: 0.0286004338 } }}, this= 0x20464eb2b80
[2025-05-23 15:04:49.822] [PSS] [info] [3128|24280]streaming_driver_interface_impl.cpp:87 SubmitViewFrames: submit view frames {view_texture_handles: 3221231170 view_texture_handles: 2147485058 pose { orientation { x: 0.0358013175 y: -0.0642408654 z: -0.00335016917 w: 0.997286379 } position { x: -0.0247631054 y: 2.07112741 z: 0.0285099149 } }}, this= 0x20464eb2b80
[2025-05-23 15:04:49.837] [PSS] [info] [3128|24280]streaming_driver_interface_impl.cpp:87 SubmitViewFrames: submit view frames {view_texture_handles: 3221231170 view_texture_handles: 2147485058 pose { orientation { x: 0.0360055976 y: -0.0642904714 z: -0.00352928578 w: 0.997275233 } position { x: -0.0247370247 y: 2.07115984 z: 0.0284333061 } }}, this= 0x20464eb2b80
[2025-05-23 15:04:49.849] [PSS] [info] [3128|24280]streaming_driver_interface_impl.cpp:87 SubmitViewFrames: submit view frames {view_texture_handles: 3221231170 view_texture_handles: 2147485058 pose { orientation { x: 0.0362853296 y: -0.0642078742 z: -0.00382146379 w: 0.997269332 } position { x: -0.0247470122 y: 2.07121944 z: 0.0283781495 } }}, this= 0x20464eb2b80
[2025-05-23 15:04:49.864] [PSS] [info] [3128|24280]streaming_driver_interface_impl.cpp:87 SubmitViewFrames: submit view frames {view_texture_handles: 3221231170 view_texture_handles: 2147485058 pose { orientation { x: 0.0365819819 y: -0.0638788491 z: -0.00409158505 w: 0.997278571 } position { x: -0.0247692838 y: 2.07138968 z: 0.0283591524 } }}, this= 0x20464eb2b80
[2025-05-23 15:04:49.877] [PSS] [info] [3128|24280]streaming_driver_interface_impl.cpp:87 SubmitViewFrames: submit view frames {view_texture_handles: 3221231170 view_texture_handles: 2147485058 pose { orientation { x: 0.0368949026 y: -0.0637416765 z: -0.00380218285 w: 0.997276962 } position { x: -0.0248230211 y: 2.07166862 z: 0.0284465495 } }}, this= 0x20464eb2b80
[2025-05-23 15:04:49.892] [PSS] [info] [3128|24280]streaming_driver_interface_impl.cpp:87 SubmitViewFrames: submit view frames {view_texture_handles: 3221231170 view_texture_handles: 2147485058 pose { orientation { x: 0.0372211784 y: -0.0636568218 z: -0.00321362098 w: 0.997272313 } position { x: -0.0248762984 y: 2.07193 z: 0.028456239 } }}, this= 0x20464eb2b80
[2025-05-23 15:04:49.907] [PSS] [info] [3128|24280]streaming_driver_interface_impl.cpp:87 SubmitViewFrames: submit view frames {view_texture_handles: 3221231170 view_texture_handles: 2147485058 pose { orientation { x: 0.0376887545 y: -0.0635562465 z: -0.00237274636 w: 0.997263551 } position { x: -0.0248483792 y: 2.07213235 z: 0.0283766165 } }}, this= 0x20464eb2b80
[2025-05-23 15:04:49.920] [PSS] [info] [3128|24280]streaming_driver_interface_impl.cpp:87 SubmitViewFrames: submit view frames {view_texture_handles: 3221231170 view_texture_handles: 2147485058 pose { orientation { x: 0.0381828845 y: -0.0635021329 z: -0.00151452434 w: 0.997249842 } position { x: -0.0247408301 y: 2.07198071 z: 0.0282532182 } }}, this= 0x20464eb2b80
[2025-05-23 15:04:49.935] [PSS] [info] [3128|24280]streaming_driver_interface_impl.cpp:87 SubmitViewFrames: submit view frames {view_texture_handles: 3221231170 view_texture_handles: 2147485058 pose { orientation { x: 0.0384338722 y: -0.0633699819 z: -0.00138710346 w: 0.997248828 } position { x: -0.0246078651 y: 2.07160091 z: 0.0280863196 } }}, this= 0x20464eb2b80
[2025-05-23 15:04:49.947] [PSS] [info] [3128|24280]streaming_driver_interface_impl.cpp:87 SubmitViewFrames: submit view frames {view_texture_handles: 3221231170 view_texture_handles: 2147485058 pose { orientation { x: 0.0382024162 y: -0.0630894154 z: -0.00212878478 w: 0.99727416 } position { x: -0.0244561192 y: 2.07122087 z: 0.0279152077 } }}, this= 0x20464eb2b80
[2025-05-23 15:04:49.963] [PSS] [info] [3128|24280]streaming_driver_interface_impl.cpp:87 SubmitViewFrames: submit view frames {view_texture_handles: 3221231170 view_texture_handles: 2147485058 pose { orientation { x: 0.0375711434 y: -0.0627712607 z: -0.00319811353 w: 0.997315347 } position { x: -0.0243017189 y: 2.07099819 z: 0.0279008429 } }}, this= 0x20464eb2b80
[2025-05-23 15:04:49.976] [PSS] [info] [3128|24280]streaming_driver_interface_impl.cpp:87 SubmitViewFrames: submit view frames {view_texture_handles: 3221231170 view_texture_handles: 2147485058 pose { orientation { x: 0.0367892459 y: -0.0625887364 z: -0.00397051591 w: 0.997353256 } position { x: -0.0242296811 y: 2.07108974 z: 0.027965365 } }}, this= 0x20464eb2b80
[2025-05-23 15:04:49.988] [PSS] [info] [3128|24280]streaming_driver_interface_impl.cpp:87 SubmitViewFrames: submit view frames {view_texture_handles: 3221231170 view_texture_handles: 2147485058 pose { orientation { x: 0.0360489637 y: -0.0626414567 z: -0.00379690179 w: 0.997377634 } position { x: -0.0242180713 y: 2.07139468 z: 0.0281484649 } }}, this= 0x20464eb2b80
[2025-05-23 15:04:50.003] [PSS] [info] [3128|24280]streaming_driver_interface_impl.cpp:87 SubmitViewFrames: submit view frames {view_texture_handles: 3221231170 view_texture_handles: 2147485058 pose { orientation { x: 0.0356538147 y: -0.063154541 z: -0.00300853513 w: 0.997362137 } position { x: -0.0243398864 y: 2.07164526 z: 0.0283210389 } }}, this= 0x20464eb2b80
[2025-05-23 15:04:50.016] [PSS] [info] [3128|24280]streaming_driver_interface_impl.cpp:87 SubmitViewFrames: submit view frames {view_texture_handles: 3221231170 view_texture_handles: 2147485058 pose { orientation { x: 0.0355670266 y: -0.0637204 z: -0.0018082388 w: 0.997332156 } position { x: -0.0244388562 y: 2.07182884 z: 0.028473597 } }}, this= 0x20464eb2b80
[2025-05-23 15:04:50.032] [PSS] [info] [3128|24280]streaming_driver_interface_impl.cpp:87 SubmitViewFrames: submit view frames {view_texture_handles: 3221231170 view_texture_handles: 2147485058 pose { orientation { x: 0.0357240885 y: -0.0642394349 z: -0.000555852603 w: 0.997294724 } position { x: -0.0245365147 y: 2.07188654 z: 0.0285913069 } }}, this= 0x20464eb2b80
[2025-05-23 15:04:50.044] [PSS] [info] [3128|24280]streaming_driver_interface_impl.cpp:87 SubmitViewFrames: submit view frames {view_texture_handles: 3221231170 view_texture_handles: 2147485058 pose { orientation { x: 0.0361378975 y: -0.0645819 z: 0.000230962512 w: 0.997257829 } position { x: -0.0246118363 y: 2.07192492 z: 0.0285956487 } }}, this= 0x20464eb2b80
[2025-05-23 15:04:50.059] [PSS] [info] [3128|24280]streaming_driver_interface_impl.cpp:87 SubmitViewFrames: submit view frames {view_texture_handles: 3221231170 view_texture_handles: 2147485058 pose { orientation { x: 0.0367195345 y: -0.0646042079 z: 0.000703180558 w: 0.997234941 } position { x: -0.0245215036 y: 2.07185841 z: 0.0285139009 } }}, this= 0x20464eb2b80
[2025-05-23 15:04:50.074] [PSS] [info] [3128|24280]streaming_driver_interface_impl.cpp:87 SubmitViewFrames: submit view frames {view_texture_handles: 3221231170 view_texture_handles: 2147485058 pose { orientation { x: 0.0371819772 y: -0.0643935278 z: 0.000635372533 w: 0.997231424 } position { x: -0.0244017579 y: 2.07171106 z: 0.0284772683 } }}, this= 0x20464eb2b80
[2025-05-23 15:04:50.086] [PSS] [info] [3128|24280]streaming_driver_interface_impl.cpp:87 SubmitViewFrames: submit view frames {view_texture_handles: 3221231170 view_texture_handles: 2147485058 pose { orientation { x: 0.0374128819 y: -0.0641010776 z: -1.57023242e-05 w: 0.997241855 } position { x: -0.0242670383 y: 2.07158828 z: 0.0284137223 } }}, this= 0x20464eb2b80
[2025-05-23 15:04:50.101] [PSS] [info] [3128|24280]streaming_driver_interface_impl.cpp:87 SubmitViewFrames: submit view frames {view_texture_handles: 3221231170 view_texture_handles: 2147485058 pose { orientation { x: 0.037389759 y: -0.0638535172 z: -0.000793390383 w: 0.997258306 } position { x: -0.0241905749 y: 2.07144356 z: 0.0284513775 } }}, this= 0x20464eb2b80
[2025-05-23 15:04:50.114] [PSS] [info] [3128|24280]streaming_driver_interface_impl.cpp:87 SubmitViewFrames: submit view frames {view_texture_handles: 3221231170 view_texture_handles: 2147485058 pose { orientation { x: 0.0371134318 y: -0.0637221783 z: -0.00123503874 w: 0.997276604 } position { x: -0.024119027 y: 2.07139969 z: 0.028545782 } }}, this= 0x20464eb2b80
[2025-05-23 15:04:50.129] [PSS] [info] [3128|24280]streaming_driver_interface_impl.cpp:87 SubmitViewFrames: submit view frames {view_texture_handles: 3221231170 view_texture_handles: 2147485058 pose { orientation { x: 0.0367168486 y: -0.0639241487 z: -0.00150489737 w: 0.997278 } position { x: -0.0240321 y: 2.07138038 z: 0.0286532324 } }}, this= 0x20464eb2b80
[2025-05-23 15:04:50.141] [PSS] [info] [3128|24280]streaming_driver_interface_impl.cpp:87 SubmitViewFrames: submit view frames {view_texture_handles: 3221231170 view_texture_handles: 2147485058 pose { orientation { x: 0.0364232063 y: -0.0643431321 z: -0.00157663669 w: 0.997261643 } position { x: -0.0240054168 y: 2.07145309 z: 0.0286793262 } }}, this= 0x20464eb2b80
[2025-05-23 15:04:50.156] [PSS] [info] [3128|24280]streaming_driver_interface_impl.cpp:87 SubmitViewFrames: submit view frames {view_texture_handles: 3221231170 view_texture_handles: 2147485058 pose { orientation { x: 0.0362625793 y: -0.0646925196 z: -0.00151014316 w: 0.997245073 } position { x: -0.023992423 y: 2.07152247 z: 0.028644247 } }}, this= 0x20464eb2b80
[2025-05-23 15:04:50.169] [PSS] [info] [3128|24280]streaming_driver_interface_impl.cpp:87 SubmitViewFrames: submit view frames {view_texture_handles: 3221231170 view_texture_handles: 2147485058 pose { orientation { x: 0.036194697 y: -0.0650152639 z: -0.00143699395 w: 0.997226596 } position { x: -0.0239788964 y: 2.07148552 z: 0.0286231786 } }}, this= 0x20464eb2b80
[2025-05-23 15:04:50.185] [PSS] [info] [3128|24280]streaming_driver_interface_impl.cpp:87 SubmitViewFrames: submit view frames {view_texture_handles: 3221231170 view_texture_handles: 2147485058 pose { orientation { x: 0.0361726 y: -0.0651226193 z: -0.00142268522 w: 0.997220397 } position { x: -0.0239357147 y: 2.07140064 z: 0.0285311248 } }}, this= 0x20464eb2b80
[2025-05-23 15:04:50.197] [PSS] [info] [3128|24280]streaming_driver_interface_impl.cpp:87 SubmitViewFrames: submit view frames {view_texture_handles: 3221231170 view_texture_handles: 2147485058 pose { orientation { x: 0.0362139642 y: -0.0649569 z: -0.00169195887 w: 0.997229338 } position { x: -0.0238569584 y: 2.07131815 z: 0.028450409 } }}, this= 0x20464eb2b80
[2025-05-23 15:04:50.212] [PSS] [info] [3128|24280]streaming_driver_interface_impl.cpp:87 SubmitViewFrames: submit view frames {view_texture_handles: 3221231170 view_texture_handles: 2147485058 pose { orientation { x: 0.0363130942 y: -0.0646503 z: -0.00227693585 w: 0.997244477 } position { x: -0.0238047931 y: 2.07120848 z: 0.028403936 } }}, this= 0x20464eb2b80
[2025-05-23 15:04:50.224] [PSS] [info] [3128|24280]streaming_driver_interface_impl.cpp:87 SubmitViewFrames: submit view frames {view_texture_handles: 3221231170 view_texture_handles: 2147485058 pose { orientation { x: 0.0363904908 y: -0.0643088743 z: -0.00295825629 w: 0.997261941 } position { x: -0.0237372 y: 2.07120848 z: 0.0283872392 } }}, this= 0x20464eb2b80
[2025-05-23 15:04:50.239] [PSS] [info] [3128|24280]streaming_driver_interface_impl.cpp:87 SubmitViewFrames: submit view frames {view_texture_handles: 3221231170 view_texture_handles: 2147485058 pose { orientation { x: 0.0364872329 y: -0.0640636906 z: -0.00334614888 w: 0.997272968 } position { x: -0.0236842074 y: 2.07128453 z: 0.0284603778 } }}, this= 0x20464eb2b80
[2025-05-23 15:04:50.254] [PSS] [info] [3128|24280]streaming_driver_interface_impl.cpp:87 SubmitViewFrames: submit view frames {view_texture_handles: 3221231170 view_texture_handles: 2147485058 pose { orientation { x: 0.0366040654 y: -0.0639422834 z: -0.00345725822 w: 0.997276068 } position { x: -0.0236545093 y: 2.07140899 z: 0.0285907686 } }}, this= 0x20464eb2b80
[2025-05-23 15:04:50.267] [PSS] [info] [3128|24280]streaming_driver_interface_impl.cpp:87 SubmitViewFrames: submit view frames {view_texture_handles: 3221231170 view_texture_handles: 2147485058 pose { orientation { x: 0.0368390195 y: -0.0641995668 z: -0.00335191353 w: 0.997251272 } position { x: -0.0236989297 y: 2.07157731 z: 0.0286106318 } }}, this= 0x20464eb2b80
[2025-05-23 15:04:50.282] [PSS] [info] [3128|24280]streaming_driver_interface_impl.cpp:87 SubmitViewFrames: submit view frames {view_texture_handles: 3221231170 view_texture_handles: 2147485058 pose { orientation { x: 0.0371269509 y: -0.0643288121 z: -0.00302693318 w: 0.997233331 } position { x: -0.0236700494 y: 2.07171726 z: 0.0286501311 } }}, this= 0x20464eb2b80
[2025-05-23 15:04:50.294] [PSS] [info] [3128|24280]streaming_driver_interface_impl.cpp:87 SubmitViewFrames: submit view frames {view_texture_handles: 3221231170 view_texture_handles: 2147485058 pose { orientation { x: 0.0373967104 y: -0.0644707754 z: -0.00254376209 w: 0.99721539 } position { x: -0.0236789361 y: 2.07174635 z: 0.0286743697 } }}, this= 0x20464eb2b80
[2025-05-23 15:04:50.310] [PSS] [info] [3128|24280]streaming_driver_interface_impl.cpp:87 SubmitViewFrames: submit view frames {view_texture_handles: 3221231170 view_texture_handles: 2147485058 pose { orientation { x: 0.0375610404 y: -0.0644942895 z: -0.00224172254 w: 0.997208416 } position { x: -0.0236949697 y: 2.07171822 z: 0.0287200157 } }}, this= 0x20464eb2b80
[2025-05-23 15:04:50.322] [PSS] [info] [3128|24280]streaming_driver_interface_impl.cpp:87 SubmitViewFrames: submit view frames {view_texture_handles: 3221231170 view_texture_handles: 2147485058 pose { orientation { x: 0.0376437716 y: -0.0644296 z: -0.00210462511 w: 0.997209787 } position { x: -0.0237221457 y: 2.07166529 z: 0.028784696 } }}, this= 0x20464eb2b80
[2025-05-23 15:04:50.337] [PSS] [info] [3128|24280]streaming_driver_interface_impl.cpp:87 SubmitViewFrames: submit view frames {view_texture_handles: 3221231170 view_texture_handles: 2147485058 pose { orientation { x: 0.0377672203 y: -0.0643383786 z: -0.00217720843 w: 0.99721086 } position { x: -0.0237390585 y: 2.07169628 z: 0.0288389828 } }}, this= 0x20464eb2b80
[2025-05-23 15:04:50.350] [PSS] [info] [3128|24280]streaming_driver_interface_impl.cpp:87 SubmitViewFrames: submit view frames {view_texture_handles: 3221231170 view_texture_handles: 2147485058 pose { orientation { x: 0.0377732 y: -0.0642562211 z: -0.00219285768 w: 0.997215867 } position { x: -0.0237786751 y: 2.0718224 z: 0.02892261 } }}, this= 0x20464eb2b80
[2025-05-23 15:04:50.365] [PSS] [info] [3128|24280]streaming_driver_interface_impl.cpp:87 SubmitViewFrames: submit view frames {view_texture_handles: 3221231170 view_texture_handles: 2147485058 pose { orientation { x: 0.0379004516 y: -0.0641690865 z: -0.00196330599 w: 0.997217119 } position { x: -0.0237936303 y: 2.07192063 z: 0.0289761852 } }}, this= 0x20464eb2b80
[2025-05-23 15:04:50.377] [PSS] [info] [3128|24280]streaming_driver_interface_impl.cpp:87 SubmitViewFrames: submit view frames {view_texture_handles: 3221231170 view_texture_handles: 2147485058 pose { orientation { x: 0.0380575918 y: -0.0640790313 z: -0.00169997092 w: 0.997217476 } position { x: -0.0237547494 y: 2.07192421 z: 0.0290494412 } }}, this= 0x20464eb2b80
[2025-05-23 15:04:50.392] [PSS] [info] [3128|24280]streaming_driver_interface_impl.cpp:87 SubmitViewFrames: submit view frames {view_texture_handles: 3221231170 view_texture_handles: 2147485058 pose { orientation { x: 0.0381829143 y: -0.0640191957 z: -0.00164994993 w: 0.997216582 } position { x: -0.0237299167 y: 2.07190847 z: 0.0291240048 } }}, this= 0x20464eb2b80
[2025-05-23 15:04:50.409] [PSS] [info] [3128|24280]streaming_driver_interface_impl.cpp:87 SubmitViewFrames: submit view frames {view_texture_handles: 3221231170 view_texture_handles: 2147485058 pose { orientation { x: 0.0383929685 y: -0.0640146434 z: -0.00188316323 w: 0.997208416 } position { x: -0.023748124 y: 2.07190323 z: 0.0291166 } }}, this= 0x20464eb2b80
[2025-05-23 15:04:50.424] [PSS] [info] [3128|24280]streaming_driver_interface_impl.cpp:87 SubmitViewFrames: submit view frames {view_texture_handles: 3221231170 view_texture_handles: 2147485058 pose { orientation { x: 0.0386147946 y: -0.0640340298 z: -0.0022014596 w: 0.997197926 } position { x: -0.0236956216 y: 2.07194185 z: 0.029071724 } }}, this= 0x20464eb2b80
[2025-05-23 15:04:50.434] [PSS] [info] [3128|24280]streaming_driver_interface_impl.cpp:87 SubmitViewFrames: submit view frames {view_texture_handles: 3221231170 view_texture_handles: 2147485058 pose { orientation { x: 0.0389611423 y: -0.0639995933 z: -0.00263286754 w: 0.997185647 } position { x: -0.0236091483 y: 2.07193708 z: 0.0290191881 } }}, this= 0x20464eb2b80
[2025-05-23 15:04:50.451] [PSS] [info] [3128|24280]streaming_driver_interface_impl.cpp:87 SubmitViewFrames: submit view frames {view_texture_handles: 3221231170 view_texture_handles: 2147485058 pose { orientation { x: 0.0391209535 y: -0.0640660599 z: -0.00288971327 w: 0.997174382 } position { x: -0.0235310216 y: 2.07185698 z: 0.0289138351 } }}, this= 0x20464eb2b80
[2025-05-23 15:04:50.464] [PSS] [info] [3128|24280]streaming_driver_interface_impl.cpp:87 SubmitViewFrames: submit view frames {view_texture_handles: 3221231170 view_texture_handles: 2147485058 pose { orientation { x: 0.0390797108 y: -0.0642338097 z: -0.00321670691 w: 0.99716419 } position { x: -0.0234179422 y: 2.07171154 z: 0.0288200155 } }}, this= 0x20464eb2b80
[2025-05-23 15:04:50.477] [PSS] [info] [3128|24280]streaming_driver_interface_impl.cpp:87 SubmitViewFrames: submit view frames {view_texture_handles: 3221231170 view_texture_handles: 2147485058 pose { orientation { x: 0.0387958959 y: -0.0643972382 z: -0.00379262515 w: 0.997162759 } position { x: -0.0233447757 y: 2.07164764 z: 0.0286738556 } }}, this= 0x20464eb2b80
[2025-05-23 15:04:50.489] [PSS] [info] [3128|24280]streaming_driver_interface_impl.cpp:87 SubmitViewFrames: submit view frames {view_texture_handles: 3221231170 view_texture_handles: 2147485058 pose { orientation { x: 0.0384314805 y: -0.0643997 z: -0.00416637072 w: 0.997175217 } position { x: -0.0233056732 y: 2.07161427 z: 0.0285606477 } }}, this= 0x20464eb2b80
[2025-05-23 15:04:50.502] [PSS] [info] [3128|24280]streaming_driver_interface_impl.cpp:87 SubmitViewFrames: submit view frames {view_texture_handles: 3221231170 view_texture_handles: 2147485058 pose { orientation { x: 0.037909586 y: -0.0643693581 z: -0.00430562301 w: 0.997196555 } position { x: -0.0233073104 y: 2.07163429 z: 0.0284894817 } }}, this= 0x20464eb2b80
[2025-05-23 15:04:50.518] [PSS] [info] [3128|24280]streaming_driver_interface_impl.cpp:87 SubmitViewFrames: submit view frames {view_texture_handles: 3221231170 view_texture_handles: 2147485058 pose { orientation { x: 0.0375051834 y: -0.064304471 z: -0.00428975793 w: 0.997216105 } position { x: -0.0233394038 y: 2.07165861 z: 0.0284398198 } }}, this= 0x20464eb2b80
[2025-05-23 15:04:50.532] [PSS] [info] [3128|24280]streaming_driver_interface_impl.cpp:87 SubmitViewFrames: submit view frames {view_texture_handles: 3221231170 view_texture_handles: 2147485058 pose { orientation { x: 0.0371618 y: -0.0643197522 z: -0.00400015 w: 0.997229159 } position { x: -0.0233960468 y: 2.07168579 z: 0.0282958895 } }}, this= 0x20464eb2b80
[2025-05-23 15:04:50.545] [PSS] [info] [3128|24280]streaming_driver_interface_impl.cpp:87 SubmitViewFrames: submit view frames {view_texture_handles: 3221231170 view_texture_handles: 2147485058 pose { orientation { x: 0.036877282 y: -0.0641046464 z: -0.00363487075 w: 0.997254968 } position { x: -0.0233925264 y: 2.07160115 z: 0.0282241162 } }}, this= 0x20464eb2b80
[2025-05-23 15:04:50.560] [PSS] [info] [3128|24280]streaming_driver_interface_impl.cpp:87 SubmitViewFrames: submit view frames {view_texture_handles: 3221231170 view_texture_handles: 2147485058 pose { orientation { x: 0.0364921577 y: -0.0639473945 z: -0.00329961767 w: 0.997280419 } position { x: -0.0233681612 y: 2.07150578 z: 0.0281560794 } }}, this= 0x20464eb2b80
[2025-05-23 15:04:50.572] [PSS] [info] [3128|24280]streaming_driver_interface_impl.cpp:87 SubmitViewFrames: submit view frames {view_texture_handles: 3221231170 view_texture_handles: 2147485058 pose { orientation { x: 0.0360471569 y: -0.0636231601 z: -0.00313339569 w: 0.997317851 } position { x: -0.023318192 y: 2.07142162 z: 0.0281538311 } }}, this= 0x20464eb2b80
[2025-05-23 15:04:50.587] [PSS] [info] [3128|24280]streaming_driver_interface_impl.cpp:87 SubmitViewFrames: submit view frames {view_texture_handles: 3221231170 view_texture_handles: 2147485058 pose { orientation { x: 0.0356091224 y: -0.0634948611 z: -0.0030116213 w: 0.99734211 } position { x: -0.0232779626 y: 2.07139707 z: 0.028184237 } }}, this= 0x20464eb2b80
[2025-05-23 15:04:50.600] [PSS] [info] [3128|24280]streaming_driver_interface_impl.cpp:87 SubmitViewFrames: submit view frames {view_texture_handles: 3221231170 view_texture_handles: 2147485058 pose { orientation { x: 0.0353939869 y: -0.0634159148 z: -0.00295430305 w: 0.997355044 } position { x: -0.0232254174 y: 2.07137 z: 0.0283315592 } }}, this= 0x20464eb2b80
[2025-05-23 15:04:50.614] [PSS] [info] [3128|24280]streaming_driver_interface_impl.cpp:87 SubmitViewFrames: submit view frames {view_texture_handles: 3221231170 view_texture_handles: 2147485058 pose { orientation { x: 0.0352440663 y: -0.0635876954 z: -0.00284289359 w: 0.997349679 } position { x: -0.0231669508 y: 2.07138538 z: 0.0284594204 } }}, this= 0x20464eb2b80
[2025-05-23 15:04:50.630] [PSS] [info] [3128|24280]streaming_driver_interface_impl.cpp:87 SubmitViewFrames: submit view frames {view_texture_handles: 3221231170 view_texture_handles: 2147485058 pose { orientation { x: 0.035384763 y: -0.0638309494 z: -0.00285618706 w: 0.997329116 } position { x: -0.0230983607 y: 2.07144332 z: 0.0285549108 } }}, this= 0x20464eb2b80
[2025-05-23 15:04:50.642] [PSS] [info] [3128|24280]streaming_driver_interface_impl.cpp:87 SubmitViewFrames: submit view frames {view_texture_handles: 3221231170 view_texture_handles: 2147485058 pose { orientation { x: 0.0357601903 y: -0.0642553717 z: -0.0029377155 w: 0.997288227 } position { x: -0.0230144206 y: 2.07149196 z: 0.0286246073 } }}, this= 0x20464eb2b80
[2025-05-23 15:04:50.657] [PSS] [info] [3128|24280]streaming_driver_interface_impl.cpp:87 SubmitViewFrames: submit view frames {view_texture_handles: 3221231170 view_texture_handles: 2147485058 pose { orientation { x: 0.0363121107 y: -0.0646492243 z: -0.00329565816 w: 0.997241735 } position { x: -0.0229718927 y: 2.0715127 z: 0.0286370236 } }}, this= 0x20464eb2b80
[2025-05-23 15:04:50.672] [PSS] [info] [3128|24280]streaming_driver_interface_impl.cpp:87 SubmitViewFrames: submit view frames {view_texture_handles: 3221231170 view_texture_handles: 2147485058 pose { orientation { x: 0.0368833765 y: -0.064854607 z: -0.00366545888 w: 0.997206151 } position { x: -0.0229361653 y: 2.0715394 z: 0.0286165737 } }}, this= 0x20464eb2b80
[2025-05-23 15:04:50.683] [PSS] [info] [3128|24280]streaming_driver_interface_impl.cpp:87 SubmitViewFrames: submit view frames {view_texture_handles: 3221231170 view_texture_handles: 2147485058 pose { orientation { x: 0.0374234 y: -0.0649336725 z: -0.00407302566 w: 0.997179329 } position { x: -0.0229103621 y: 2.07156301 z: 0.0285711326 } }}, this= 0x20464eb2b80
[2025-05-23 15:04:50.698] [PSS] [info] [3128|24280]streaming_driver_interface_impl.cpp:87 SubmitViewFrames: submit view frames {view_texture_handles: 3221231170 view_texture_handles: 2147485058 pose { orientation { x: 0.0377491638 y: -0.0648540631 z: -0.00433704723 w: 0.997171104 } position { x: -0.0227902681 y: 2.07142496 z: 0.0285728108 } }}, this= 0x20464eb2b80
[2025-05-23 15:04:50.711] [PSS] [info] [3128|24280]streaming_driver_interface_impl.cpp:87 SubmitViewFrames: submit view frames {view_texture_handles: 3221231170 view_texture_handles: 2147485058 pose { orientation { x: 0.0375141241 y: -0.0647049472 z: -0.00462693209 w: 0.99718833 } position { x: -0.0226114504 y: 2.07092619 z: 0.0287357215 } }}, this= 0x20464eb2b80
[2025-05-23 15:04:50.726] [PSS] [info] [3128|24280]streaming_driver_interface_impl.cpp:87 SubmitViewFrames: submit view frames {view_texture_handles: 3221231170 view_texture_handles: 2147485058 pose { orientation { x: 0.0367758535 y: -0.0646032095 z: -0.00510147493 w: 0.997220099 } position { x: -0.022453865 y: 2.07062078 z: 0.0289098173 } }}, this= 0x20464eb2b80
[2025-05-23 15:04:50.738] [PSS] [info] [3128|24280]streaming_driver_interface_impl.cpp:87 SubmitViewFrames: submit view frames {view_texture_handles: 3221231170 view_texture_handles: 2147485058 pose { orientation { x: 0.0361462198 y: -0.0645412281 z: -0.0056854845 w: 0.997244 } position { x: -0.022443179 y: 2.07088614 z: 0.0290857628 } }}, this= 0x20464eb2b80
[2025-05-23 15:04:50.753] [PSS] [info] [3128|24280]streaming_driver_interface_impl.cpp:87 SubmitViewFrames: submit view frames {view_texture_handles: 3221231170 view_texture_handles: 2147485058 pose { orientation { x: 0.0362773947 y: -0.0648519397 z: -0.00588836428 w: 0.997217894 } position { x: -0.022578 y: 2.07158113 z: 0.0292700622 } }}, this= 0x20464eb2b80
[2025-05-23 15:04:50.765] [PSS] [info] [3128|24280]streaming_driver_interface_impl.cpp:87 SubmitViewFrames: submit view frames {view_texture_handles: 3221231170 view_texture_handles: 2147485058 pose { orientation { x: 0.0371964611 y: -0.0653234571 z: -0.00525577692 w: 0.997156799 } position { x: -0.0226451661 y: 2.07203388 z: 0.0294042118 } }}, this= 0x20464eb2b80
[2025-05-23 15:04:50.781] [PSS] [info] [3128|24280]streaming_driver_interface_impl.cpp:87 SubmitViewFrames: submit view frames {view_texture_handles: 3221231170 view_texture_handles: 2147485058 pose { orientation { x: 0.0382957943 y: -0.0659231 z: -0.00422652252 w: 0.997080624 } position { x: -0.0226698071 y: 2.07197046 z: 0.0293066036 } }}, this= 0x20464eb2b80
[2025-05-23 15:04:50.798] [PSS] [info] [3128|24280]streaming_driver_interface_impl.cpp:87 SubmitViewFrames: submit view frames {view_texture_handles: 3221231170 view_texture_handles: 2147485058 pose { orientation { x: 0.0389440171 y: -0.0661846325 z: -0.00393380085 w: 0.997039378 } position { x: -0.0226711705 y: 2.07155514 z: 0.0292092301 } }}, this= 0x20464eb2b80
[2025-05-23 15:04:50.809] [PSS] [info] [3128|24280]streaming_driver_interface_impl.cpp:87 SubmitViewFrames: submit view frames {view_texture_handles: 3221231170 view_texture_handles: 2147485058 pose { orientation { x: 0.0390097201 y: -0.0657964349 z: -0.00424905075 w: 0.997061193 } position { x: -0.0226061754 y: 2.07136583 z: 0.0291332547 } }}, this= 0x20464eb2b80
[2025-05-23 15:04:50.824] [PSS] [info] [3128|24280]streaming_driver_interface_impl.cpp:87 SubmitViewFrames: submit view frames {view_texture_handles: 3221231170 view_texture_handles: 2147485058 pose { orientation { x: 0.0389516801 y: -0.0653034151 z: -0.00476698903 w: 0.997093558 } position { x: -0.0225943867 y: 2.07141209 z: 0.0290837344 } }}, this= 0x20464eb2b80
[2025-05-23 15:04:50.836] [PSS] [info] [3128|24280]streaming_driver_interface_impl.cpp:87 SubmitViewFrames: submit view frames {view_texture_handles: 3221231170 view_texture_handles: 2147485058 pose { orientation { x: 0.0388510935 y: -0.0648781955 z: -0.00507007586 w: 0.997123718 } position { x: -0.0225476101 y: 2.07149 z: 0.029066816 } }}, this= 0x20464eb2b80
[2025-05-23 15:04:50.851] [PSS] [info] [3128|24280]streaming_driver_interface_impl.cpp:87 SubmitViewFrames: submit view frames {view_texture_handles: 3221231170 view_texture_handles: 2147485058 pose { orientation { x: 0.0386958905 y: -0.0647438243 z: -0.00519789802 w: 0.997137845 } position { x: -0.0225032903 y: 2.07151389 z: 0.0290628523 } }}, this= 0x20464eb2b80
[2025-05-23 15:04:50.863] [PSS] [info] [3128|24280]streaming_driver_interface_impl.cpp:87 SubmitViewFrames: submit view frames {view_texture_handles: 3221231170 view_texture_handles: 2147485058 pose { orientation { x: 0.0383645669 y: -0.0647917464 z: -0.00512575638 w: 0.997147918 } position { x: -0.02249844 y: 2.07141066 z: 0.0291244593 } }}, this= 0x20464eb2b80
[2025-05-23 15:04:50.879] [PSS] [info] [3128|24280]streaming_driver_interface_impl.cpp:87 SubmitViewFrames: submit view frames {view_texture_handles: 3221231170 view_texture_handles: 2147485058 pose { orientation { x: 0.0379107557 y: -0.0651457 z: -0.00496123359 w: 0.99714303 } position { x: -0.0225590691 y: 2.07145882 z: 0.0292020906 } }}, this= 0x20464eb2b80
[2025-05-23 15:04:50.891] [PSS] [info] [3128|24280]streaming_driver_interface_impl.cpp:87 SubmitViewFrames: submit view frames {view_texture_handles: 3221231170 view_texture_handles: 2147485058 pose { orientation { x: 0.0375304706 y: -0.065368861 z: -0.00466313958 w: 0.997144222 } position { x: -0.0226458926 y: 2.07153869 z: 0.0292220768 } }}, this= 0x20464eb2b80
[2025-05-23 15:04:50.906] [PSS] [info] [3128|24280]streaming_driver_interface_impl.cpp:87 SubmitViewFrames: submit view frames {view_texture_handles: 3221231170 view_texture_handles: 2147485058 pose { orientation { x: 0.0372786149 y: -0.0655114651 z: -0.00419147918 w: 0.997146428 } position { x: -0.0227588639 y: 2.07164264 z: 0.029199373 } }}, this= 0x20464eb2b80
[2025-05-23 15:04:50.919] [PSS] [info] [3128|24280]streaming_driver_interface_impl.cpp:87 SubmitViewFrames: submit view frames {view_texture_handles: 3221231170 view_texture_handles: 2147485058 pose { orientation { x: 0.0373404175 y: -0.0653186291 z: -0.00384557177 w: 0.99715817 } position { x: -0.0228372514 y: 2.07170057 z: 0.0291913114 } }}, this= 0x20464eb2b80
[2025-05-23 15:04:50.934] [PSS] [info] [3128|24280]streaming_driver_interface_impl.cpp:87 SubmitViewFrames: submit view frames {view_texture_handles: 3221231170 view_texture_handles: 2147485058 pose { orientation { x: 0.0374847837 y: -0.0651385561 z: -0.00364470016 w: 0.997165263 } position { x: -0.0229071025 y: 2.07171822 z: 0.0291652437 } }}, this= 0x20464eb2b80
[2025-05-23 15:04:50.946] [PSS] [info] [3128|24280]streaming_driver_interface_impl.cpp:87 SubmitViewFrames: submit view frames {view_texture_handles: 3221231170 view_texture_handles: 2147485058 pose { orientation { x: 0.0376460366 y: -0.0647480115 z: -0.00350134564 w: 0.997185171 } position { x: -0.0228639059 y: 2.07159257 z: 0.0292065907 } }}, this= 0x20464eb2b80
[2025-05-23 15:04:50.961] [PSS] [info] [3128|24280]streaming_driver_interface_impl.cpp:87 SubmitViewFrames: submit view frames {view_texture_handles: 3221231170 view_texture_handles: 2147485058 pose { orientation { x: 0.0378315039 y: -0.0644387156 z: -0.00367315928 w: 0.997197568 } position { x: -0.0228233151 y: 2.07148933 z: 0.0292678531 } }}, this= 0x20464eb2b80
[2025-05-23 15:04:50.974] [PSS] [info] [3128|24280]streaming_driver_interface_impl.cpp:87 SubmitViewFrames: submit view frames {view_texture_handles: 3221231170 view_texture_handles: 2147485058 pose { orientation { x: 0.037977986 y: -0.0642937794 z: -0.00410802895 w: 0.997199655 } position { x: -0.0227619745 y: 2.07139754 z: 0.0293881632 } }}, this= 0x20464eb2b80
[2025-05-23 15:04:50.989] [PSS] [info] [3128|24280]streaming_driver_interface_impl.cpp:87 SubmitViewFrames: submit view frames {view_texture_handles: 3221231170 view_texture_handles: 2147485058 pose { orientation { x: 0.0380549654 y: -0.0643329918 z: -0.00467725657 w: 0.997191668 } position { x: -0.0226707123 y: 2.07147813 z: 0.0295047164 } }}, this= 0x20464eb2b80
[2025-05-23 15:04:51.002] [PSS] [info] [3128|24280]streaming_driver_interface_impl.cpp:87 SubmitViewFrames: submit view frames {view_texture_handles: 3221231170 view_texture_handles: 2147485058 pose { orientation { x: 0.0382398553 y: -0.0646417364 z: -0.00503123133 w: 0.997162879 } position { x: -0.0227011293 y: 2.07170868 z: 0.0295399111 } }}, this= 0x20464eb2b80
[2025-05-23 15:04:51.018] [PSS] [info] [3128|24280]streaming_driver_interface_impl.cpp:87 SubmitViewFrames: submit view frames {view_texture_handles: 3221231170 view_texture_handles: 2147485058 pose { orientation { x: 0.0387812071 y: -0.0650655106 z: -0.00503547117 w: 0.99711442 } position { x: -0.0227464084 y: 2.07186556 z: 0.0295441914 } }}, this= 0x20464eb2b80
[2025-05-23 15:04:51.030] [PSS] [info] [3128|24280]streaming_driver_interface_impl.cpp:87 SubmitViewFrames: submit view frames {view_texture_handles: 3221231170 view_texture_handles: 2147485058 pose { orientation { x: 0.0391747467 y: -0.0654605925 z: -0.00492906431 w: 0.99707371 } position { x: -0.0228274446 y: 2.07177114 z: 0.0294809528 } }}, this= 0x20464eb2b80
[2025-05-23 15:04:51.045] [PSS] [info] [3128|24280]streaming_driver_interface_impl.cpp:87 SubmitViewFrames: submit view frames {view_texture_handles: 3221231170 view_texture_handles: 2147485058 pose { orientation { x: 0.0393892936 y: -0.0655950829 z: -0.00486949179 w: 0.997056723 } position { x: -0.0228386428 y: 2.07155347 z: 0.0293997787 } }}, this= 0x20464eb2b80
[2025-05-23 15:04:51.060] [PSS] [info] [3128|24280]streaming_driver_interface_impl.cpp:87 SubmitViewFrames: submit view frames {view_texture_handles: 3221231170 view_texture_handles: 2147485058 pose { orientation { x: 0.0393258594 y: -0.065369904 z: -0.00520419329 w: 0.997072339 } position { x: -0.0228233133 y: 2.07139015 z: 0.0292443596 } }}, this= 0x20464eb2b80
[2025-05-23 15:04:51.072] [PSS] [info] [3128|24280]streaming_driver_interface_impl.cpp:87 SubmitViewFrames: submit view frames {view_texture_handles: 3221231170 view_texture_handles: 2147485058 pose { orientation { x: 0.0391226523 y: -0.0649435297 z: -0.00576554891 w: 0.997105062 } position { x: -0.0228570905 y: 2.0713768 z: 0.0291236024 } }}, this= 0x20464eb2b80
[2025-05-23 15:04:51.087] [PSS] [info] [3128|24280]streaming_driver_interface_impl.cpp:87 SubmitViewFrames: submit view frames {view_texture_handles: 3221231170 view_texture_handles: 2147485058 pose { orientation { x: 0.0387470573 y: -0.064595215 z: -0.00606204569 w: 0.997140586 } position { x: -0.0228913166 y: 2.07142305 z: 0.0290532261 } }}, this= 0x20464eb2b80
[2025-05-23 15:04:51.099] [PSS] [info] [3128|24280]streaming_driver_interface_impl.cpp:87 SubmitViewFrames: submit view frames {view_texture_handles: 3221231170 view_texture_handles: 2147485058 pose { orientation { x: 0.0382762328 y: -0.0643099919 z: -0.00599560468 w: 0.997177601 } position { x: -0.0229148474 y: 2.07149982 z: 0.0290701278 } }}, this= 0x20464eb2b80
[2025-05-23 15:04:51.115] [PSS] [info] [3128|24280]streaming_driver_interface_impl.cpp:87 SubmitViewFrames: submit view frames {view_texture_handles: 3221231170 view_texture_handles: 2147485058 pose { orientation { x: 0.0378286503 y: -0.0641609728 z: -0.00564220455 w: 0.99720639 } position { x: -0.0229478627 y: 2.07153368 z: 0.0290652774 } }}, this= 0x20464eb2b80
[2025-05-23 15:04:51.128] [PSS] [info] [3128|24280]streaming_driver_interface_impl.cpp:87 SubmitViewFrames: submit view frames {view_texture_handles: 3221231170 view_texture_handles: 2147485058 pose { orientation { x: 0.0373204872 y: -0.0641438887 z: -0.00496042566 w: 0.997230232 } position { x: -0.0229628105 y: 2.07151318 z: 0.029033849 } }}, this= 0x20464eb2b80
[2025-05-23 15:04:51.143] [PSS] [info] [3128|24280]streaming_driver_interface_impl.cpp:87 SubmitViewFrames: submit view frames {view_texture_handles: 3221231170 view_texture_handles: 2147485058 pose { orientation { x: 0.0368852541 y: -0.0641002655 z: -0.00450549321 w: 0.997251391 } position { x: -0.022825595 y: 2.07134247 z: 0.0290789921 } }}, this= 0x20464eb2b80
[2025-05-23 15:04:51.155] [PSS] [info] [3128|24280]streaming_driver_interface_impl.cpp:87 SubmitViewFrames: submit view frames {view_texture_handles: 3221231170 view_texture_handles: 2147485058 pose { orientation { x: 0.0364706516 y: -0.0641237721 z: -0.00446333969 w: 0.997265339 } position { x: -0.022723861 y: 2.07122326 z: 0.0291864201 } }}, this= 0x20464eb2b80
[2025-05-23 15:04:51.170] [PSS] [info] [3128|24280]streaming_driver_interface_impl.cpp:87 SubmitViewFrames: submit view frames {view_texture_handles: 3221231170 view_texture_handles: 2147485058 pose { orientation { x: 0.036200434 y: -0.0642906874 z: -0.00462027825 w: 0.99726373 } position { x: -0.0226217341 y: 2.07123733 z: 0.0293105021 } }}, this= 0x20464eb2b80
[2025-05-23 15:04:51.182] [PSS] [info] [3128|24280]streaming_driver_interface_impl.cpp:87 SubmitViewFrames: submit view frames {view_texture_handles: 3221231170 view_texture_handles: 2147485058 pose { orientation { x: 0.0363543518 y: -0.0646368861 z: -0.00501239905 w: 0.997233868 } position { x: -0.0225450695 y: 2.07139325 z: 0.0294135474 } }}, this= 0x20464eb2b80
[2025-05-23 15:04:51.197] [PSS] [info] [3128|24280]streaming_driver_interface_impl.cpp:87 SubmitViewFrames: submit view frames {view_texture_handles: 3221231170 view_texture_handles: 2147485058 pose { orientation { x: 0.0369961523 y: -0.0651307851 z: -0.00533896359 w: 0.997176409 } position { x: -0.0225096531 y: 2.07161427 z: 0.029465491 } }}, this= 0x20464eb2b80
[2025-05-23 15:04:51.213] [PSS] [info] [3128|24280]streaming_driver_interface_impl.cpp:87 SubmitViewFrames: submit view frames {view_texture_handles: 3221231170 view_texture_handles: 2147485058 pose { orientation { x: 0.0379742049 y: -0.0656262189 z: -0.00560739264 w: 0.997105658 } position { x: -0.0225067809 y: 2.07171488 z: 0.0294434261 } }}, this= 0x20464eb2b80
[2025-05-23 15:04:51.225] [PSS] [info] [3128|24280]streaming_driver_interface_impl.cpp:87 SubmitViewFrames: submit view frames {view_texture_handles: 3221231170 view_texture_handles: 2147485058 pose { orientation { x: 0.03896657 y: -0.065861471 z: -0.005888985 w: 0.997050226 } position { x: -0.0225430187 y: 2.07164621 z: 0.0294481628 } }}, this= 0x20464eb2b80
[2025-05-23 15:04:51.240] [PSS] [info] [3128|24280]streaming_driver_interface_impl.cpp:87 SubmitViewFrames: submit view frames {view_texture_handles: 3221231170 view_texture_handles: 2147485058 pose { orientation { x: 0.039734751 y: -0.0658725 z: -0.00626317458 w: 0.997016966 } position { x: -0.0225755759 y: 2.07156515 z: 0.0293312892 } }}, this= 0x20464eb2b80
[2025-05-23 15:04:51.253] [PSS] [info] [3128|24280]streaming_driver_interface_impl.cpp:87 SubmitViewFrames: submit view frames {view_texture_handles: 3221231170 view_texture_handles: 2147485058 pose { orientation { x: 0.0401918963 y: -0.0656414255 z: -0.00677802274 w: 0.997010469 } position { x: -0.0225872267 y: 2.07153559 z: 0.0292298403 } }}, this= 0x20464eb2b80
[2025-05-23 15:04:51.267] [PSS] [info] [3128|24280]streaming_driver_interface_impl.cpp:87 SubmitViewFrames: submit view frames {view_texture_handles: 3221231170 view_texture_handles: 2147485058 pose { orientation { x: 0.0402781628 y: -0.0651918873 z: -0.00695700478 w: 0.997035265 } position { x: -0.0225767139 y: 2.07155967 z: 0.0291769262 } }}, this= 0x20464eb2b80
[2025-05-23 15:04:51.282] [PSS] [info] [3128|24280]streaming_driver_interface_impl.cpp:87 SubmitViewFrames: submit view frames {view_texture_handles: 3221231170 view_texture_handles: 2147485058 pose { orientation { x: 0.0400907 y: -0.0649770275 z: -0.00683320593 w: 0.997057736 } position { x: -0.0225215908 y: 2.07161832 z: 0.0291290265 } }}, this= 0x20464eb2b80
[2025-05-23 15:04:51.294] [PSS] [info] [3128|24280]streaming_driver_interface_impl.cpp:87 SubmitViewFrames: submit view frames {view_texture_handles: 3221231170 view_texture_handles: 2147485058 pose { orientation { x: 0.0398033746 y: -0.0649042055 z: -0.00649276841 w: 0.997076273 } position { x: -0.022497559 y: 2.07167292 z: 0.0290811565 } }}, this= 0x20464eb2b80
[2025-05-23 15:04:51.309] [PSS] [info] [3128|24280]streaming_driver_interface_impl.cpp:87 SubmitViewFrames: submit view frames {view_texture_handles: 3221231170 view_texture_handles: 2147485058 pose { orientation { x: 0.039330788 y: -0.0650981516 z: -0.00600369554 w: 0.997085392 } position { x: -0.0224827714 y: 2.07162094 z: 0.0289728958 } }}, this= 0x20464eb2b80
[2025-05-23 15:04:51.322] [PSS] [info] [3128|24280]streaming_driver_interface_impl.cpp:87 SubmitViewFrames: submit view frames {view_texture_handles: 3221231170 view_texture_handles: 2147485058 pose { orientation { x: 0.0385919735 y: -0.0651907 z: -0.00549222203 w: 0.997111201 } position { x: -0.0224707499 y: 2.07142735 z: 0.0289186984 } }}, this= 0x20464eb2b80
[2025-05-23 15:04:51.336] [PSS] [info] [3128|24280]streaming_driver_interface_impl.cpp:87 SubmitViewFrames: submit view frames {view_texture_handles: 3221231170 view_texture_handles: 2147485058 pose { orientation { x: 0.0377413556 y: -0.0650947168 z: -0.00504899677 w: 0.997152328 } position { x: -0.0224592518 y: 2.07128096 z: 0.0288977064 } }}, this= 0x20464eb2b80
[2025-05-23 15:04:51.349] [PSS] [info] [3128|24280]streaming_driver_interface_impl.cpp:87 SubmitViewFrames: submit view frames {view_texture_handles: 3221231170 view_texture_handles: 2147485058 pose { orientation { x: 0.0370981246 y: -0.0649350286 z: -0.00485059572 w: 0.997187853 } position { x: -0.0224988349 y: 2.07124186 z: 0.0289702322 } }}, this= 0x20464eb2b80
[2025-05-23 15:04:51.365] [PSS] [info] [3128|24280]streaming_driver_interface_impl.cpp:87 SubmitViewFrames: submit view frames {view_texture_handles: 3221231170 view_texture_handles: 2147485058 pose { orientation { x: 0.0366861038 y: -0.0649445802 z: -0.00483773835 w: 0.997202575 } position { x: -0.0225346591 y: 2.07139492 z: 0.0290012583 } }}, this= 0x20464eb2b80
[2025-05-23 15:04:51.377] [PSS] [info] [3128|24280]streaming_driver_interface_impl.cpp:87 SubmitViewFrames: submit view frames {view_texture_handles: 3221231170 view_texture_handles: 2147485058 pose { orientation { x: 0.0367644429 y: -0.0648507625 z: -0.00473314 w: 0.997206271 } position { x: -0.0225840751 y: 2.07158589 z: 0.0290773213 } }}, this= 0x20464eb2b80
[2025-05-23 15:04:51.393] [PSS] [info] [3128|24280]streaming_driver_interface_impl.cpp:87 SubmitViewFrames: submit view frames {view_texture_handles: 3221231170 view_texture_handles: 2147485058 pose { orientation { x: 0.037274763 y: -0.0649060532 z: -0.00446983427 w: 0.997185 } position { x: -0.022568807 y: 2.07162905 z: 0.0291099474 } }}, this= 0x20464eb2b80
[2025-05-23 15:04:51.405] [PSS] [info] [3128|24280]streaming_driver_interface_impl.cpp:87 SubmitViewFrames: submit view frames {view_texture_handles: 3221231170 view_texture_handles: 2147485058 pose { orientation { x: 0.0378831327 y: -0.0649894252 z: -0.00444982201 w: 0.99715668 } position { x: -0.0225473214 y: 2.0715003 z: 0.0291077159 } }}, this= 0x20464eb2b80
[2025-05-23 15:04:51.420] [PSS] [info] [3128|24280]streaming_driver_interface_impl.cpp:87 SubmitViewFrames: submit view frames {view_texture_handles: 3221231170 view_texture_handles: 2147485058 pose { orientation { x: 0.0383558832 y: -0.0650465935 z: -0.00477536395 w: 0.997133374 } position { x: -0.0224887133 y: 2.07140207 z: 0.0290903337 } }}, this= 0x20464eb2b80
[2025-05-23 15:04:51.432] [PSS] [info] [3128|24280]streaming_driver_interface_impl.cpp:87 SubmitViewFrames: submit view frames {view_texture_handles: 3221231170 view_texture_handles: 2147485058 pose { orientation { x: 0.0386515 y: -0.0652149841 z: -0.0052847066 w: 0.9971084 } position { x: -0.0224261694 y: 2.07133961 z: 0.029057363 } }}, this= 0x20464eb2b80
[2025-05-23 15:04:51.448] [PSS] [info] [3128|24280]streaming_driver_interface_impl.cpp:87 SubmitViewFrames: submit view frames {view_texture_handles: 3221231170 view_texture_handles: 2147485058 pose { orientation { x: 0.0387184843 y: -0.0652592257 z: -0.00573058566 w: 0.997100472 } position { x: -0.0224058703 y: 2.07131028 z: 0.0290111154 } }}, this= 0x20464eb2b80
[2025-05-23 15:04:51.460] [PSS] [info] [3128|24280]streaming_driver_interface_impl.cpp:87 SubmitViewFrames: submit view frames {view_texture_handles: 3221231170 view_texture_handles: 2147485058 pose { orientation { x: 0.0385549664 y: -0.0653449818 z: -0.0060339882 w: 0.9970994 } position { x: -0.0224105101 y: 2.07126427 z: 0.0289803818 } }}, this= 0x20464eb2b80
[2025-05-23 15:04:51.476] [PSS] [info] [3128|24280]streaming_driver_interface_impl.cpp:87 SubmitViewFrames: submit view frames {view_texture_handles: 3221231170 view_texture_handles: 2147485058 pose { orientation { x: 0.0383083858 y: -0.0654564723 z: -0.00623879628 w: 0.997100294 } position { x: -0.0224781446 y: 2.07128859 z: 0.0289588217 } }}, this= 0x20464eb2b80
[2025-05-23 15:04:51.490] [PSS] [info] [3128|24280]streaming_driver_interface_impl.cpp:87 SubmitViewFrames: submit view frames {view_texture_handles: 3221231170 view_texture_handles: 2147485058 pose { orientation { x: 0.038070865 y: -0.0655185059 z: -0.00617353059 w: 0.997105718 } position { x: -0.0226216912 y: 2.07126307 z: 0.0288563929 } }}, this= 0x20464eb2b80
[2025-05-23 15:04:51.503] [PSS] [info] [3128|24280]streaming_driver_interface_impl.cpp:87 SubmitViewFrames: submit view frames {view_texture_handles: 3221231170 view_texture_handles: 2147485058 pose { orientation { x: 0.0378276743 y: -0.0652812421 z: -0.00605462492 w: 0.997131288 } position { x: -0.0227756239 y: 2.07122207 z: 0.0287825353 } }}, this= 0x20464eb2b80
[2025-05-23 15:04:51.518] [PSS] [info] [3128|24280]streaming_driver_interface_impl.cpp:87 SubmitViewFrames: submit view frames {view_texture_handles: 3221231170 view_texture_handles: 2147485058 pose { orientation { x: 0.0374969058 y: -0.0648016483 z: -0.00579946255 w: 0.997176588 } position { x: -0.0229206532 y: 2.07120419 z: 0.0287147779 } }}, this= 0x20464eb2b80
[2025-05-23 15:04:51.530] [PSS] [info] [3128|24280]streaming_driver_interface_impl.cpp:87 SubmitViewFrames: submit view frames {view_texture_handles: 3221231170 view_texture_handles: 2147485058 pose { orientation { x: 0.0371997096 y: -0.0642887056 z: -0.00550414715 w: 0.997222602 } position { x: -0.0230044927 y: 2.07121086 z: 0.0286696088 } }}, this= 0x20464eb2b80
[2025-05-23 15:04:51.545] [PSS] [info] [3128|24280]streaming_driver_interface_impl.cpp:87 SubmitViewFrames: submit view frames {view_texture_handles: 3221231170 view_texture_handles: 2147485058 pose { orientation { x: 0.0368457884 y: -0.0638830662 z: -0.00513736438 w: 0.99726373 } position { x: -0.0230636746 y: 2.071136 z: 0.0286544096 } }}, this= 0x20464eb2b80
[2025-05-23 15:04:51.558] [PSS] [info] [3128|24280]streaming_driver_interface_impl.cpp:87 SubmitViewFrames: submit view frames {view_texture_handles: 3221231170 view_texture_handles: 2147485058 pose { orientation { x: 0.0364547335 y: -0.0635494962 z: -0.00475894334 w: 0.99730134 } position { x: -0.0230570696 y: 2.07104588 z: 0.0286710337 } }}, this= 0x20464eb2b80
[2025-05-23 15:04:51.573] [PSS] [info] [3128|24280]streaming_driver_interface_impl.cpp:87 SubmitViewFrames: submit view frames {view_texture_handles: 3221231170 view_texture_handles: 2147485058 pose { orientation { x: 0.0361631177 y: -0.0634260774 z: -0.0046069324 w: 0.997320533 } position { x: -0.0230141282 y: 2.07098842 z: 0.0286545046 } }}, this= 0x20464eb2b80
[2025-05-23 15:04:51.585] [PSS] [info] [3128|24280]streaming_driver_interface_impl.cpp:87 SubmitViewFrames: submit view frames {view_texture_handles: 3221231170 view_texture_handles: 2147485058 pose { orientation { x: 0.0359532125 y: -0.0635477826 z: -0.0047682547 w: 0.997319579 } position { x: -0.0229466408 y: 2.07099533 z: 0.0286845174 } }}, this= 0x20464eb2b80
[2025-05-23 15:04:51.600] [PSS] [info] [3128|24280]streaming_driver_interface_impl.cpp:87 SubmitViewFrames: submit view frames {view_texture_handles: 3221231170 view_texture_handles: 2147485058 pose { orientation { x: 0.0358481482 y: -0.0638165548 z: -0.00483730296 w: 0.99730587 } position { x: -0.0229552798 y: 2.07100129 z: 0.0286952443 } }}, this= 0x20464eb2b80
[2025-05-23 15:04:51.615] [PSS] [info] [3128|24280]streaming_driver_interface_impl.cpp:87 SubmitViewFrames: submit view frames {view_texture_handles: 3221231170 view_texture_handles: 2147485058 pose { orientation { x: 0.0359263048 y: -0.0640434101 z: -0.00490679685 w: 0.997288167 } position { x: -0.022975618 y: 2.07104492 z: 0.028739268 } }}, this= 0x20464eb2b80
[2025-05-23 15:04:51.631] [PSS] [info] [3128|24280]streaming_driver_interface_impl.cpp:87 SubmitViewFrames: submit view frames {view_texture_handles: 3221231170 view_texture_handles: 2147485058 pose { orientation { x: 0.0363127328 y: -0.0643067807 z: -0.00514568854 w: 0.997256041 } position { x: -0.0230062958 y: 2.07107854 z: 0.0287298895 } }}, this= 0x20464eb2b80
[2025-05-23 15:04:51.641] [PSS] [info] [3128|24280]streaming_driver_interface_impl.cpp:87 SubmitViewFrames: submit view frames {view_texture_handles: 3221231170 view_texture_handles: 2147485058 pose { orientation { x: 0.0368305892 y: -0.064551346 z: -0.00545787113 w: 0.997219563 } position { x: -0.0230573565 y: 2.0711205 z: 0.0286781322 } }}, this= 0x20464eb2b80
[2025-05-23 15:04:51.656] [PSS] [info] [3128|24280]streaming_driver_interface_impl.cpp:87 SubmitViewFrames: submit view frames {view_texture_handles: 3221231170 view_texture_handles: 2147485058 pose { orientation { x: 0.0373705775 y: -0.0646710694 z: -0.0059066359 w: 0.997189164 } position { x: -0.0230727158 y: 2.07120919 z: 0.0286168177 } }}, this= 0x20464eb2b80
[2025-05-23 15:04:51.669] [PSS] [info] [3128|24280]streaming_driver_interface_impl.cpp:87 SubmitViewFrames: submit view frames {view_texture_handles: 3221231170 view_texture_handles: 2147485058 pose { orientation { x: 0.037943352 y: -0.064808473 z: -0.00629388 w: 0.997156203 } position { x: -0.0231406894 y: 2.07128668 z: 0.0284201931 } }}, this= 0x20464eb2b80
[2025-05-23 15:04:51.684] [PSS] [info] [3128|24280]streaming_driver_interface_impl.cpp:87 SubmitViewFrames: submit view frames {view_texture_handles: 3221231170 view_texture_handles: 2147485058 pose { orientation { x: 0.0381171405 y: -0.0648353398 z: -0.00643939571 w: 0.997146904 } position { x: -0.0232307743 y: 2.0711937 z: 0.0283303335 } }}, this= 0x20464eb2b80
[2025-05-23 15:04:51.696] [PSS] [info] [3128|24280]streaming_driver_interface_impl.cpp:87 SubmitViewFrames: submit view frames {view_texture_handles: 3221231170 view_texture_handles: 2147485058 pose { orientation { x: 0.0378168263 y: -0.0647191405 z: -0.00636702729 w: 0.997166395 } position { x: -0.023350317 y: 2.0710597 z: 0.0282824095 } }}, this= 0x20464eb2b80
[2025-05-23 15:04:51.712] [PSS] [info] [3128|24280]streaming_driver_interface_impl.cpp:87 SubmitViewFrames: submit view frames {view_texture_handles: 3221231170 view_texture_handles: 2147485058 pose { orientation { x: 0.0370331 y: -0.0644342229 z: -0.00615441613 w: 0.997215629 } position { x: -0.0234357826 y: 2.07096481 z: 0.0281629376 } }}, this= 0x20464eb2b80
[2025-05-23 15:04:51.724] [PSS] [info] [3128|24280]streaming_driver_interface_impl.cpp:87 SubmitViewFrames: submit view frames {view_texture_handles: 3221231170 view_texture_handles: 2147485058 pose { orientation { x: 0.0362578966 y: -0.0639153495 z: -0.00580844749 w: 0.997279525 } position { x: -0.0234361421 y: 2.0709486 z: 0.02805648 } }}, this= 0x20464eb2b80
[2025-05-23 15:04:51.739] [PSS] [info] [3128|24280]streaming_driver_interface_impl.cpp:87 SubmitViewFrames: submit view frames {view_texture_handles: 3221231170 view_texture_handles: 2147485058 pose { orientation { x: 0.0356208757 y: -0.0634830892 z: -0.00562180951 w: 0.997331142 } position { x: -0.0234572385 y: 2.07100821 z: 0.028067302 } }}, this= 0x20464eb2b80
[2025-05-23 15:04:51.754] [PSS] [info] [3128|24280]streaming_driver_interface_impl.cpp:87 SubmitViewFrames: submit view frames {view_texture_handles: 3221231170 view_texture_handles: 2147485058 pose { orientation { x: 0.0352114476 y: -0.0634330884 z: -0.00541545963 w: 0.997350037 } position { x: -0.0235061608 y: 2.07100058 z: 0.0280787144 } }}, this= 0x20464eb2b80
[2025-05-23 15:04:51.767] [PSS] [info] [3128|24280]streaming_driver_interface_impl.cpp:87 SubmitViewFrames: submit view frames {view_texture_handles: 3221231170 view_texture_handles: 2147485058 pose { orientation { x: 0.0348131284 y: -0.0634336397 z: -0.00506282505 w: 0.997365832 } position { x: -0.0235049911 y: 2.07090878 z: 0.0281318035 } }}, this= 0x20464eb2b80
[2025-05-23 15:04:51.782] [PSS] [info] [3128|24280]streaming_driver_interface_impl.cpp:87 SubmitViewFrames: submit view frames {view_texture_handles: 3221231170 view_texture_handles: 2147485058 pose { orientation { x: 0.0345526822 y: -0.0636281595 z: -0.00486368267 w: 0.997363508 } position { x: -0.0235075429 y: 2.07081628 z: 0.0281666927 } }}, this= 0x20464eb2b80
[2025-05-23 15:04:51.794] [PSS] [info] [3128|24280]streaming_driver_interface_impl.cpp:87 SubmitViewFrames: submit view frames {view_texture_handles: 3221231170 view_texture_handles: 2147485058 pose { orientation { x: 0.0344137363 y: -0.0637352243 z: -0.00489847735 w: 0.997361302 } position { x: -0.0234717503 y: 2.07074356 z: 0.028197268 } }}, this= 0x20464eb2b80
[2025-05-23 15:04:51.807] [PSS] [info] [3128|24280]streaming_driver_interface_impl.cpp:87 SubmitViewFrames: submit view frames {view_texture_handles: 3221231170 view_texture_handles: 2147485058 pose { orientation { x: 0.0345481522 y: -0.0639359578 z: -0.00521548744 w: 0.997342169 } position { x: -0.0234434046 y: 2.07075214 z: 0.0282161087 } }}, this= 0x20464eb2b80
[2025-05-23 15:04:51.822] [PSS] [info] [3128|24280]streaming_driver_interface_impl.cpp:87 SubmitViewFrames: submit view frames {view_texture_handles: 3221231170 view_texture_handles: 2147485058 pose { orientation { x: 0.0349405631 y: -0.0642209426 z: -0.00551435119 w: 0.997308612 } position { x: -0.0234061535 y: 2.07077622 z: 0.0282366723 } }}, this= 0x20464eb2b80
[2025-05-23 15:04:51.837] [PSS] [info] [3128|24280]streaming_driver_interface_impl.cpp:87 SubmitViewFrames: submit view frames {view_texture_handles: 3221231170 view_texture_handles: 2147485058 pose { orientation { x: 0.0353358649 y: -0.0644452125 z: -0.00577561092 w: 0.99727875 } position { x: -0.0233596712 y: 2.07073307 z: 0.0283312928 } }}, this= 0x20464eb2b80
[2025-05-23 15:04:51.850] [PSS] [info] [3128|24280]streaming_driver_interface_impl.cpp:87 SubmitViewFrames: submit view frames {view_texture_handles: 3221231170 view_texture_handles: 2147485058 pose { orientation { x: 0.0356578603 y: -0.064761959 z: -0.00616407674 w: 0.997244477 } position { x: -0.0234100372 y: 2.07077122 z: 0.0284547694 } }}, this= 0x20464eb2b80
[2025-05-23 15:04:51.864] [PSS] [info] [3128|24280]streaming_driver_interface_impl.cpp:87 SubmitViewFrames: submit view frames {view_texture_handles: 3221231170 view_texture_handles: 2147485058 pose { orientation { x: 0.0360242762 y: -0.0649223551 z: -0.00645333668 w: 0.997218966 } position { x: -0.0235305969 y: 2.0709703 z: 0.0285281986 } }}, this= 0x20464eb2b80
[2025-05-23 15:04:51.877] [PSS] [info] [3128|24280]streaming_driver_interface_impl.cpp:87 SubmitViewFrames: submit view frames {view_texture_handles: 3221231170 view_texture_handles: 2147485058 pose { orientation { x: 0.0365741849 y: -0.0650062189 z: -0.00641052471 w: 0.997193813 } position { x: -0.0237116646 y: 2.07115841 z: 0.0285370536 } }}, this= 0x20464eb2b80
[2025-05-23 15:04:51.892] [PSS] [info] [3128|24280]streaming_driver_interface_impl.cpp:87 SubmitViewFrames: submit view frames {view_texture_handles: 3221231170 view_texture_handles: 2147485058 pose { orientation { x: 0.0370847136 y: -0.0648239702 z: -0.00614846684 w: 0.997188449 } position { x: -0.0238527618 y: 2.07126784 z: 0.0285976734 } }}, this= 0x20464eb2b80
[2025-05-23 15:04:51.907] [PSS] [info] [3128|24280]streaming_driver_interface_impl.cpp:87 SubmitViewFrames: submit view frames {view_texture_handles: 3221231170 view_texture_handles: 2147485058 pose { orientation { x: 0.0374673866 y: -0.0644202381 z: -0.00564340549 w: 0.99720329 } position { x: -0.0239227228 y: 2.07127619 z: 0.028580999 } }}, this= 0x20464eb2b80
[2025-05-23 15:04:51.920] [PSS] [info] [3128|24280]streaming_driver_interface_impl.cpp:87 SubmitViewFrames: submit view frames {view_texture_handles: 3221231170 view_texture_handles: 2147485058 pose { orientation { x: 0.0376647115 y: -0.0637348443 z: -0.00498340884 w: 0.997243404 } position { x: -0.0239199828 y: 2.07121325 z: 0.0285999049 } }}, this= 0x20464eb2b80
[2025-05-23 15:04:51.932] [PSS] [info] [3128|24280]streaming_driver_interface_impl.cpp:87 SubmitViewFrames: submit view frames {view_texture_handles: 3221231170 view_texture_handles: 2147485058 pose { orientation { x: 0.0377060287 y: -0.06304387 z: -0.00467465864 w: 0.997287273 } position { x: -0.0238610934 y: 2.07105637 z: 0.0286714453 } }}, this= 0x20464eb2b80
[2025-05-23 15:04:51.947] [PSS] [info] [3128|24280]streaming_driver_interface_impl.cpp:87 SubmitViewFrames: submit view frames {view_texture_handles: 3221231170 view_texture_handles: 2147485058 pose { orientation { x: 0.0375215225 y: -0.0624522939 z: -0.00460924953 w: 0.997331798 } position { x: -0.0238740351 y: 2.07097602 z: 0.028802963 } }}, this= 0x20464eb2b80
[2025-05-23 15:04:51.962] [PSS] [info] [3128|24280]streaming_driver_interface_impl.cpp:87 SubmitViewFrames: submit view frames {view_texture_handles: 3221231170 view_texture_handles: 2147485058 pose { orientation { x: 0.0374520458 y: -0.0623342507 z: -0.0046894839 w: 0.997341335 } position { x: -0.0239335522 y: 2.07113051 z: 0.0289491918 } }}, this= 0x20464eb2b80
[2025-05-23 15:04:51.974] [PSS] [info] [3128|24280]streaming_driver_interface_impl.cpp:87 SubmitViewFrames: submit view frames {view_texture_handles: 3221231170 view_texture_handles: 2147485058 pose { orientation { x: 0.0377966 y: -0.0624028 z: -0.00458813924 w: 0.997324586 } position { x: -0.024018202 y: 2.07154751 z: 0.0289435759 } }}, this= 0x20464eb2b80
[2025-05-23 15:04:51.989] [PSS] [info] [3128|24280]streaming_driver_interface_impl.cpp:87 SubmitViewFrames: submit view frames {view_texture_handles: 3221231170 view_texture_handles: 2147485058 pose { orientation { x: 0.0385117456 y: -0.0626571402 z: -0.00384006742 w: 0.997284412 } position { x: -0.0240957662 y: 2.07185292 z: 0.0289338883 } }}, this= 0x20464eb2b80
[2025-05-23 15:04:52.015] [PSS] [info] [3128|24280]streaming_driver_interface_impl.cpp:87 SubmitViewFrames: submit view frames {view_texture_handles: 3221231170 view_texture_handles: 2147485058 pose { orientation { x: 0.0401044898 y: -0.0626692697 z: -0.00281234854 w: 0.997224331 } position { x: -0.024382906 y: 2.0718987 z: 0.0287459418 } }}, this= 0x20464eb2b80
[2025-05-23 15:04:52.019] [PSS] [info] [3128|24280]streaming_driver_interface_impl.cpp:87 SubmitViewFrames: submit view frames {view_texture_handles: 3221231170 view_texture_handles: 2147485058 pose { orientation { x: 0.0401044898 y: -0.0626692697 z: -0.00281234854 w: 0.997224331 } position { x: -0.024382906 y: 2.0718987 z: 0.0287459418 } }}, this= 0x20464eb2b80
[2025-05-23 15:04:52.035] [PSS] [info] [3128|24280]streaming_driver_interface_impl.cpp:87 SubmitViewFrames: submit view frames {view_texture_handles: 3221231170 view_texture_handles: 2147485058 pose { orientation { x: 0.0409895256 y: -0.0623372 z: -0.00290413154 w: 0.997208893 } position { x: -0.0245201737 y: 2.07197738 z: 0.0284306686 } }}, this= 0x20464eb2b80
[2025-05-23 15:04:52.047] [PSS] [info] [3128|24280]streaming_driver_interface_impl.cpp:87 SubmitViewFrames: submit view frames {view_texture_handles: 3221231170 view_texture_handles: 2147485058 pose { orientation { x: 0.0418854021 y: -0.061482951 z: -0.0033767859 w: 0.997223198 } position { x: -0.0246171895 y: 2.07212043 z: 0.0280790403 } }}, this= 0x20464eb2b80
[2025-05-23 15:04:52.062] [PSS] [info] [3128|24280]streaming_driver_interface_impl.cpp:87 SubmitViewFrames: submit view frames {view_texture_handles: 3221231170 view_texture_handles: 2147485058 pose { orientation { x: 0.0427694879 y: -0.0602228083 z: -0.00365619245 w: 0.997261584 } position { x: -0.024795888 y: 2.07231545 z: 0.0278490353 } }}, this= 0x20464eb2b80
[2025-05-23 15:04:52.074] [PSS] [info] [3128|24280]streaming_driver_interface_impl.cpp:87 SubmitViewFrames: submit view frames {view_texture_handles: 3221231170 view_texture_handles: 2147485058 pose { orientation { x: 0.0434695706 y: -0.0589545891 z: -0.00370193273 w: 0.997306883 } position { x: -0.0249682888 y: 2.07250786 z: 0.027600605 } }}, this= 0x20464eb2b80
[2025-05-23 15:04:52.090] [PSS] [info] [3128|24280]streaming_driver_interface_impl.cpp:87 SubmitViewFrames: submit view frames {view_texture_handles: 3221231170 view_texture_handles: 2147485058 pose { orientation { x: 0.0439189672 y: -0.0576927587 z: -0.00341135077 w: 0.997362077 } position { x: -0.0251919348 y: 2.07274389 z: 0.0274515208 } }}, this= 0x20464eb2b80
[2025-05-23 15:04:52.102] [PSS] [info] [3128|24280]streaming_driver_interface_impl.cpp:87 SubmitViewFrames: submit view frames {view_texture_handles: 3221231170 view_texture_handles: 2147485058 pose { orientation { x: 0.0442269072 y: -0.0566848814 z: -0.00269536069 w: 0.99740839 } position { x: -0.0254201554 y: 2.07300115 z: 0.0272712801 } }}, this= 0x20464eb2b80
[2025-05-23 15:04:52.117] [PSS] [info] [3128|24280]streaming_driver_interface_impl.cpp:87 SubmitViewFrames: submit view frames {view_texture_handles: 3221231170 view_texture_handles: 2147485058 pose { orientation { x: 0.0443941392 y: -0.0556926504 z: -0.00171373098 w: 0.997459054 } position { x: -0.0257007983 y: 2.07322979 z: 0.0270728096 } }}, this= 0x20464eb2b80
[2025-05-23 15:04:52.130] [PSS] [info] [3128|24280]streaming_driver_interface_impl.cpp:87 SubmitViewFrames: submit view frames {view_texture_handles: 3221231170 view_texture_handles: 2147485058 pose { orientation { x: 0.0445487835 y: -0.0549482182 z: -0.000492986408 w: 0.997494817 } position { x: -0.0258790236 y: 2.07339835 z: 0.0268090349 } }}, this= 0x20464eb2b80
[2025-05-23 15:04:52.145] [PSS] [info] [3128|24280]streaming_driver_interface_impl.cpp:87 SubmitViewFrames: submit view frames {view_texture_handles: 3221231170 view_texture_handles: 2147485058 pose { orientation { x: 0.0445041806 y: -0.0540859848 z: 0.00062478648 w: 0.997543812 } position { x: -0.0260583609 y: 2.07347727 z: 0.0264912732 } }}, this= 0x20464eb2b80
[2025-05-23 15:04:52.157] [PSS] [info] [3128|24280]streaming_driver_interface_impl.cpp:87 SubmitViewFrames: submit view frames {view_texture_handles: 3221231170 view_texture_handles: 2147485058 pose { orientation { x: 0.0445255749 y: -0.0530687794 z: 0.00208969042 w: 0.997595549 } position { x: -0.0261094719 y: 2.07340527 z: 0.0259723403 } }}, this= 0x20464eb2b80
[2025-05-23 15:04:52.172] [PSS] [info] [3128|24280]streaming_driver_interface_impl.cpp:87 SubmitViewFrames: submit view frames {view_texture_handles: 3221231170 view_texture_handles: 2147485058 pose { orientation { x: 0.0433590114 y: -0.0520354174 z: 0.00294359494 w: 0.997699201 } position { x: -0.0262790062 y: 2.07334232 z: 0.0258820485 } }}, this= 0x20464eb2b80
[2025-05-23 15:04:52.187] [PSS] [info] [3128|24280]streaming_driver_interface_impl.cpp:87 SubmitViewFrames: submit view frames {view_texture_handles: 3221231170 view_texture_handles: 2147485058 pose { orientation { x: 0.0425905138 y: -0.0509082973 z: 0.00324518932 w: 0.997789502 } position { x: -0.0264677741 y: 2.07359624 z: 0.025742773 } }}, this= 0x20464eb2b80
[2025-05-23 15:04:52.200] [PSS] [info] [3128|24280]streaming_driver_interface_impl.cpp:87 SubmitViewFrames: submit view frames {view_texture_handles: 3221231170 view_texture_handles: 2147485058 pose { orientation { x: 0.0420787632 y: -0.0499435477 z: 0.00427251356 w: 0.99785614 } position { x: -0.0266350489 y: 2.07397652 z: 0.0255127121 } }}, this= 0x20464eb2b80
[2025-05-23 15:04:52.215] [PSS] [info] [3128|24280]streaming_driver_interface_impl.cpp:87 SubmitViewFrames: submit view frames {view_texture_handles: 3221231170 view_texture_handles: 2147485058 pose { orientation { x: 0.0426608436 y: -0.0490797199 z: 0.00608825916 w: 0.997864842 } position { x: -0.026578553 y: 2.0741868 z: 0.0250584558 } }}, this= 0x20464eb2b80
[2025-05-23 15:04:52.227] [PSS] [info] [3128|24280]streaming_driver_interface_impl.cpp:87 SubmitViewFrames: submit view frames {view_texture_handles: 3221231170 view_texture_handles: 2147485058 pose { orientation { x: 0.0416605733 y: -0.0482499637 z: 0.0071431715 w: 0.99794054 } position { x: -0.0268923324 y: 2.07397366 z: 0.0252235569 } }}, this= 0x20464eb2b80
[2025-05-23 15:04:52.242] [PSS] [info] [3128|24280]streaming_driver_interface_impl.cpp:87 SubmitViewFrames: submit view frames {view_texture_handles: 3221231170 view_texture_handles: 2147485058 pose { orientation { x: 0.0415985174 y: -0.0472988598 z: 0.00755176833 w: 0.997985661 } position { x: -0.0270208493 y: 2.0743165 z: 0.0250033978 } }}, this= 0x20464eb2b80
[2025-05-23 15:04:52.254] [PSS] [info] [3128|24280]streaming_driver_interface_impl.cpp:87 SubmitViewFrames: submit view frames {view_texture_handles: 3221231170 view_texture_handles: 2147485058 pose { orientation { x: 0.0418465845 y: -0.0468692 z: 0.00853994489 w: 0.997987568 } position { x: -0.0271178856 y: 2.07470059 z: 0.0246796496 } }}, this= 0x20464eb2b80
[2025-05-23 15:04:52.269] [PSS] [info] [3128|24280]streaming_driver_interface_impl.cpp:87 SubmitViewFrames: submit view frames {view_texture_handles: 3221231170 view_texture_handles: 2147485058 pose { orientation { x: 0.0430351608 y: -0.0460020676 z: 0.00977141503 w: 0.997966111 } position { x: -0.0271829609 y: 2.07497454 z: 0.0243454576 } }}, this= 0x20464eb2b80
[2025-05-23 15:04:52.284] [PSS] [info] [3128|24280]streaming_driver_interface_impl.cpp:87 SubmitViewFrames: submit view frames {view_texture_handles: 3221231170 view_texture_handles: 2147485058 pose { orientation { x: 0.043911472 y: -0.04536907 z: 0.0102487504 w: 0.997952104 } position { x: -0.0272065867 y: 2.07500291 z: 0.0239967071 } }}, this= 0x20464eb2b80
[2025-05-23 15:04:52.296] [PSS] [info] [3128|24280]streaming_driver_interface_impl.cpp:87 SubmitViewFrames: submit view frames {view_texture_handles: 3221231170 view_texture_handles: 2147485058 pose { orientation { x: 0.04471251 y: -0.0445688739 z: 0.010494181 w: 0.99795 } position { x: -0.0272222292 y: 2.07492352 z: 0.0236354973 } }}, this= 0x20464eb2b80
[2025-05-23 15:04:52.312] [PSS] [info] [3128|24280]streaming_driver_interface_impl.cpp:87 SubmitViewFrames: submit view frames {view_texture_handles: 3221231170 view_texture_handles: 2147485058 pose { orientation { x: 0.0452041849 y: -0.0436187834 z: 0.0104162032 w: 0.9979707 } position { x: -0.0272370875 y: 2.07500744 z: 0.0232940447 } }}, this= 0x20464eb2b80
[2025-05-23 15:04:52.324] [PSS] [info] [3128|24280]streaming_driver_interface_impl.cpp:87 SubmitViewFrames: submit view frames {view_texture_handles: 3221231170 view_texture_handles: 2147485058 pose { orientation { x: 0.0456116498 y: -0.0427031368 z: 0.0102953836 w: 0.997993 } position { x: -0.027326528 y: 2.07518244 z: 0.0229373518 } }}, this= 0x20464eb2b80
[2025-05-23 15:04:52.339] [PSS] [info] [3128|24280]streaming_driver_interface_impl.cpp:87 SubmitViewFrames: submit view frames {view_texture_handles: 3221231170 view_texture_handles: 2147485058 pose { orientation { x: 0.046195697 y: -0.0415412 z: 0.010122858 w: 0.998016953 } position { x: -0.0274075437 y: 2.07575393 z: 0.0224008597 } }}, this= 0x20464eb2b80
[2025-05-23 15:04:52.352] [PSS] [info] [3128|24280]streaming_driver_interface_impl.cpp:87 SubmitViewFrames: submit view frames {view_texture_handles: 3221231170 view_texture_handles: 2147485058 pose { orientation { x: 0.0471939147 y: -0.0404204316 z: 0.0101879705 w: 0.998015642 } position { x: -0.0275812745 y: 2.07640076 z: 0.0218582507 } }}, this= 0x20464eb2b80
[2025-05-23 15:04:52.367] [PSS] [info] [3128|24280]streaming_driver_interface_impl.cpp:87 SubmitViewFrames: submit view frames {view_texture_handles: 3221231170 view_texture_handles: 2147485058 pose { orientation { x: 0.0482991189 y: -0.039210014 z: 0.0106527964 w: 0.998006165 } position { x: -0.0278091319 y: 2.07687712 z: 0.0212735478 } }}, this= 0x20464eb2b80
[2025-05-23 15:04:52.379] [PSS] [info] [3128|24280]streaming_driver_interface_impl.cpp:87 SubmitViewFrames: submit view frames {view_texture_handles: 3221231170 view_texture_handles: 2147485058 pose { orientation { x: 0.0493479781 y: -0.0378395468 z: 0.0115926657 w: 0.997997284 } position { x: -0.0281695649 y: 2.07723522 z: 0.0206687413 } }}, this= 0x20464eb2b80
[2025-05-23 15:04:52.395] [PSS] [info] [3128|24280]streaming_driver_interface_impl.cpp:87 SubmitViewFrames: submit view frames {view_texture_handles: 3221231170 view_texture_handles: 2147485058 pose { orientation { x: 0.0503445379 y: -0.0362134278 z: 0.0127915163 w: 0.997993171 } position { x: -0.0285113826 y: 2.07748985 z: 0.0198616348 } }}, this= 0x20464eb2b80
[2025-05-23 15:04:52.407] [PSS] [info] [3128|24280]streaming_driver_interface_impl.cpp:87 SubmitViewFrames: submit view frames {view_texture_handles: 3221231170 view_texture_handles: 2147485058 pose { orientation { x: 0.0513650887 y: -0.0346515924 z: 0.0137919737 w: 0.997983336 } position { x: -0.0289342981 y: 2.0776844 z: 0.0191562064 } }}, this= 0x20464eb2b80
[2025-05-23 15:04:52.422] [PSS] [info] [3128|24280]streaming_driver_interface_impl.cpp:87 SubmitViewFrames: submit view frames {view_texture_handles: 3221231170 view_texture_handles: 2147485058 pose { orientation { x: 0.0512088761 y: -0.0329147503 z: 0.0142396577 w: 0.998043835 } position { x: -0.0293080863 y: 2.07781363 z: 0.0183314849 } }}, this= 0x20464eb2b80
[2025-05-23 15:04:52.435] [PSS] [info] [3128|24280]streaming_driver_interface_impl.cpp:87 SubmitViewFrames: submit view frames {view_texture_handles: 3221231170 view_texture_handles: 2147485058 pose { orientation { x: 0.0509155877 y: -0.030893378 z: 0.0151244868 w: 0.998110473 } position { x: -0.0296746362 y: 2.0780623 z: 0.0176606532 } }}, this= 0x20464eb2b80
[2025-05-23 15:04:52.450] [PSS] [info] [3128|24280]streaming_driver_interface_impl.cpp:87 SubmitViewFrames: submit view frames {view_texture_handles: 3221231170 view_texture_handles: 2147485058 pose { orientation { x: 0.0502124913 y: -0.0290647056 z: 0.0164020453 w: 0.998180807 } position { x: -0.0301099215 y: 2.07839251 z: 0.0169649422 } }}, this= 0x20464eb2b80
[2025-05-23 15:04:52.465] [PSS] [info] [3128|24280]streaming_driver_interface_impl.cpp:87 SubmitViewFrames: submit view frames {view_texture_handles: 3221231170 view_texture_handles: 2147485058 pose { orientation { x: 0.0492892265 y: -0.0274598114 z: 0.0180329494 w: 0.998244107 } position { x: -0.0304940417 y: 2.07865119 z: 0.0163160339 } }}, this= 0x20464eb2b80
[2025-05-23 15:04:52.477] [PSS] [info] [3128|24280]streaming_driver_interface_impl.cpp:87 SubmitViewFrames: submit view frames {view_texture_handles: 3221231170 view_texture_handles: 2147485058 pose { orientation { x: 0.0481571257 y: -0.0261595864 z: 0.0200552735 w: 0.998295724 } position { x: -0.0307953842 y: 2.07878447 z: 0.0157186743 } }}, this= 0x20464eb2b80
[2025-05-23 15:04:52.492] [PSS] [info] [3128|24280]streaming_driver_interface_impl.cpp:87 SubmitViewFrames: submit view frames {view_texture_handles: 3221231170 view_texture_handles: 2147485058 pose { orientation { x: 0.0468437262 y: -0.0251843799 z: 0.0221135132 w: 0.998339832 } position { x: -0.0310877431 y: 2.07886767 z: 0.0151698682 } }}, this= 0x20464eb2b80
[2025-05-23 15:04:52.505] [PSS] [info] [3128|24280]streaming_driver_interface_impl.cpp:87 SubmitViewFrames: submit view frames {view_texture_handles: 3221231170 view_texture_handles: 2147485058 pose { orientation { x: 0.0454723276 y: -0.0244866163 z: 0.0240009576 w: 0.998377 } position { x: -0.0313078873 y: 2.07890105 z: 0.0145235592 } }}, this= 0x20464eb2b80
[2025-05-23 15:04:52.520] [PSS] [info] [3128|24280]streaming_driver_interface_impl.cpp:87 SubmitViewFrames: submit view frames {view_texture_handles: 3221231170 view_texture_handles: 2147485058 pose { orientation { x: 0.044029478 y: -0.0237740744 z: 0.0256396215 w: 0.998418152 } position { x: -0.0314957276 y: 2.07898593 z: 0.0139218159 } }}, this= 0x20464eb2b80
[2025-05-23 15:04:52.532] [PSS] [info] [3128|24280]streaming_driver_interface_impl.cpp:87 SubmitViewFrames: submit view frames {view_texture_handles: 3221231170 view_texture_handles: 2147485058 pose { orientation { x: 0.0427413136 y: -0.0232395455 z: 0.0271023642 w: 0.998448074 } position { x: -0.031674888 y: 2.07892442 z: 0.0134072639 } }}, this= 0x20464eb2b80
[2025-05-23 15:04:52.547] [PSS] [info] [3128|24280]streaming_driver_interface_impl.cpp:87 SubmitViewFrames: submit view frames {view_texture_handles: 3221231170 view_texture_handles: 2147485058 pose { orientation { x: 0.0419911668 y: -0.022967644 z: 0.028528532 w: 0.998446465 } position { x: -0.0317865908 y: 2.07914114 z: 0.0129910447 } }}, this= 0x20464eb2b80
[2025-05-23 15:04:52.562] [PSS] [info] [3128|24280]streaming_driver_interface_impl.cpp:87 SubmitViewFrames: submit view frames {view_texture_handles: 3221231170 view_texture_handles: 2147485058 pose { orientation { x: 0.0398186967 y: -0.0224213451 z: 0.0296689514 w: 0.998514652 } position { x: -0.0320196785 y: 2.07863712 z: 0.01257494 } }}, this= 0x20464eb2b80
[2025-05-23 15:04:52.575] [PSS] [info] [3128|24280]streaming_driver_interface_impl.cpp:87 SubmitViewFrames: submit view frames {view_texture_handles: 3221231170 view_texture_handles: 2147485058 pose { orientation { x: 0.0383509435 y: -0.0219707359 z: 0.0301471539 w: 0.99856782 } position { x: -0.0321605653 y: 2.0786953 z: 0.0121760694 } }}, this= 0x20464eb2b80
[2025-05-23 15:04:52.590] [PSS] [info] [3128|24280]streaming_driver_interface_impl.cpp:87 SubmitViewFrames: submit view frames {view_texture_handles: 3221231170 view_texture_handles: 2147485058 pose { orientation { x: 0.0373817906 y: -0.0218493603 z: 0.0306096915 w: 0.998593152 } position { x: -0.0322961174 y: 2.07880068 z: 0.011684333 } }}, this= 0x20464eb2b80
[2025-05-23 15:04:52.605] [PSS] [info] [3128|24280]streaming_driver_interface_impl.cpp:87 SubmitViewFrames: submit view frames {view_texture_handles: 3221231170 view_texture_handles: 2147485058 pose { orientation { x: 0.0369620025 y: -0.0212893784 z: 0.0311525781 w: 0.998604059 } position { x: -0.0324532427 y: 2.07889 z: 0.0114096012 } }}, this= 0x20464eb2b80
[2025-05-23 15:04:52.616] [PSS] [info] [3128|24280]streaming_driver_interface_impl.cpp:87 SubmitViewFrames: submit view frames {view_texture_handles: 3221231170 view_texture_handles: 2147485058 pose { orientation { x: 0.0365602709 y: -0.021050036 z: 0.031265866 w: 0.998620391 } position { x: -0.0326802246 y: 2.07891345 z: 0.0112504438 } }}, this= 0x20464eb2b80
[2025-05-23 15:04:52.631] [PSS] [info] [3128|24280]streaming_driver_interface_impl.cpp:87 SubmitViewFrames: submit view frames {view_texture_handles: 3221231170 view_texture_handles: 2147485058 pose { orientation { x: 0.0363042392 y: -0.0206934921 z: 0.0316629298 w: 0.998624682 } position { x: -0.0328543819 y: 2.07902527 z: 0.0110540325 } }}, this= 0x20464eb2b80
[2025-05-23 15:04:52.644] [PSS] [info] [3128|24280]streaming_driver_interface_impl.cpp:87 SubmitViewFrames: submit view frames {view_texture_handles: 3221231170 view_texture_handles: 2147485058 pose { orientation { x: 0.0361529253 y: -0.0202491395 z: 0.0322638489 w: 0.998620033 } position { x: -0.0329909958 y: 2.07901549 z: 0.0108673554 } }}, this= 0x20464eb2b80
[2025-05-23 15:04:52.660] [PSS] [info] [3128|24280]streaming_driver_interface_impl.cpp:87 SubmitViewFrames: submit view frames {view_texture_handles: 3221231170 view_texture_handles: 2147485058 pose { orientation { x: 0.0361887626 y: -0.0198236387 z: 0.0325293355 w: 0.998618662 } position { x: -0.0331088677 y: 2.07892752 z: 0.0106899505 } }}, this= 0x20464eb2b80
[2025-05-23 15:04:52.672] [PSS] [info] [3128|24280]streaming_driver_interface_impl.cpp:87 SubmitViewFrames: submit view frames {view_texture_handles: 3221231170 view_texture_handles: 2147485058 pose { orientation { x: 0.0363824591 y: -0.0193929579 z: 0.0325664245 w: 0.998618901 } position { x: -0.0332413055 y: 2.07890224 z: 0.0104968213 } }}, this= 0x20464eb2b80
[2025-05-23 15:04:52.688] [PSS] [info] [3128|24280]streaming_driver_interface_impl.cpp:87 SubmitViewFrames: submit view frames {view_texture_handles: 3221231170 view_texture_handles: 2147485058 pose { orientation { x: 0.0366864577 y: -0.0188091714 z: 0.0326528363 w: 0.998616099 } position { x: -0.0333505869 y: 2.07883596 z: 0.0103305504 } }}, this= 0x20464eb2b80
[2025-05-23 15:04:52.700] [PSS] [info] [3128|24280]streaming_driver_interface_impl.cpp:87 SubmitViewFrames: submit view frames {view_texture_handles: 3221231170 view_texture_handles: 2147485058 pose { orientation { x: 0.0369452722 y: -0.0181049295 z: 0.0327799805 w: 0.998615444 } position { x: -0.0335267931 y: 2.07873487 z: 0.010248268 } }}, this= 0x20464eb2b80
[2025-05-23 15:04:52.713] [PSS] [info] [3128|24280]streaming_driver_interface_impl.cpp:87 SubmitViewFrames: submit view frames {view_texture_handles: 3221231170 view_texture_handles: 2147485058 pose { orientation { x: 0.0371076129 y: -0.0174843445 z: 0.0327970386 w: 0.998619914 } position { x: -0.0336273611 y: 2.07876801 z: 0.0101267835 } }}, this= 0x20464eb2b80
[2025-05-23 15:04:52.729] [PSS] [info] [3128|24280]streaming_driver_interface_impl.cpp:87 SubmitViewFrames: submit view frames {view_texture_handles: 3221231170 view_texture_handles: 2147485058 pose { orientation { x: 0.0374388 y: -0.0167970303 z: 0.032797087 w: 0.998619318 } position { x: -0.0337388664 y: 2.07886481 z: 0.00994442496 } }}, this= 0x20464eb2b80
[2025-05-23 15:04:52.741] [PSS] [info] [3128|24280]streaming_driver_interface_impl.cpp:87 SubmitViewFrames: submit view frames {view_texture_handles: 3221231170 view_texture_handles: 2147485058 pose { orientation { x: 0.0382825658 y: -0.0162431225 z: 0.0329240337 w: 0.998592377 } position { x: -0.0337812528 y: 2.07903934 z: 0.00961541664 } }}, this= 0x20464eb2b80
[2025-05-23 15:04:52.756] [PSS] [info] [3128|24280]streaming_driver_interface_impl.cpp:87 SubmitViewFrames: submit view frames {view_texture_handles: 3221231170 view_texture_handles: 2147485058 pose { orientation { x: 0.0386317782 y: -0.0154394191 z: 0.0327926539 w: 0.998595953 } position { x: -0.033922147 y: 2.07922721 z: 0.00942331553 } }}, this= 0x20464eb2b80
[2025-05-23 15:04:52.769] [PSS] [info] [3128|24280]streaming_driver_interface_impl.cpp:87 SubmitViewFrames: submit view frames {view_texture_handles: 3221231170 view_texture_handles: 2147485058 pose { orientation { x: 0.0391941741 y: -0.014873161 z: 0.0326413065 w: 0.998587608 } position { x: -0.0340283178 y: 2.07933617 z: 0.00918910559 } }}, this= 0x20464eb2b80
[2025-05-23 15:04:52.784] [PSS] [info] [3128|24280]streaming_driver_interface_impl.cpp:87 SubmitViewFrames: submit view frames {view_texture_handles: 3221231170 view_texture_handles: 2147485058 pose { orientation { x: 0.039636977 y: -0.0142972823 z: 0.0326534957 w: 0.998578131 } position { x: -0.0341421515 y: 2.07944465 z: 0.00897955429 } }}, this= 0x20464eb2b80
[2025-05-23 15:04:52.797] [PSS] [info] [3128|24280]streaming_driver_interface_impl.cpp:87 SubmitViewFrames: submit view frames {view_texture_handles: 3221231170 view_texture_handles: 2147485058 pose { orientation { x: 0.0399929285 y: -0.0136123672 z: 0.0327199288 w: 0.998571336 } position { x: -0.0342523083 y: 2.0796175 z: 0.0087539535 } }}, this= 0x20464eb2b80
[2025-05-23 15:04:52.811] [PSS] [info] [3128|24280]streaming_driver_interface_impl.cpp:87 SubmitViewFrames: submit view frames {view_texture_handles: 3221231170 view_texture_handles: 2147485058 pose { orientation { x: 0.040047057 y: -0.0130990036 z: 0.0331890248 w: 0.998560548 } position { x: -0.0343103223 y: 2.07965899 z: 0.00863819849 } }}, this= 0x20464eb2b80
[2025-05-23 15:04:52.826] [PSS] [info] [3128|24280]streaming_driver_interface_impl.cpp:87 SubmitViewFrames: submit view frames {view_texture_handles: 3221231170 view_texture_handles: 2147485058 pose { orientation { x: 0.0397057906 y: -0.0127804717 z: 0.0342567563 w: 0.998542249 } position { x: -0.0343223 y: 2.07965136 z: 0.0085820863 } }}, this= 0x20464eb2b80
[2025-05-23 15:04:52.839] [PSS] [info] [3128|24280]streaming_driver_interface_impl.cpp:87 SubmitViewFrames: submit view frames {view_texture_handles: 3221231170 view_texture_handles: 2147485058 pose { orientation { x: 0.039035134 y: -0.0127530424 z: 0.0356102549 w: 0.998521686 } position { x: -0.0343064554 y: 2.07964873 z: 0.0086058788 } }}, this= 0x20464eb2b80
[2025-05-23 15:04:52.853] [PSS] [info] [3128|24280]streaming_driver_interface_impl.cpp:87 SubmitViewFrames: submit view frames {view_texture_handles: 3221231170 view_texture_handles: 2147485058 pose { orientation { x: 0.0383077152 y: -0.0129454611 z: 0.0368507244 w: 0.998502374 } position { x: -0.0343438238 y: 2.0797596 z: 0.00863659568 } }}, this= 0x20464eb2b80
[2025-05-23 15:04:52.865] [PSS] [info] [3128|24280]streaming_driver_interface_impl.cpp:87 SubmitViewFrames: submit view frames {view_texture_handles: 3221231170 view_texture_handles: 2147485058 pose { orientation { x: 0.0377079658 y: -0.013329736 z: 0.0384602845 w: 0.998459458 } position { x: -0.034346886 y: 2.079952 z: 0.0085184481 } }}, this= 0x20464eb2b80
[2025-05-23 15:04:52.880] [PSS] [info] [3128|24280]streaming_driver_interface_impl.cpp:87 SubmitViewFrames: submit view frames {view_texture_handles: 3221231170 view_texture_handles: 2147485058 pose { orientation { x: 0.0373947285 y: -0.0136411423 z: 0.0404550731 w: 0.998388171 } position { x: -0.0343359113 y: 2.07992077 z: 0.00844425894 } }}, this= 0x20464eb2b80
[2025-05-23 15:04:52.895] [PSS] [info] [3128|24280]streaming_driver_interface_impl.cpp:87 SubmitViewFrames: submit view frames {view_texture_handles: 3221231170 view_texture_handles: 2147485058 pose { orientation { x: 0.0371699482 y: -0.0138322115 z: 0.0419549197 w: 0.998332 } position { x: -0.0343156084 y: 2.07976389 z: 0.00839619339 } }}, this= 0x20464eb2b80
[2025-05-23 15:04:52.908] [PSS] [info] [3128|24280]streaming_driver_interface_impl.cpp:87 SubmitViewFrames: submit view frames {view_texture_handles: 3221231170 view_texture_handles: 2147485058 pose { orientation { x: 0.0368258469 y: -0.01373374 z: 0.0429765508 w: 0.998302698 } position { x: -0.0343217067 y: 2.07960582 z: 0.0083330432 } }}, this= 0x20464eb2b80
[2025-05-23 15:04:52.923] [PSS] [info] [3128|24280]streaming_driver_interface_impl.cpp:87 SubmitViewFrames: submit view frames {view_texture_handles: 3221231170 view_texture_handles: 2147485058 pose { orientation { x: 0.0366142616 y: -0.0134349493 z: 0.0433552116 w: 0.998298168 } position { x: -0.0341767445 y: 2.07947373 z: 0.00812953 } }}, this= 0x20464eb2b80
[2025-05-23 15:04:52.936] [PSS] [info] [3128|24280]streaming_driver_interface_impl.cpp:87 SubmitViewFrames: submit view frames {view_texture_handles: 3221231170 view_texture_handles: 2147485058 pose { orientation { x: 0.0365432762 y: -0.0128808664 z: 0.0432444029 w: 0.998312891 } position { x: -0.0341589227 y: 2.07950163 z: 0.00801623333 } }}, this= 0x20464eb2b80
[2025-05-23 15:04:52.951] [PSS] [info] [3128|24280]streaming_driver_interface_impl.cpp:87 SubmitViewFrames: submit view frames {view_texture_handles: 3221231170 view_texture_handles: 2147485058 pose { orientation { x: 0.0367946178 y: -0.0121167544 z: 0.0429071486 w: 0.998327792 } position { x: -0.0340993926 y: 2.0795505 z: 0.00785216875 } }}, this= 0x20464eb2b80
[2025-05-23 15:04:52.963] [PSS] [info] [3128|24280]streaming_driver_interface_impl.cpp:87 SubmitViewFrames: submit view frames {view_texture_handles: 3221231170 view_texture_handles: 2147485058 pose { orientation { x: 0.0372090489 y: -0.0112291249 z: 0.0424227715 w: 0.998343468 } position { x: -0.0340596698 y: 2.07953668 z: 0.00767603656 } }}, this= 0x20464eb2b80
[2025-05-23 15:04:52.978] [PSS] [info] [3128|24280]streaming_driver_interface_impl.cpp:87 SubmitViewFrames: submit view frames {view_texture_handles: 3221231170 view_texture_handles: 2147485058 pose { orientation { x: 0.037884824 y: -0.0102093993 z: 0.041487731 w: 0.998368323 } position { x: -0.034114778 y: 2.07977295 z: 0.00741617149 } }}, this= 0x20464eb2b80
[2025-05-23 15:04:52.991] [PSS] [info] [3128|24280]streaming_driver_interface_impl.cpp:87 SubmitViewFrames: submit view frames {view_texture_handles: 3221231170 view_texture_handles: 2147485058 pose { orientation { x: 0.038727615 y: -0.00922949 z: 0.040336065 w: 0.998392701 } position { x: -0.034264341 y: 2.08010268 z: 0.00717952102 } }}, this= 0x20464eb2b80
[2025-05-23 15:04:53.007] [PSS] [info] [3128|24280]streaming_driver_interface_impl.cpp:87 SubmitViewFrames: submit view frames {view_texture_handles: 3221231170 view_texture_handles: 2147485058 pose { orientation { x: 0.0397798717 y: -0.008091975 z: 0.0394973196 w: 0.998394787 } position { x: -0.0344633795 y: 2.08027101 z: 0.0069535058 } }}, this= 0x20464eb2b80
[2025-05-23 15:04:53.019] [PSS] [info] [3128|24280]streaming_driver_interface_impl.cpp:87 SubmitViewFrames: submit view frames {view_texture_handles: 3221231170 view_texture_handles: 2147485058 pose { orientation { x: 0.0405962951 y: -0.00689351326 z: 0.0388339683 w: 0.998396933 } position { x: -0.0346337333 y: 2.08039856 z: 0.00665781181 } }}, this= 0x20464eb2b80
[2025-05-23 15:04:53.034] [PSS] [info] [3128|24280]streaming_driver_interface_impl.cpp:87 SubmitViewFrames: submit view frames {view_texture_handles: 3221231170 view_texture_handles: 2147485058 pose { orientation { x: 0.0412591137 y: -0.00578950066 z: 0.0383723676 w: 0.998394608 } position { x: -0.0348289944 y: 2.08050108 z: 0.00640456844 } }}, this= 0x20464eb2b80
[2025-05-23 15:04:53.064] [PSS] [info] [3128|24280]streaming_driver_interface_impl.cpp:87 SubmitViewFrames: submit view frames {view_texture_handles: 3221231170 view_texture_handles: 2147485058 pose { orientation { x: 0.0422419943 y: -0.00362223643 z: 0.0377278924 w: 0.998388231 } position { x: -0.0352426246 y: 2.08031106 z: 0.00580967125 } }}, this= 0x20464eb2b80
[2025-05-23 15:04:53.073] [PSS] [info] [3128|24280]streaming_driver_interface_impl.cpp:87 SubmitViewFrames: submit view frames {view_texture_handles: 3221231170 view_texture_handles: 2147485058 pose { orientation { x: 0.0421647504 y: -0.00289219152 z: 0.0372581072 w: 0.998411536 } position { x: -0.0353580937 y: 2.0801723 z: 0.00557351764 } }}, this= 0x20464eb2b80
[2025-05-23 15:04:53.084] [PSS] [info] [3128|24280]streaming_driver_interface_impl.cpp:87 SubmitViewFrames: submit view frames {view_texture_handles: 3221231170 view_texture_handles: 2147485058 pose { orientation { x: 0.0421647504 y: -0.00289219152 z: 0.0372581072 w: 0.998411536 } position { x: -0.0353580937 y: 2.0801723 z: 0.00557351764 } }}, this= 0x20464eb2b80
[2025-05-23 15:04:53.097] [PSS] [info] [3128|24280]streaming_driver_interface_impl.cpp:87 SubmitViewFrames: submit view frames {view_texture_handles: 3221231170 view_texture_handles: 2147485058 pose { orientation { x: 0.0417560041 y: -0.00230373605 z: 0.0367607288 w: 0.99844873 } position { x: -0.0354041681 y: 2.08003116 z: 0.00532781426 } }}, this= 0x20464eb2b80
[2025-05-23 15:04:53.111] [PSS] [info] [3128|24280]streaming_driver_interface_impl.cpp:87 SubmitViewFrames: submit view frames {view_texture_handles: 3221231170 view_texture_handles: 2147485058 pose { orientation { x: 0.0409506299 y: -0.00199240958 z: 0.0365762 w: 0.998489499 } position { x: -0.0353878513 y: 2.07985544 z: 0.00509139244 } }}, this= 0x20464eb2b80
[2025-05-23 15:04:53.124] [PSS] [info] [3128|24280]streaming_driver_interface_impl.cpp:87 SubmitViewFrames: submit view frames {view_texture_handles: 3221231170 view_texture_handles: 2147485058 pose { orientation { x: 0.0399461873 y: -0.00199513976 z: 0.0364298709 w: 0.998535514 } position { x: -0.0353323445 y: 2.07962489 z: 0.00486269593 } }}, this= 0x20464eb2b80
[2025-05-23 15:04:53.139] [PSS] [info] [3128|24280]streaming_driver_interface_impl.cpp:87 SubmitViewFrames: submit view frames {view_texture_handles: 3221231170 view_texture_handles: 2147485058 pose { orientation { x: 0.0388555415 y: -0.0024118172 z: 0.0359637 w: 0.998594582 } position { x: -0.0352416 y: 2.07924485 z: 0.00462780055 } }}, this= 0x20464eb2b80
[2025-05-23 15:04:53.154] [PSS] [info] [3128|24280]streaming_driver_interface_impl.cpp:87 SubmitViewFrames: submit view frames {view_texture_handles: 3221231170 view_texture_handles: 2147485058 pose { orientation { x: 0.0378322676 y: -0.00296702213 z: 0.0351796895 w: 0.998660266 } position { x: -0.0352510698 y: 2.07890654 z: 0.00432532514 } }}, this= 0x20464eb2b80
[2025-05-23 15:04:53.167] [PSS] [info] [3128|24280]streaming_driver_interface_impl.cpp:87 SubmitViewFrames: submit view frames {view_texture_handles: 3221231170 view_texture_handles: 2147485058 pose { orientation { x: 0.0366975963 y: -0.00348736905 z: 0.0339015611 w: 0.998745143 } position { x: -0.0350609906 y: 2.07811356 z: 0.00401453 } }}, this= 0x20464eb2b80
[2025-05-23 15:04:53.180] [PSS] [info] [3128|24280]streaming_driver_interface_impl.cpp:87 SubmitViewFrames: submit view frames {view_texture_handles: 3221231170 view_texture_handles: 2147485058 pose { orientation { x: 0.0352020115 y: -0.0043360237 z: 0.0319020972 w: 0.998861492 } position { x: -0.0349760801 y: 2.07723284 z: 0.00402598456 } }}, this= 0x20464eb2b80
[2025-05-23 15:04:53.193] [PSS] [info] [3128|24280]streaming_driver_interface_impl.cpp:87 SubmitViewFrames: submit view frames {view_texture_handles: 3221231170 view_texture_handles: 2147485058 pose { orientation { x: 0.0337108895 y: -0.00530296611 z: 0.0297148935 w: 0.998975694 } position { x: -0.0347139388 y: 2.07656789 z: 0.00376376 } }}, this= 0x20464eb2b80
[2025-05-23 15:04:53.208] [PSS] [info] [3128|24280]streaming_driver_interface_impl.cpp:87 SubmitViewFrames: submit view frames {view_texture_handles: 3221231170 view_texture_handles: 2147485058 pose { orientation { x: 0.0320833176 y: -0.0059223515 z: 0.027818244 w: 0.999080479 } position { x: -0.0343409739 y: 2.07581854 z: 0.00358750159 } }}, this= 0x20464eb2b80
[2025-05-23 15:04:53.220] [PSS] [info] [3128|24280]streaming_driver_interface_impl.cpp:87 SubmitViewFrames: submit view frames {view_texture_handles: 3221231170 view_texture_handles: 2147485058 pose { orientation { x: 0.0302671287 y: -0.00679868273 z: 0.0257920809 w: 0.99918592 } position { x: -0.0338874906 y: 2.0752275 z: 0.00333921541 } }}, this= 0x20464eb2b80
[2025-05-23 15:04:53.236] [PSS] [info] [3128|24280]streaming_driver_interface_impl.cpp:87 SubmitViewFrames: submit view frames {view_texture_handles: 3221231170 view_texture_handles: 2147485058 pose { orientation { x: 0.02877363 y: -0.00764093781 z: 0.0233736876 w: 0.999283433 } position { x: -0.03352255 y: 2.07437038 z: 0.00305547542 } }}, this= 0x20464eb2b80
[2025-05-23 15:04:53.248] [PSS] [info] [3128|24280]streaming_driver_interface_impl.cpp:87 SubmitViewFrames: submit view frames {view_texture_handles: 3221231170 view_texture_handles: 2147485058 pose { orientation { x: 0.0269858483 y: -0.00811471883 z: 0.0208250154 w: 0.999385953 } position { x: -0.0331974 y: 2.07355332 z: 0.00292174425 } }}, this= 0x20464eb2b80
[2025-05-23 15:04:53.263] [PSS] [info] [3128|24280]streaming_driver_interface_impl.cpp:87 SubmitViewFrames: submit view frames {view_texture_handles: 3221231170 view_texture_handles: 2147485058 pose { orientation { x: 0.0254339501 y: -0.00867249165 z: 0.0185122564 w: 0.999467432 } position { x: -0.0327740945 y: 2.07246399 z: 0.00293266191 } }}, this= 0x20464eb2b80
[2025-05-23 15:04:53.276] [PSS] [info] [3128|24280]streaming_driver_interface_impl.cpp:87 SubmitViewFrames: submit view frames {view_texture_handles: 3221231170 view_texture_handles: 2147485058 pose { orientation { x: 0.0233471245 y: -0.00915772282 z: 0.0165409017 w: 0.999548674 } position { x: -0.0324174277 y: 2.07156658 z: 0.00303106592 } }}, this= 0x20464eb2b80
[2025-05-23 15:04:53.291] [PSS] [info] [3128|24280]streaming_driver_interface_impl.cpp:87 SubmitViewFrames: submit view frames {view_texture_handles: 3221231170 view_texture_handles: 2147485058 pose { orientation { x: 0.0214771312 y: -0.00984555297 z: 0.0150117949 w: 0.999608159 } position { x: -0.0319356136 y: 2.07060051 z: 0.00302527123 } }}, this= 0x20464eb2b80
[2025-05-23 15:04:53.304] [PSS] [info] [3128|24280]streaming_driver_interface_impl.cpp:87 SubmitViewFrames: submit view frames {view_texture_handles: 3221231170 view_texture_handles: 2147485058 pose { orientation { x: 0.0196590815 y: -0.01026899 z: 0.013884766 w: 0.999657631 } position { x: -0.0314596817 y: 2.06969595 z: 0.00304043 } }}, this= 0x20464eb2b80
[2025-05-23 15:04:53.319] [PSS] [info] [3128|24280]streaming_driver_interface_impl.cpp:87 SubmitViewFrames: submit view frames {view_texture_handles: 3221231170 view_texture_handles: 2147485058 pose { orientation { x: 0.018253427 y: -0.0109727103 z: 0.0127550857 w: 0.999691784 } position { x: -0.0311047062 y: 2.06927419 z: 0.00294109038 } }}, this= 0x20464eb2b80
[2025-05-23 15:04:53.331] [PSS] [info] [3128|24280]streaming_driver_interface_impl.cpp:87 SubmitViewFrames: submit view frames {view_texture_handles: 3221231170 view_texture_handles: 2147485058 pose { orientation { x: 0.0177614409 y: -0.0115491636 z: 0.0114695942 w: 0.999709785 } position { x: -0.0307493862 y: 2.06893253 z: 0.00264449511 } }}, this= 0x20464eb2b80
[2025-05-23 15:04:53.346] [PSS] [info] [3128|24280]streaming_driver_interface_impl.cpp:87 SubmitViewFrames: submit view frames {view_texture_handles: 3221231170 view_texture_handles: 2147485058 pose { orientation { x: 0.0179734435 y: -0.0118615963 z: 0.00980469305 w: 0.999720037 } position { x: -0.030350836 y: 2.06871223 z: 0.00219056942 } }}, this= 0x20464eb2b80
[2025-05-23 15:04:53.361] [PSS] [info] [3128|24280]streaming_driver_interface_impl.cpp:87 SubmitViewFrames: submit view frames {view_texture_handles: 3221231170 view_texture_handles: 2147485058 pose { orientation { x: 0.0189022068 y: -0.0116556929 z: 0.00776313199 w: 0.999723256 } position { x: -0.0301285852 y: 2.06830049 z: 0.00170286617 } }}, this= 0x20464eb2b80
[2025-05-23 15:04:53.374] [PSS] [info] [3128|24280]streaming_driver_interface_impl.cpp:87 SubmitViewFrames: submit view frames {view_texture_handles: 3221231170 view_texture_handles: 2147485058 pose { orientation { x: 0.0197575334 y: -0.0106778378 z: 0.00552900974 w: 0.999732494 } position { x: -0.0297526401 y: 2.0674479 z: 0.00126313069 } }}, this= 0x20464eb2b80
[2025-05-23 15:04:53.390] [PSS] [info] [3128|24280]streaming_driver_interface_impl.cpp:87 SubmitViewFrames: submit view frames {view_texture_handles: 3221231170 view_texture_handles: 2147485058 pose { orientation { x: 0.019903671 y: -0.00946671329 z: 0.00298308372 w: 0.999752641 } position { x: -0.0297086015 y: 2.06705141 z: 0.000939342484 } }}, this= 0x20464eb2b80
[2025-05-23 15:04:53.402] [PSS] [info] [3128|24280]streaming_driver_interface_impl.cpp:87 SubmitViewFrames: submit view frames {view_texture_handles: 3221231170 view_texture_handles: 2147485058 pose { orientation { x: 0.0201060101 y: -0.00797080342 z: 0.000460233103 w: 0.999766 } position { x: -0.0294813681 y: 2.06667376 z: 0.00069195946 } }}, this= 0x20464eb2b80
[2025-05-23 15:04:53.415] [PSS] [info] [3128|24280]streaming_driver_interface_impl.cpp:87 SubmitViewFrames: submit view frames {view_texture_handles: 3221231170 view_texture_handles: 2147485058 pose { orientation { x: 0.019890286 y: -0.00653844 z: -0.00141055381 w: 0.99977982 } position { x: -0.0293062 y: 2.06677651 z: 0.000452540058 } }}, this= 0x20464eb2b80
[2025-05-23 15:04:53.431] [PSS] [info] [3128|24280]streaming_driver_interface_impl.cpp:87 SubmitViewFrames: submit view frames {view_texture_handles: 3221231170 view_texture_handles: 2147485058 pose { orientation { x: 0.0198130198 y: -0.00510327099 z: -0.00249957154 w: 0.999787569 } position { x: -0.0292255152 y: 2.0670166 z: 0.000389867899 } }}, this= 0x20464eb2b80
[2025-05-23 15:04:53.444] [PSS] [info] [3128|24280]streaming_driver_interface_impl.cpp:87 SubmitViewFrames: submit view frames {view_texture_handles: 3221231170 view_texture_handles: 2147485058 pose { orientation { x: 0.0200517401 y: -0.00432760129 z: -0.00250317832 w: 0.999786437 } position { x: -0.0290998109 y: 2.06741691 z: 0.000127456558 } }}, this= 0x20464eb2b80
[2025-05-23 15:04:53.458] [PSS] [info] [3128|24280]streaming_driver_interface_impl.cpp:87 SubmitViewFrames: submit view frames {view_texture_handles: 3221231170 view_texture_handles: 2147485058 pose { orientation { x: 0.020482935 y: -0.00384474569 z: -0.00162112212 w: 0.999781489 } position { x: -0.0290493909 y: 2.0677762 z: 1.13778742e-05 } }}, this= 0x20464eb2b80
[2025-05-23 15:04:53.471] [PSS] [info] [3128|24280]streaming_driver_interface_impl.cpp:87 SubmitViewFrames: submit view frames {view_texture_handles: 3221231170 view_texture_handles: 2147485058 pose { orientation { x: 0.0207517985 y: -0.00369538553 z: 0.000312120595 w: 0.999777794 } position { x: -0.0289748851 y: 2.06776309 z: -0.000153468223 } }}, this= 0x20464eb2b80
[2025-05-23 15:04:53.487] [PSS] [info] [3128|24280]streaming_driver_interface_impl.cpp:87 SubmitViewFrames: submit view frames {view_texture_handles: 3221231170 view_texture_handles: 2147485058 pose { orientation { x: 0.0205458924 y: -0.0035218983 z: 0.00257453369 w: 0.999779403 } position { x: -0.028889928 y: 2.06758142 z: -0.000251650141 } }}, this= 0x20464eb2b80
[2025-05-23 15:04:53.499] [PSS] [info] [3128|24280]streaming_driver_interface_impl.cpp:87 SubmitViewFrames: submit view frames {view_texture_handles: 3221231170 view_texture_handles: 2147485058 pose { orientation { x: 0.0200387873 y: -0.00351673621 z: 0.00453329086 w: 0.999782741 } position { x: -0.0288081802 y: 2.06739235 z: -0.000298419822 } }}, this= 0x20464eb2b80
[2025-05-23 15:04:53.513] [PSS] [info] [3128|24280]streaming_driver_interface_impl.cpp:87 SubmitViewFrames: submit view frames {view_texture_handles: 3221231170 view_texture_handles: 2147485058 pose { orientation { x: 0.0193322226 y: -0.00341722136 z: 0.00632093754 w: 0.999787331 } position { x: -0.028608866 y: 2.06723523 z: -0.000427909457 } }}, this= 0x20464eb2b80
[2025-05-23 15:04:53.528] [PSS] [info] [3128|24280]streaming_driver_interface_impl.cpp:87 SubmitViewFrames: submit view frames {view_texture_handles: 3221231170 view_texture_handles: 2147485058 pose { orientation { x: 0.0185837317 y: -0.0036274537 z: 0.00767934835 w: 0.999791265 } position { x: -0.0284426529 y: 2.06716442 z: -0.000503939227 } }}, this= 0x20464eb2b80
[2025-05-23 15:04:53.542] [PSS] [info] [3128|24280]streaming_driver_interface_impl.cpp:87 SubmitViewFrames: submit view frames {view_texture_handles: 3221231170 view_texture_handles: 2147485058 pose { orientation { x: 0.0178736895 y: -0.00403344166 z: 0.0088390233 w: 0.999793053 } position { x: -0.028332565 y: 2.06697392 z: -0.00066403416 } }}, this= 0x20464eb2b80
[2025-05-23 15:04:53.555] [PSS] [info] [3128|24280]streaming_driver_interface_impl.cpp:87 SubmitViewFrames: submit view frames {view_texture_handles: 3221231170 view_texture_handles: 2147485058 pose { orientation { x: 0.0167387314 y: -0.0044650035 z: 0.00959617924 w: 0.999803901 } position { x: -0.0280653257 y: 2.06707549 z: -0.000606932561 } }}, this= 0x20464eb2b80
[2025-05-23 15:04:53.568] [PSS] [info] [3128|24280]streaming_driver_interface_impl.cpp:87 SubmitViewFrames: submit view frames {view_texture_handles: 3221231170 view_texture_handles: 2147485058 pose { orientation { x: 0.0159421712 y: -0.00522961048 z: 0.00993975438 w: 0.999809861 } position { x: -0.0279733017 y: 2.06722593 z: -0.000617641315 } }}, this= 0x20464eb2b80
[2025-05-23 15:04:53.583] [PSS] [info] [3128|24280]streaming_driver_interface_impl.cpp:87 SubmitViewFrames: submit view frames {view_texture_handles: 3221231170 view_texture_handles: 2147485058 pose { orientation { x: 0.0154145844 y: -0.00599599909 z: 0.010247644 w: 0.999810696 } position { x: -0.0279409401 y: 2.06737947 z: -0.000681734702 } }}, this= 0x20464eb2b80
[2025-05-23 15:04:53.597] [PSS] [info] [3128|24280]streaming_driver_interface_impl.cpp:87 SubmitViewFrames: submit view frames {view_texture_handles: 3221231170 view_texture_handles: 2147485058 pose { orientation { x: 0.0151647823 y: -0.00671431469 z: 0.0104199797 w: 0.999808192 } position { x: -0.0279466826 y: 2.06757736 z: -0.000622589549 } }}, this= 0x20464eb2b80
[2025-05-23 15:04:53.611] [PSS] [info] [3128|24280]streaming_driver_interface_impl.cpp:87 SubmitViewFrames: submit view frames {view_texture_handles: 3221231170 view_texture_handles: 2147485058 pose { orientation { x: 0.0151582574 y: -0.00763568236 z: 0.0107923718 w: 0.999797702 } position { x: -0.0280930102 y: 2.06765771 z: -0.000535665546 } }}, this= 0x20464eb2b80
[2025-05-23 15:04:53.627] [PSS] [info] [3128|24280]streaming_driver_interface_impl.cpp:87 SubmitViewFrames: submit view frames {view_texture_handles: 3221231170 view_texture_handles: 2147485058 pose { orientation { x: 0.0157646257 y: -0.00900928117 z: 0.0118217645 w: 0.999765277 } position { x: -0.0283788946 y: 2.06783247 z: -0.000359914469 } }}, this= 0x20464eb2b80
[2025-05-23 15:04:53.639] [PSS] [info] [3128|24280]streaming_driver_interface_impl.cpp:87 SubmitViewFrames: submit view frames {view_texture_handles: 3221231170 view_texture_handles: 2147485058 pose { orientation { x: 0.0157646257 y: -0.00900928117 z: 0.0118217645 w: 0.999765277 } position { x: -0.0283788946 y: 2.06783247 z: -0.000359914469 } }}, this= 0x20464eb2b80
[2025-05-23 15:04:53.652] [PSS] [info] [3128|24280]streaming_driver_interface_impl.cpp:87 SubmitViewFrames: submit view frames {view_texture_handles: 3221231170 view_texture_handles: 2147485058 pose { orientation { x: 0.0162316151 y: -0.00962778088 z: 0.0124006951 w: 0.999745 } position { x: -0.0285361204 y: 2.06798482 z: -0.000386716769 } }}, this= 0x20464eb2b80
[2025-05-23 15:04:53.666] [PSS] [info] [3128|24280]streaming_driver_interface_impl.cpp:87 SubmitViewFrames: submit view frames {view_texture_handles: 3221231170 view_texture_handles: 2147485058 pose { orientation { x: 0.0167955793 y: -0.00998990424 z: 0.0128598642 w: 0.999726355 } position { x: -0.0286871251 y: 2.06810927 z: -0.000504356285 } }}, this= 0x20464eb2b80
[2025-05-23 15:04:53.679] [PSS] [info] [3128|24280]streaming_driver_interface_impl.cpp:87 SubmitViewFrames: submit view frames {view_texture_handles: 3221231170 view_texture_handles: 2147485058 pose { orientation { x: 0.0174249262 y: -0.0100674666 z: 0.0132943783 w: 0.999709129 } position { x: -0.0288931709 y: 2.06818938 z: -0.000649645401 } }}, this= 0x20464eb2b80
[2025-05-23 15:04:53.694] [PSS] [info] [3128|24280]streaming_driver_interface_impl.cpp:87 SubmitViewFrames: submit view frames {view_texture_handles: 3221231170 view_texture_handles: 2147485058 pose { orientation { x: 0.0177537892 y: -0.00986539479 z: 0.013516766 w: 0.999702394 } position { x: -0.0290918909 y: 2.06820941 z: -0.000846408482 } }}, this= 0x20464eb2b80
[2025-05-23 15:04:53.707] [PSS] [info] [3128|24280]streaming_driver_interface_impl.cpp:87 SubmitViewFrames: submit view frames {view_texture_handles: 3221231170 view_texture_handles: 2147485058 pose { orientation { x: 0.017899856 y: -0.00964233 z: 0.0137290722 w: 0.999699056 } position { x: -0.0293017272 y: 2.06826091 z: -0.00101174659 } }}, this= 0x20464eb2b80
[2025-05-23 15:04:53.722] [PSS] [info] [3128|24280]streaming_driver_interface_impl.cpp:87 SubmitViewFrames: submit view frames {view_texture_handles: 3221231170 view_texture_handles: 2147485058 pose { orientation { x: 0.0178093705 y: -0.00927346479 z: 0.0141330874 w: 0.99969852 } position { x: -0.0295415651 y: 2.06829691 z: -0.00123901747 } }}, this= 0x20464eb2b80
[2025-05-23 15:04:53.734] [PSS] [info] [3128|24280]streaming_driver_interface_impl.cpp:87 SubmitViewFrames: submit view frames {view_texture_handles: 3221231170 view_texture_handles: 2147485058 pose { orientation { x: 0.0175133608 y: -0.00883045793 z: 0.0146700554 w: 0.9997 } position { x: -0.0298208687 y: 2.06831 z: -0.00152891024 } }}, this= 0x20464eb2b80
[2025-05-23 15:04:53.750] [PSS] [info] [3128|24280]streaming_driver_interface_impl.cpp:87 SubmitViewFrames: submit view frames {view_texture_handles: 3221231170 view_texture_handles: 2147485058 pose { orientation { x: 0.0171350744 y: -0.00842943322 z: 0.0150299259 w: 0.999704719 } position { x: -0.0301708207 y: 2.06830692 z: -0.00188624242 } }}, this= 0x20464eb2b80
[2025-05-23 15:04:53.763] [PSS] [info] [3128|24280]streaming_driver_interface_impl.cpp:87 SubmitViewFrames: submit view frames {view_texture_handles: 3221231170 view_texture_handles: 2147485058 pose { orientation { x: 0.0166149363 y: -0.00784038473 z: 0.0152683314 w: 0.999714673 } position { x: -0.0304926038 y: 2.06832981 z: -0.00225099945 } }}, this= 0x20464eb2b80
[2025-05-23 15:04:53.777] [PSS] [info] [3128|24280]streaming_driver_interface_impl.cpp:87 SubmitViewFrames: submit view frames {view_texture_handles: 3221231170 view_texture_handles: 2147485058 pose { orientation { x: 0.0158646982 y: -0.00710547622 z: 0.015697673 w: 0.999725699 } position { x: -0.030828828 y: 2.06825924 z: -0.00257571437 } }}, this= 0x20464eb2b80
[2025-05-23 15:04:53.792] [PSS] [info] [3128|24280]streaming_driver_interface_impl.cpp:87 SubmitViewFrames: submit view frames {view_texture_handles: 3221231170 view_texture_handles: 2147485058 pose { orientation { x: 0.0149129229 y: -0.0062856935 z: 0.0163737535 w: 0.999735 } position { x: -0.0311608054 y: 2.06817484 z: -0.00284382189 } }}, this= 0x20464eb2b80
[2025-05-23 15:04:53.804] [PSS] [info] [3128|24280]streaming_driver_interface_impl.cpp:87 SubmitViewFrames: submit view frames {view_texture_handles: 3221231170 view_texture_handles: 2147485058 pose { orientation { x: 0.0137824612 y: -0.00546520483 z: 0.0170399453 w: 0.999744892 } position { x: -0.0314356796 y: 2.06813741 z: -0.00314980955 } }}, this= 0x20464eb2b80
[2025-05-23 15:04:53.818] [PSS] [info] [3128|24280]streaming_driver_interface_impl.cpp:87 SubmitViewFrames: submit view frames {view_texture_handles: 3221231170 view_texture_handles: 2147485058 pose { orientation { x: 0.0129253622 y: -0.00498798769 z: 0.0175456069 w: 0.999750078 } position { x: -0.031739369 y: 2.06809 z: -0.00349945039 } }}, this= 0x20464eb2b80
[2025-05-23 15:04:53.834] [PSS] [info] [3128|24280]streaming_driver_interface_impl.cpp:87 SubmitViewFrames: submit view frames {view_texture_handles: 3221231170 view_texture_handles: 2147485058 pose { orientation { x: 0.0121220779 y: -0.00470843306 z: 0.0178937092 w: 0.999755323 } position { x: -0.0320707113 y: 2.06798148 z: -0.00386254722 } }}, this= 0x20464eb2b80
[2025-05-23 15:04:53.849] [PSS] [info] [3128|24280]streaming_driver_interface_impl.cpp:87 SubmitViewFrames: submit view frames {view_texture_handles: 3221231170 view_texture_handles: 2147485058 pose { orientation { x: 0.0112438984 y: -0.00458850805 z: 0.0181561 w: 0.999761403 } position { x: -0.0324359536 y: 2.06795931 z: -0.0042146137 } }}, this= 0x20464eb2b80
[2025-05-23 15:04:53.860] [PSS] [info] [3128|24280]streaming_driver_interface_impl.cpp:87 SubmitViewFrames: submit view frames {view_texture_handles: 3221231170 view_texture_handles: 2147485058 pose { orientation { x: 0.0104729403 y: -0.00466294307 z: 0.0185477193 w: 0.999762237 } position { x: -0.0329061225 y: 2.06792331 z: -0.00461152056 } }}, this= 0x20464eb2b80
[2025-05-23 15:04:53.873] [PSS] [info] [3128|24280]streaming_driver_interface_impl.cpp:87 SubmitViewFrames: submit view frames {view_texture_handles: 3221231170 view_texture_handles: 2147485058 pose { orientation { x: 0.00985670835 y: -0.00464771921 z: 0.019149093 w: 0.99975729 } position { x: -0.0333323777 y: 2.06782246 z: -0.00497596245 } }}, this= 0x20464eb2b80
[2025-05-23 15:04:53.889] [PSS] [info] [3128|24280]streaming_driver_interface_impl.cpp:87 SubmitViewFrames: submit view frames {view_texture_handles: 3221231170 view_texture_handles: 2147485058 pose { orientation { x: 0.00917187799 y: -0.00473660463 z: 0.0198371783 w: 0.999749959 } position { x: -0.0337733291 y: 2.0677371 z: -0.00529213483 } }}, this= 0x20464eb2b80
[2025-05-23 15:04:53.902] [PSS] [info] [3128|24280]streaming_driver_interface_impl.cpp:87 SubmitViewFrames: submit view frames {view_texture_handles: 3221231170 view_texture_handles: 2147485058 pose { orientation { x: 0.00856683217 y: -0.00483936863 z: 0.0206036232 w: 0.999739349 } position { x: -0.0342297405 y: 2.06767082 z: -0.0056410064 } }}, this= 0x20464eb2b80
[2025-05-23 15:04:53.915] [PSS] [info] [3128|24280]streaming_driver_interface_impl.cpp:87 SubmitViewFrames: submit view frames {view_texture_handles: 3221231170 view_texture_handles: 2147485058 pose { orientation { x: 0.00793960877 y: -0.004851209 z: 0.0214177892 w: 0.999727368 } position { x: -0.0346264504 y: 2.06757474 z: -0.00597959617 } }}, this= 0x20464eb2b80
[2025-05-23 15:04:53.928] [PSS] [info] [3128|24280]streaming_driver_interface_impl.cpp:87 SubmitViewFrames: submit view frames {view_texture_handles: 3221231170 view_texture_handles: 2147485058 pose { orientation { x: 0.00735786278 y: -0.00489864685 z: 0.0220651925 w: 0.999717474 } position { x: -0.0350176468 y: 2.06749344 z: -0.00640267599 } }}, this= 0x20464eb2b80
[2025-05-23 15:04:53.945] [PSS] [info] [3128|24280]streaming_driver_interface_impl.cpp:87 SubmitViewFrames: submit view frames {view_texture_handles: 3221231170 view_texture_handles: 2147485058 pose { orientation { x: 0.00672936 y: -0.0048089386 z: 0.0224692915 w: 0.999713361 } position { x: -0.0353633612 y: 2.0674324 z: -0.00676759053 } }}, this= 0x20464eb2b80
[2025-05-23 15:04:53.958] [PSS] [info] [3128|24280]streaming_driver_interface_impl.cpp:87 SubmitViewFrames: submit view frames {view_texture_handles: 3221231170 view_texture_handles: 2147485058 pose { orientation { x: 0.00616641948 y: -0.00477967225 z: 0.0225541331 w: 0.999715209 } position { x: -0.03571143 y: 2.06742144 z: -0.00712089613 } }}, this= 0x20464eb2b80
[2025-05-23 15:04:53.971] [PSS] [info] [3128|24280]streaming_driver_interface_impl.cpp:87 SubmitViewFrames: submit view frames {view_texture_handles: 3221231170 view_texture_handles: 2147485058 pose { orientation { x: 0.00554078678 y: -0.00475861458 z: 0.0226278864 w: 0.999717295 } position { x: -0.0360714532 y: 2.06738949 z: -0.00741426973 } }}, this= 0x20464eb2b80
[2025-05-23 15:04:53.986] [PSS] [info] [3128|24280]streaming_driver_interface_impl.cpp:87 SubmitViewFrames: submit view frames {view_texture_handles: 3221231170 view_texture_handles: 2147485058 pose { orientation { x: 0.00477353064 y: -0.00485006953 z: 0.0229368396 w: 0.999713778 } position { x: -0.0364778303 y: 2.06739044 z: -0.00757647 } }}, this= 0x20464eb2b80
[2025-05-23 15:04:53.999] [PSS] [info] [3128|24280]streaming_driver_interface_impl.cpp:87 SubmitViewFrames: submit view frames {view_texture_handles: 3221231170 view_texture_handles: 2147485058 pose { orientation { x: 0.00387315196 y: -0.00473269 z: 0.0235331878 w: 0.999704421 } position { x: -0.03690641 y: 2.0674684 z: -0.00772998203 } }}, this= 0x20464eb2b80
[2025-05-23 15:04:54.015] [PSS] [info] [3128|24280]streaming_driver_interface_impl.cpp:87 SubmitViewFrames: submit view frames {view_texture_handles: 3221231170 view_texture_handles: 2147485058 pose { orientation { x: 0.00309410039 y: -0.00446939096 z: 0.0243959632 w: 0.999687612 } position { x: -0.0372256264 y: 2.06762218 z: -0.00782425515 } }}, this= 0x20464eb2b80
[2025-05-23 15:04:54.027] [PSS] [info] [3128|24280]streaming_driver_interface_impl.cpp:87 SubmitViewFrames: submit view frames {view_texture_handles: 3221231170 view_texture_handles: 2147485058 pose { orientation { x: 0.00243674708 y: -0.00429668743 z: 0.0258660708 w: 0.99965322 } position { x: -0.037573278 y: 2.06761789 z: -0.00792213343 } }}, this= 0x20464eb2b80
[2025-05-23 15:04:54.040] [PSS] [info] [3128|24280]streaming_driver_interface_impl.cpp:87 SubmitViewFrames: submit view frames {view_texture_handles: 3221231170 view_texture_handles: 2147485058 pose { orientation { x: 0.00167789601 y: -0.00399863347 z: 0.027027769 w: 0.999625325 } position { x: -0.0376685746 y: 2.06775355 z: -0.00796429906 } }}, this= 0x20464eb2b80
[2025-05-23 15:04:54.056] [PSS] [info] [3128|24280]streaming_driver_interface_impl.cpp:87 SubmitViewFrames: submit view frames {view_texture_handles: 3221231170 view_texture_handles: 2147485058 pose { orientation { x: 0.0011225011 y: -0.00390995853 z: 0.0279859416 w: 0.999600053 } position { x: -0.0377781093 y: 2.06791878 z: -0.00792376231 } }}, this= 0x20464eb2b80
[2025-05-23 15:04:54.068] [PSS] [info] [3128|24280]streaming_driver_interface_impl.cpp:87 SubmitViewFrames: submit view frames {view_texture_handles: 3221231170 view_texture_handles: 2147485058 pose { orientation { x: 0.00084336038 y: -0.00401503546 z: 0.0285359118 w: 0.999584377 } position { x: -0.0378602408 y: 2.06800961 z: -0.00795897655 } }}, this= 0x20464eb2b80
[2025-05-23 15:04:54.084] [PSS] [info] [3128|24280]streaming_driver_interface_impl.cpp:87 SubmitViewFrames: submit view frames {view_texture_handles: 3221231170 view_texture_handles: 2147485058 pose { orientation { x: 0.000787381257 y: -0.00427440787 z: 0.0290431511 w: 0.999568701 } position { x: -0.0378576182 y: 2.06792498 z: -0.00800041296 } }}, this= 0x20464eb2b80
[2025-05-23 15:04:54.097] [PSS] [info] [3128|24280]streaming_driver_interface_impl.cpp:87 SubmitViewFrames: submit view frames {view_texture_handles: 3221231170 view_texture_handles: 2147485058 pose { orientation { x: 0.00090650568 y: -0.00461021857 z: 0.0290507935 w: 0.999566913 } position { x: -0.0378462821 y: 2.06787133 z: -0.00797457714 } }}, this= 0x20464eb2b80
[2025-05-23 15:04:54.110] [PSS] [info] [3128|24280]streaming_driver_interface_impl.cpp:87 SubmitViewFrames: submit view frames {view_texture_handles: 3221231170 view_texture_handles: 2147485058 pose { orientation { x: 0.00117592863 y: -0.00491410075 z: 0.0285928585 w: 0.999578416 } position { x: -0.0378597118 y: 2.06782222 z: -0.00799412094 } }}, this= 0x20464eb2b80
[2025-05-23 15:04:54.125] [PSS] [info] [3128|24280]streaming_driver_interface_impl.cpp:87 SubmitViewFrames: submit view frames {view_texture_handles: 3221231170 view_texture_handles: 2147485058 pose { orientation { x: 0.00162539049 y: -0.00512185413 z: 0.0276737846 w: 0.999602556 } position { x: -0.0378597379 y: 2.06782126 z: -0.00804730877 } }}, this= 0x20464eb2b80
[2025-05-23 15:04:54.137] [PSS] [info] [3128|24280]streaming_driver_interface_impl.cpp:87 SubmitViewFrames: submit view frames {view_texture_handles: 3221231170 view_texture_handles: 2147485058 pose { orientation { x: 0.00214772625 y: -0.00511587 z: 0.0268547665 w: 0.999624 } position { x: -0.0378485061 y: 2.06784201 z: -0.00806373358 } }}, this= 0x20464eb2b80
[2025-05-23 15:04:54.152] [PSS] [info] [3128|24280]streaming_driver_interface_impl.cpp:87 SubmitViewFrames: submit view frames {view_texture_handles: 3221231170 view_texture_handles: 2147485058 pose { orientation { x: 0.00275841705 y: -0.00507797115 z: 0.0260152817 w: 0.999644876 } position { x: -0.0378270969 y: 2.0678196 z: -0.00805948395 } }}, this= 0x20464eb2b80
[2025-05-23 15:04:54.167] [PSS] [info] [3128|24280]streaming_driver_interface_impl.cpp:87 SubmitViewFrames: submit view frames {view_texture_handles: 3221231170 view_texture_handles: 2147485058 pose { orientation { x: 0.00333262281 y: -0.00487101683 z: 0.0255187191 w: 0.999657 } position { x: -0.0377963781 y: 2.06775284 z: -0.00797866471 } }}, this= 0x20464eb2b80
[2025-05-23 15:04:54.179] [PSS] [info] [3128|24280]streaming_driver_interface_impl.cpp:87 SubmitViewFrames: submit view frames {view_texture_handles: 3221231170 view_texture_handles: 2147485058 pose { orientation { x: 0.00378603535 y: -0.00490150973 z: 0.0250368509 w: 0.999667346 } position { x: -0.0377454422 y: 2.06768608 z: -0.00785121322 } }}, this= 0x20464eb2b80
[2025-05-23 15:04:54.204] [PSS] [info] [3128|24280]streaming_driver_interface_impl.cpp:87 SubmitViewFrames: submit view frames {view_texture_handles: 3221231170 view_texture_handles: 2147485058 pose { orientation { x: 0.0044139293 y: -0.00494196732 z: 0.0249267034 w: 0.999667346 } position { x: -0.0374841839 y: 2.06767797 z: -0.00759304874 } }}, this= 0x20464eb2b80
[2025-05-23 15:04:54.208] [PSS] [info] [3128|24280]streaming_driver_interface_impl.cpp:87 SubmitViewFrames: submit view frames {view_texture_handles: 3221231170 view_texture_handles: 2147485058 pose { orientation { x: 0.0044139293 y: -0.00494196732 z: 0.0249267034 w: 0.999667346 } position { x: -0.0374841839 y: 2.06767797 z: -0.00759304874 } }}, this= 0x20464eb2b80
[2025-05-23 15:04:54.224] [PSS] [info] [3128|24280]streaming_driver_interface_impl.cpp:87 SubmitViewFrames: submit view frames {view_texture_handles: 3221231170 view_texture_handles: 2147485058 pose { orientation { x: 0.00466665067 y: -0.00496114697 z: 0.0252349898 w: 0.999658346 } position { x: -0.0372026786 y: 2.06779075 z: -0.00750492746 } }}, this= 0x20464eb2b80
[2025-05-23 15:04:54.236] [PSS] [info] [3128|24280]streaming_driver_interface_impl.cpp:87 SubmitViewFrames: submit view frames {view_texture_handles: 3221231170 view_texture_handles: 2147485058 pose { orientation { x: 0.00516559836 y: -0.0052292035 z: 0.0252456032 w: 0.999654293 } position { x: -0.0368832536 y: 2.06794381 z: -0.007492 } }}, this= 0x20464eb2b80
[2025-05-23 15:04:54.251] [PSS] [info] [3128|24280]streaming_driver_interface_impl.cpp:87 SubmitViewFrames: submit view frames {view_texture_handles: 3221231170 view_texture_handles: 2147485058 pose { orientation { x: 0.00573997106 y: -0.00554786157 z: 0.0251101553 w: 0.999652863 } position { x: -0.0366360806 y: 2.06791544 z: -0.00745870406 } }}, this= 0x20464eb2b80
[2025-05-23 15:04:54.263] [PSS] [info] [3128|24280]streaming_driver_interface_impl.cpp:87 SubmitViewFrames: submit view frames {view_texture_handles: 3221231170 view_texture_handles: 2147485058 pose { orientation { x: 0.00617680326 y: -0.00568001345 z: 0.024828421 w: 0.999656558 } position { x: -0.0364861079 y: 2.06787753 z: -0.00746645406 } }}, this= 0x20464eb2b80
[2025-05-23 15:04:54.280] [PSS] [info] [3128|19824]streaming_driver_interface_impl.cpp:55 StopStreaming: stop streaming, session_id= HSqbl7J2, this= 0x20464eb2b80
[2025-05-23 15:04:54.280] [PSS] [info] [3128|19824]streaming_driver_interface_impl.cpp:222 StopHandTracking: stop hand tracking, this= 0x20464eb2b80
[2025-05-23 15:04:54.280] [PSS] [info] [3128|19824]streaming_driver_interface_impl.cpp:34 DisconnectFromService: disconnect from service, client_id= V2zmEy6ZJH2amSVa, this= 0x20464eb2b80
[2025-05-23 15:04:54.280] [PSS] [info] [3128|19824]streaming_client_impl.cpp:37 DisconnectFromService: disconnect from service, this= 0x203b7647840
[2025-05-23 15:04:54.280] [PSS] [debug] [3128|23000]streaming_client_impl.cpp:175 InvokeDisconnectFromService: disconnect from service, this= 0x203b7647840
[2025-05-23 15:04:54.280] [PSS] [debug] [3128|23000]streaming_client_impl.cpp:253 HandleDisconnectFromServiceResp: disconnect response {}, this= 0x203b7647840
[2025-05-23 15:04:54.280] [PSS] [debug] [3128|23000]transport_client_tcp3.cpp:79 Stop: called, this= 0x20478de7880
[2025-05-23 15:04:54.280] [PSS] [debug] [3128|23000]transport_client_tcp3.cpp:79 Stop: called, this= 0x20478de7880
[2025-05-23 15:04:54.280] [PSS] [debug] [3128|23000]streaming_client_impl.cpp:194 InvokeDisconnectFromService: disconnect from service, {client_id: "V2zmEy6ZJH2amSVa"}, this= 0x203b7647840
[2025-05-23 15:04:54.280] [PSS] [info] [3128|19824]streaming_client_impl.cpp:44 DisconnectFromService: disconnect from service completed, this= 0x203b7647840
[2025-05-23 15:04:54.281] [PSS] [debug] [3128|2856]transport_client_tcp3.cpp:190 operator (): close socket
[2025-05-23 15:04:54.281] [PSS] [error] [3128|2856]transport_client_tcp3.cpp:210 HandleReceiveDataResult: receive error= 1236, msg= 由本地系统中止网络连接。
[2025-05-23 15:04:54.281] [PSS] [error] [3128|2856]transport_client_tcp3.cpp:157 HandleAsyncError: error code: 1236, this= 0x20478de7880
[2025-05-23 15:04:54.281] [PSS] [error] [3128|2856]transport_client_tcp3.cpp:102 ReceiveDataLoop: "not connected", !running_, this= 0x20478de7880
